{
  "add": {
    "delta": {
      "min": 0.0019999630749225616,
      "max": -3.4727999977767467,
      "average": -0.006566999174654475
    },
    "v1.4.0": {
      "min": 0.03389996290206909,
      "max": 0.5406000018119812,
      "average": 0.06497340083122254
    },
    "v1.3.0": {
      "min": 0.03189999982714653,
      "max": 4.013399999588728,
      "average": 0.07154040000587701
    }
  },
  "bulkDocs": {
    "delta": {
      "min": -0.10140000283718109,
      "max": -8.320399969816208,
      "average": -4.2108999863266945
    },
    "v1.4.0": {
      "min": 14.595899999141693,
      "max": 85.87160003185272,
      "average": 50.23375001549721
    },
    "v1.3.0": {
      "min": 14.697300001978874,
      "max": 94.19200000166893,
      "average": 54.4446500018239
    }
  },
  "saveChanges": {
    "delta": {
      "min": 0.26579996570944786,
      "max": -9.09079996496439,
      "average": -4.412499999627471
    },
    "v1.4.0": {
      "min": 32.11509996652603,
      "max": 87.20170003175735,
      "average": 59.65839999914169
    },
    "v1.3.0": {
      "min": 31.849300000816584,
      "max": 96.29249999672174,
      "average": 64.07089999876916
    }
  },
  "optimize": {
    "delta": {
      "min": -51.56190000474453,
      "max": -51.56190000474453,
      "average": -51.56190000474453
    },
    "v1.4.0": {
      "min": 535.7240999937057,
      "max": 535.7240999937057,
      "average": 535.7240999937057
    },
    "v1.3.0": {
      "min": 587.2859999984503,
      "max": 587.2859999984503,
      "average": 587.2859999984503
    }
  },
  "all": {
    "delta": {
      "min": -1.5246000066399574,
      "max": -1.5246000066399574,
      "average": -1.5246000066399574
    },
    "v1.4.0": {
      "min": 73.20289999246597,
      "max": 73.20289999246597,
      "average": 73.20289999246597
    },
    "v1.3.0": {
      "min": 74.72749999910593,
      "max": 74.72749999910593,
      "average": 74.72749999910593
    }
  },
  "remove": {
    "delta": {
      "min": -0.09099999070167542,
      "max": -0.09099999070167542,
      "average": -0.09099999070167542
    },
    "v1.4.0": {
      "min": 0.12110000848770142,
      "max": 0.12110000848770142,
      "average": 0.12110000848770142
    },
    "v1.3.0": {
      "min": 0.21209999918937683,
      "max": 0.21209999918937683,
      "average": 0.21209999918937683
    }
  }
}