{
  "add": {
    "delta": {
      "min": -0.01490003988146782,
      "max": -0.01490003988146782,
      "average": -0.01490003988146782
    },
    "v1.4.0": {
      "min": 0.2019999623298645,
      "max": 0.2019999623298645,
      "average": 0.2019999623298645
    },
    "v1.3.0": {
      "min": 0.21690000221133232,
      "max": 0.21690000221133232,
      "average": 0.21690000221133232
    }
  },
  "bulkDocs": {
    "delta": {
      "min": 0.07970000058412552,
      "max": 0.07970000058412552,
      "average": 0.07970000058412552
    },
    "v1.4.0": {
      "min": 9.564300000667572,
      "max": 9.564300000667572,
      "average": 9.564300000667572
    },
    "v1.3.0": {
      "min": 9.484600000083447,
      "max": 9.484600000083447,
      "average": 9.484600000083447
    }
  },
  "saveChanges": {
    "delta": {
      "min": -0.03539998084306717,
      "max": -0.03539998084306717,
      "average": -0.03539998084306717
    },
    "v1.4.0": {
      "min": 9.753700017929077,
      "max": 9.753700017929077,
      "average": 9.753700017929077
    },
    "v1.3.0": {
      "min": 9.789099998772144,
      "max": 9.789099998772144,
      "average": 9.789099998772144
    }
  }
}