{
  "add": {
    "delta": {
      "min": -0.002600010484457016,
      "max": -11.088600002229214,
      "average": -0.2525504798711278
    },
    "v1.4.0": {
      "min": 0.033699989318847656,
      "max": 132.55099999904633,
      "average": 1.2033607101351023
    },
    "v1.3.0": {
      "min": 0.03629999980330467,
      "max": 143.63960000127554,
      "average": 1.45591119000623
    }
  },
  "bulkDocs": {
    "delta": {
      "min": -108.79979999735951,
      "max": -1349.1028999984264,
      "average": -728.951349997893
    },
    "v1.4.0": {
      "min": 699.6796000003815,
      "max": 7498.3046000003815,
      "average": 4098.9921000003815
    },
    "v1.3.0": {
      "min": 808.479399997741,
      "max": 8847.407499998808,
      "average": 4827.943449998274
    }
  },
  "saveChanges": {
    "delta": {
      "min": -111.03300001099706,
      "max": -1355.2001000195742,
      "average": -733.1165500152856
    },
    "v1.4.0": {
      "min": 723.252799987793,
      "max": 7573.172299981117,
      "average": 4148.212549984455
    },
    "v1.3.0": {
      "min": 834.28579999879,
      "max": 8928.372400000691,
      "average": 4881.329099999741
    }
  },
  "optimize": {
    "delta": {
      "min": -2990.919000007212,
      "max": -2990.919000007212,
      "average": -2990.919000007212
    },
    "v1.4.0": {
      "min": 21492.626399993896,
      "max": 21492.626399993896,
      "average": 21492.626399993896
    },
    "v1.3.0": {
      "min": 24483.54540000111,
      "max": 24483.54540000111,
      "average": 24483.54540000111
    }
  },
  "all": {
    "delta": {
      "min": -162.8767000027001,
      "max": -223.9952999688685,
      "average": -212.78197499737144
    },
    "v1.4.0": {
      "min": 1718.6080999970436,
      "max": 1851.4463000297546,
      "average": 1773.5637750029564
    },
    "v1.3.0": {
      "min": 1881.4847999997437,
      "max": 2075.441599998623,
      "average": 1986.3457500003278
    }
  },
  "remove": {
    "delta": {
      "min": -21.440099991858006,
      "max": -57.726099975407124,
      "average": -58.82894999161363
    },
    "v1.4.0": {
      "min": 141.9142000079155,
      "max": 958.4423000216484,
      "average": 545.0105500072241
    },
    "v1.3.0": {
      "min": 163.3542999997735,
      "max": 1016.1683999970555,
      "average": 603.8394999988377
    }
  },
  "empty": {
    "delta": {
      "min": -181.96289998292923,
      "max": -281.4873999468982,
      "average": -271.5661999778822
    },
    "v1.4.0": {
      "min": 1863.056500017643,
      "max": 2810.17560005188,
      "average": 2318.7082000225782
    },
    "v1.3.0": {
      "min": 2045.0194000005722,
      "max": 3091.662999998778,
      "average": 2590.2744000004604
    }
  }
}