{
  "add": {
    "delta": {
      "min": -0.06260000541806221,
      "max": -0.06260000541806221,
      "average": -0.06260000541806221
    },
    "v1.4.0": {
      "min": 0.1062999963760376,
      "max": 0.1062999963760376,
      "average": 0.1062999963760376
    },
    "v1.3.0": {
      "min": 0.1689000017940998,
      "max": 0.1689000017940998,
      "average": 0.1689000017940998
    }
  },
  "bulkDocs": {
    "delta": {
      "min": -0.8002000153064728,
      "max": -0.5838999971747398,
      "average": -0.6920500062406063
    },
    "v1.4.0": {
      "min": 9.241999983787537,
      "max": 11.157700002193451,
      "average": 10.199849992990494
    },
    "v1.3.0": {
      "min": 10.04219999909401,
      "max": 11.74159999936819,
      "average": 10.8918999992311
    }
  },
  "saveChanges": {
    "delta": {
      "min": -0.84859998524189,
      "max": -0.6238999702036381,
      "average": -0.736249977722764
    },
    "v1.4.0": {
      "min": 9.438300013542175,
      "max": 11.393500030040741,
      "average": 10.415900021791458
    },
    "v1.3.0": {
      "min": 10.286899998784065,
      "max": 12.017400000244379,
      "average": 11.152149999514222
    }
  },
  "first": {
    "delta": {
      "min": 0.678500022739172,
      "max": 0.678500022739172,
      "average": 0.678500022739172
    },
    "v1.4.0": {
      "min": 16.39920002222061,
      "max": 16.39920002222061,
      "average": 16.39920002222061
    },
    "v1.3.0": {
      "min": 15.72069999948144,
      "max": 15.72069999948144,
      "average": 15.72069999948144
    }
  }
}