{
  "add": {
    "delta": {
      "min": -0.17820001766085625,
      "max": -0.17820001766085625,
      "average": -0.17820001766085625
    },
    "v1.4.0": {
      "min": 0.16009998321533203,
      "max": 0.16009998321533203,
      "average": 0.16009998321533203
    },
    "v1.3.0": {
      "min": 0.3383000008761883,
      "max": 0.3383000008761883,
      "average": 0.3383000008761883
    }
  },
  "bulkDocs": {
    "delta": {
      "min": -2.036599949002266,
      "max": -1.7072000205516815,
      "average": -1.8718999847769737
    },
    "v1.4.0": {
      "min": 8.65800005197525,
      "max": 13.448499977588654,
      "average": 11.053250014781952
    },
    "v1.3.0": {
      "min": 10.694600000977516,
      "max": 15.155699998140335,
      "average": 12.925149999558926
    }
  },
  "saveChanges": {
    "delta": {
      "min": -0.15370002016425133,
      "max": -1.7088000364601612,
      "average": -0.9312500283122063
    },
    "v1.4.0": {
      "min": 10.819199979305267,
      "max": 13.664299964904785,
      "average": 12.241749972105026
    },
    "v1.3.0": {
      "min": 10.972899999469519,
      "max": 15.373100001364946,
      "average": 13.173000000417233
    }
  },
  "remove": {
    "delta": {
      "min": -0.010300014168024063,
      "max": -0.010300014168024063,
      "average": -0.010300014168024063
    },
    "v1.4.0": {
      "min": 0.2807999849319458,
      "max": 0.2807999849319458,
      "average": 0.2807999849319458
    },
    "v1.3.0": {
      "min": 0.29109999909996986,
      "max": 0.29109999909996986,
      "average": 0.29109999909996986
    }
  }
}