{
  "add": {
    "delta": {
      "min": 0.001599978655576706,
      "max": -5.1294999942183495,
      "average": -0.2438306799749843
    },
    "v1.4.0": {
      "min": 0.030399978160858154,
      "max": 8.546000003814697,
      "average": 1.553977295023203
    },
    "v1.3.0": {
      "min": 0.02879999950528145,
      "max": 13.675499998033047,
      "average": 1.7978079749981872
    }
  },
  "bulkDocs": {
    "delta": {
      "min": -2.24980004504323,
      "max": -1297.5849999785423,
      "average": -649.9174000117928
    },
    "v1.4.0": {
      "min": 16.206999957561493,
      "max": 7338.091000020504,
      "average": 3677.1489999890327
    },
    "v1.3.0": {
      "min": 18.456800002604723,
      "max": 8635.675999999046,
      "average": 4327.0664000008255
    }
  },
  "saveChanges": {
    "delta": {
      "min": -6.896399982273579,
      "max": -1311.13800002262,
      "average": -659.0172000024468
    },
    "v1.4.0": {
      "min": 40.44660001993179,
      "max": 7430.442399978638,
      "average": 3735.4444999992847
    },
    "v1.3.0": {
      "min": 47.34300000220537,
      "max": 8741.580400001258,
      "average": 4394.4617000017315
    }
  },
  "optimize": {
    "delta": {
      "min": -3297.579000003636,
      "max": -3297.579000003636,
      "average": -3297.579000003636
    },
    "v1.4.0": {
      "min": 21491.21549999714,
      "max": 21491.21549999714,
      "average": 21491.21549999714
    },
    "v1.3.0": {
      "min": 24788.794500000775,
      "max": 24788.794500000775,
      "average": 24788.794500000775
    }
  }
}