{
  "add": {
    "delta": {
      "min": -0.004300031810998917,
      "max": 1.051299974322319,
      "average": -0.0007401011809706759
    },
    "v1.4.0": {
      "min": 0.04039996862411499,
      "max": 2.6973999738693237,
      "average": 0.07617819881439208
    },
    "v1.3.0": {
      "min": 0.04470000043511391,
      "max": 1.6460999995470047,
      "average": 0.07691829999536276
    }
  },
  "bulkDocs": {
    "delta": {
      "min": 0.18589997291564941,
      "max": -0.5286000147461891,
      "average": -0.17135002091526985
    },
    "v1.4.0": {
      "min": 14.20169997215271,
      "max": 93.25169998407364,
      "average": 53.726699978113174
    },
    "v1.3.0": {
      "min": 14.01579999923706,
      "max": 93.78029999881983,
      "average": 53.898049999028444
    }
  },
  "saveChanges": {
    "delta": {
      "min": 0.5134999938309193,
      "max": -2.5005999989807606,
      "average": -0.9935500025749207
    },
    "v1.4.0": {
      "min": 15.10699999332428,
      "max": 94.56610000133514,
      "average": 54.83654999732971
    },
    "v1.3.0": {
      "min": 14.59349999949336,
      "max": 97.0667000003159,
      "average": 55.83009999990463
    }
  },
  "optimize": {
    "delta": {
      "min": -3.173999957740307,
      "max": -3.173999957740307,
      "average": -3.173999957740307
    },
    "v1.4.0": {
      "min": 534.1583000421524,
      "max": 534.1583000421524,
      "average": 534.1583000421524
    },
    "v1.3.0": {
      "min": 537.3322999998927,
      "max": 537.3322999998927,
      "average": 537.3322999998927
    }
  }
}