{
  "add": {
    "delta": {
      "min": -0.0037000030279159546,
      "max": 3.11439998075366,
      "average": -0.007910799235105515
    },
    "v1.4.0": {
      "min": 0.03229999542236328,
      "max": 3.490899980068207,
      "average": 0.06776150065660477
    },
    "v1.3.0": {
      "min": 0.035999998450279236,
      "max": 0.3764999993145466,
      "average": 0.07567229989171029
    }
  },
  "bulkDocs": {
    "delta": {
      "min": -1.8947000280022621,
      "max": -75.98530002310872,
      "average": -38.94000002555549
    },
    "v1.4.0": {
      "min": 12.822399973869324,
      "max": 94.3798999786377,
      "average": 53.60114997625351
    },
    "v1.3.0": {
      "min": 14.717100001871586,
      "max": 170.36520000174642,
      "average": 92.541150001809
    }
  },
  "saveChanges": {
    "delta": {
      "min": -1.9594999700784683,
      "max": -75.95179995521903,
      "average": -38.95564996264875
    },
    "v1.4.0": {
      "min": 13.354700028896332,
      "max": 95.66550004482269,
      "average": 54.51010003685951
    },
    "v1.3.0": {
      "min": 15.3141999989748,
      "max": 171.61730000004172,
      "average": 93.46574999950826
    }
  },
  "optimize": {
    "delta": {
      "min": -73.69099995866418,
      "max": -73.69099995866418,
      "average": -73.69099995866418
    },
    "v1.4.0": {
      "min": 561.5868000388145,
      "max": 561.5868000388145,
      "average": 561.5868000388145
    },
    "v1.3.0": {
      "min": 635.2777999974787,
      "max": 635.2777999974787,
      "average": 635.2777999974787
    }
  },
  "all": {
    "delta": {
      "min": -7.317299984395504,
      "max": -7.317299984395504,
      "average": -7.317299984395504
    },
    "v1.4.0": {
      "min": 76.61000001430511,
      "max": 76.61000001430511,
      "average": 76.61000001430511
    },
    "v1.3.0": {
      "min": 83.92729999870062,
      "max": 83.92729999870062,
      "average": 83.92729999870062
    }
  }
}