{
  "add": {
    "delta": {
      "min": -0.0004999786615371704,
      "max": -3.8981000147759914,
      "average": -0.15730158761637303
    },
    "v1.4.0": {
      "min": 0.032100021839141846,
      "max": 137.40329998731613,
      "average": 1.695664407390356
    },
    "v1.3.0": {
      "min": 0.032600000500679016,
      "max": 141.30140000209212,
      "average": 1.852965995006729
    }
  },
  "bulkDocs": {
    "delta": {
      "min": 347.45630003884435,
      "max": 347.45630003884435,
      "average": 347.45630003884435
    },
    "v1.4.0": {
      "min": 8104.264600038528,
      "max": 8104.264600038528,
      "average": 8104.264600038528
    },
    "v1.3.0": {
      "min": 7756.808299999684,
      "max": 7756.808299999684,
      "average": 7756.808299999684
    }
  },
  "saveChanges": {
    "delta": {
      "min": 340.02800004929304,
      "max": 340.02800004929304,
      "average": 340.02800004929304
    },
    "v1.4.0": {
      "min": 8188.612000048161,
      "max": 8188.612000048161,
      "average": 8188.612000048161
    },
    "v1.3.0": {
      "min": 7848.5839999988675,
      "max": 7848.5839999988675,
      "average": 7848.5839999988675
    }
  },
  "optimize": {
    "delta": {
      "min": -138.67029998824,
      "max": -138.67029998824,
      "average": -138.67029998824
    },
    "v1.4.0": {
      "min": 23377.006900012493,
      "max": 23377.006900012493,
      "average": 23377.006900012493
    },
    "v1.3.0": {
      "min": 23515.677200000733,
      "max": 23515.677200000733,
      "average": 23515.677200000733
    }
  },
  "all": {
    "delta": {
      "min": 30.563899971544743,
      "max": 30.563899971544743,
      "average": 30.563899971544743
    },
    "v1.4.0": {
      "min": 1889.5378999710083,
      "max": 1889.5378999710083,
      "average": 1889.5378999710083
    },
    "v1.3.0": {
      "min": 1858.9739999994636,
      "max": 1858.9739999994636,
      "average": 1858.9739999994636
    }
  },
  "get": {
    "delta": {
      "min": 18.862900011241436,
      "max": 18.862900011241436,
      "average": 18.862900011241436
    },
    "v1.4.0": {
      "min": 361.13190001249313,
      "max": 361.13190001249313,
      "average": 361.13190001249313
    },
    "v1.3.0": {
      "min": 342.2690000012517,
      "max": 342.2690000012517,
      "average": 342.2690000012517
    }
  }
}