{
  "add": {
    "delta": {
      "min": -0.0037000030279159546,
      "max": -0.44439996778964996,
      "average": -0.01552750014141202
    },
    "v1.4.0": {
      "min": 0.03519999980926514,
      "max": 2.8515000343322754,
      "average": 0.0658581998348236
    },
    "v1.3.0": {
      "min": 0.03890000283718109,
      "max": 3.2959000021219254,
      "average": 0.08138569997623563
    }
  },
  "bulkDocs": {
    "delta": {
      "min": -1.7804000228643417,
      "max": -9.054400000721216,
      "average": -5.417400011792779
    },
    "v1.4.0": {
      "min": 13.371999979019165,
      "max": 95.5097000002861,
      "average": 54.440849989652634
    },
    "v1.3.0": {
      "min": 15.152400001883507,
      "max": 104.56410000100732,
      "average": 59.85825000144541
    }
  },
  "saveChanges": {
    "delta": {
      "min": -1.3671000227332115,
      "max": -9.914899967610836,
      "average": -5.640999995172024
    },
    "v1.4.0": {
      "min": 14.490899980068207,
      "max": 97.09790003299713,
      "average": 55.79440000653267
    },
    "v1.3.0": {
      "min": 15.858000002801418,
      "max": 107.01280000060797,
      "average": 61.43540000170469
    }
  },
  "optimize": {
    "delta": {
      "min": -135.03579998761415,
      "max": -135.03579998761415,
      "average": -135.03579998761415
    },
    "v1.4.0": {
      "min": 564.1495000123978,
      "max": 564.1495000123978,
      "average": 564.1495000123978
    },
    "v1.3.0": {
      "min": 699.1853000000119,
      "max": 699.1853000000119,
      "average": 699.1853000000119
    }
  },
  "all": {
    "delta": {
      "min": -15.302200004458427,
      "max": -15.302200004458427,
      "average": -15.302200004458427
    },
    "v1.4.0": {
      "min": 70.95579999685287,
      "max": 70.95579999685287,
      "average": 70.95579999685287
    },
    "v1.3.0": {
      "min": 86.2580000013113,
      "max": 86.2580000013113,
      "average": 86.2580000013113
    }
  },
  "remove": {
    "delta": {
      "min": 0.045100048184394836,
      "max": 0.045100048184394836,
      "average": 0.045100048184394836
    },
    "v1.4.0": {
      "min": 0.17090004682540894,
      "max": 0.17090004682540894,
      "average": 0.17090004682540894
    },
    "v1.3.0": {
      "min": 0.1257999986410141,
      "max": 0.1257999986410141,
      "average": 0.1257999986410141
    }
  }
}