{
  "add": {
    "delta": {
      "min": -0.0031000152230262756,
      "max": -11.254799988120794,
      "average": -0.12738405740670844
    },
    "v1.4.0": {
      "min": 0.03259998559951782,
      "max": 156.37470000982285,
      "average": 1.5543752775877715
    },
    "v1.3.0": {
      "min": 0.0357000008225441,
      "max": 167.62949999794364,
      "average": 1.68175933499448
    }
  },
  "bulkDocs": {
    "delta": {
      "min": -6.113499999046326,
      "max": -624.2948999963701,
      "average": -315.2041999977082
    },
    "v1.4.0": {
      "min": 760.0819000005722,
      "max": 7483.29240000248,
      "average": 4121.687150001526
    },
    "v1.3.0": {
      "min": 766.1953999996185,
      "max": 8107.58729999885,
      "average": 4436.891349999234
    }
  },
  "saveChanges": {
    "delta": {
      "min": -98.68530000373721,
      "max": -623.0117000006139,
      "average": -360.84850000217557
    },
    "v1.4.0": {
      "min": 1921.477699995041,
      "max": 7563.044900000095,
      "average": 4742.261299997568
    },
    "v1.3.0": {
      "min": 2020.162999998778,
      "max": 8186.056600000709,
      "average": 5103.109799999744
    }
  },
  "optimize": {
    "delta": {
      "min": -1890.5474000163376,
      "max": -1890.5474000163376,
      "average": -1890.5474000163376
    },
    "v1.4.0": {
      "min": 21558.181299984455,
      "max": 21558.181299984455,
      "average": 21558.181299984455
    },
    "v1.3.0": {
      "min": 23448.728700000793,
      "max": 23448.728700000793,
      "average": 23448.728700000793
    }
  },
  "all": {
    "delta": {
      "min": -62.85669997707009,
      "max": -112.35409996658564,
      "average": -124.15054999571294
    },
    "v1.4.0": {
      "min": 1745.8543000221252,
      "max": 1886.7265000343323,
      "average": 1804.9641000032425
    },
    "v1.3.0": {
      "min": 1808.7109999991953,
      "max": 1999.080600000918,
      "average": 1929.1146499989554
    }
  },
  "remove": {
    "delta": {
      "min": -4.4273999966681,
      "max": -12.16779999807477,
      "average": -11.296899998560548
    },
    "v1.4.0": {
      "min": 32.61280000209808,
      "max": 169.92960000038147,
      "average": 99.30200000107288
    },
    "v1.3.0": {
      "min": 37.040199998766184,
      "max": 182.09739999845624,
      "average": 110.59889999963343
    }
  }
}