{
  "add": {
    "delta": {
      "min": -0.0010000281035900116,
      "max": -0.383799958974123,
      "average": 0.005196000069379814
    },
    "v1.4.0": {
      "min": 0.03249996900558472,
      "max": 0.24700003862380981,
      "average": 0.06918110007047654
    },
    "v1.3.0": {
      "min": 0.03349999710917473,
      "max": 0.6307999975979328,
      "average": 0.06398510000109672
    }
  },
  "bulkDocs": {
    "delta": {
      "min": -7.511199973523617,
      "max": -7.511199973523617,
      "average": -7.511199973523617
    },
    "v1.4.0": {
      "min": 95.51920002698898,
      "max": 95.51920002698898,
      "average": 95.51920002698898
    },
    "v1.3.0": {
      "min": 103.0304000005126,
      "max": 103.0304000005126,
      "average": 103.0304000005126
    }
  },
  "saveChanges": {
    "delta": {
      "min": -1.7558999918401241,
      "max": -1.7558999918401241,
      "average": -1.7558999918401241
    },
    "v1.4.0": {
      "min": 103.26190000772476,
      "max": 103.26190000772476,
      "average": 103.26190000772476
    },
    "v1.3.0": {
      "min": 105.01779999956489,
      "max": 105.01779999956489,
      "average": 105.01779999956489
    }
  },
  "optimize": {
    "delta": {
      "min": -76.62120003253222,
      "max": -76.62120003253222,
      "average": -76.62120003253222
    },
    "v1.4.0": {
      "min": 523.8790999650955,
      "max": 523.8790999650955,
      "average": 523.8790999650955
    },
    "v1.3.0": {
      "min": 600.5002999976277,
      "max": 600.5002999976277,
      "average": 600.5002999976277
    }
  },
  "all": {
    "delta": {
      "min": 3.816299993544817,
      "max": 3.816299993544817,
      "average": 3.816299993544817
    },
    "v1.4.0": {
      "min": 75.1414999961853,
      "max": 75.1414999961853,
      "average": 75.1414999961853
    },
    "v1.3.0": {
      "min": 71.32520000264049,
      "max": 71.32520000264049,
      "average": 71.32520000264049
    }
  },
  "get": {
    "delta": {
      "min": -1.2960000187158585,
      "max": -1.2960000187158585,
      "average": -1.2960000187158585
    },
    "v1.4.0": {
      "min": 21.855499982833862,
      "max": 21.855499982833862,
      "average": 21.855499982833862
    },
    "v1.3.0": {
      "min": 23.15150000154972,
      "max": 23.15150000154972,
      "average": 23.15150000154972
    }
  }
}