{
  "add": {
    "delta": {
      "min": -0.0001999884843826294,
      "max": 1.3018000535666943,
      "average": 0.06326472242586312
    },
    "v1.4.0": {
      "min": 0.03420001268386841,
      "max": 154.4335000514984,
      "average": 1.4280943324238062
    },
    "v1.3.0": {
      "min": 0.03440000116825104,
      "max": 153.13169999793172,
      "average": 1.3648296099979431
    }
  },
  "bulkDocs": {
    "delta": {
      "min": -726.7714999951422,
      "max": -726.7714999951422,
      "average": -726.7714999951422
    },
    "v1.4.0": {
      "min": 7446.644800007343,
      "max": 7446.644800007343,
      "average": 7446.644800007343
    },
    "v1.3.0": {
      "min": 8173.4163000024855,
      "max": 8173.4163000024855,
      "average": 8173.4163000024855
    }
  },
  "saveChanges": {
    "delta": {
      "min": -717.2849999964237,
      "max": -717.2849999964237,
      "average": -717.2849999964237
    },
    "v1.4.0": {
      "min": 7527.981700003147,
      "max": 7527.981700003147,
      "average": 7527.981700003147
    },
    "v1.3.0": {
      "min": 8245.26669999957,
      "max": 8245.26669999957,
      "average": 8245.26669999957
    }
  },
  "optimize": {
    "delta": {
      "min": -1841.2430000081658,
      "max": -1841.2430000081658,
      "average": -1841.2430000081658
    },
    "v1.4.0": {
      "min": 21532.15189999342,
      "max": 21532.15189999342,
      "average": 21532.15189999342
    },
    "v1.3.0": {
      "min": 23373.394900001585,
      "max": 23373.394900001585,
      "average": 23373.394900001585
    }
  },
  "all": {
    "delta": {
      "min": -68.27610003948212,
      "max": -68.27610003948212,
      "average": -68.27610003948212
    },
    "v1.4.0": {
      "min": 1841.6060999631882,
      "max": 1841.6060999631882,
      "average": 1841.6060999631882
    },
    "v1.3.0": {
      "min": 1909.8822000026703,
      "max": 1909.8822000026703,
      "average": 1909.8822000026703
    }
  }
}