{
  "add": {
    "delta": {
      "min": 0.00009998306632041931,
      "max": -0.08000003546476364,
      "average": -0.0026820990666747008
    },
    "v1.4.0": {
      "min": 0.03329998254776001,
      "max": 3.9979999661445618,
      "average": 0.07051600086688996
    },
    "v1.3.0": {
      "min": 0.03319999948143959,
      "max": 4.078000001609325,
      "average": 0.07319809993356466
    }
  },
  "bulkDocs": {
    "delta": {
      "min": -2.456100009381771,
      "max": -2.456100009381771,
      "average": -2.456100009381771
    },
    "v1.4.0": {
      "min": 95.44569998979568,
      "max": 95.44569998979568,
      "average": 95.44569998979568
    },
    "v1.3.0": {
      "min": 97.90179999917746,
      "max": 97.90179999917746,
      "average": 97.90179999917746
    }
  },
  "saveChanges": {
    "delta": {
      "min": -2.1288000233471394,
      "max": -2.1288000233471394,
      "average": -2.1288000233471394
    },
    "v1.4.0": {
      "min": 96.95099997520447,
      "max": 96.95099997520447,
      "average": 96.95099997520447
    },
    "v1.3.0": {
      "min": 99.07979999855161,
      "max": 99.07979999855161,
      "average": 99.07979999855161
    }
  },
  "optimize": {
    "delta": {
      "min": 32.58430004119873,
      "max": 32.58430004119873,
      "average": 32.58430004119873
    },
    "v1.4.0": {
      "min": 632.1231000423431,
      "max": 632.1231000423431,
      "average": 632.1231000423431
    },
    "v1.3.0": {
      "min": 599.5388000011444,
      "max": 599.5388000011444,
      "average": 599.5388000011444
    }
  },
  "all": {
    "delta": {
      "min": -4.057500001043081,
      "max": -4.057500001043081,
      "average": -4.057500001043081
    },
    "v1.4.0": {
      "min": 74.68389999866486,
      "max": 74.68389999866486,
      "average": 74.68389999866486
    },
    "v1.3.0": {
      "min": 78.74139999970794,
      "max": 78.74139999970794,
      "average": 78.74139999970794
    }
  }
}