{
  "add": {
    "delta": {
      "min": 0.00019997358322143555,
      "max": 0.745700042694807,
      "average": 0.005008400697261092
    },
    "v1.4.0": {
      "min": 0.034699976444244385,
      "max": 4.24810004234314,
      "average": 0.07994780069589615
    },
    "v1.3.0": {
      "min": 0.03450000286102295,
      "max": 3.5023999996483326,
      "average": 0.07493939999863505
    }
  },
  "bulkDocs": {
    "delta": {
      "min": -3.5770000144839287,
      "max": -3.5770000144839287,
      "average": -3.5770000144839287
    },
    "v1.4.0": {
      "min": 100.8396999835968,
      "max": 100.8396999835968,
      "average": 100.8396999835968
    },
    "v1.3.0": {
      "min": 104.41669999808073,
      "max": 104.41669999808073,
      "average": 104.41669999808073
    }
  },
  "saveChanges": {
    "delta": {
      "min": -10.405800007283688,
      "max": -10.405800007283688,
      "average": -10.405800007283688
    },
    "v1.4.0": {
      "min": 102.9704999923706,
      "max": 102.9704999923706,
      "average": 102.9704999923706
    },
    "v1.3.0": {
      "min": 113.3762999996543,
      "max": 113.3762999996543,
      "average": 113.3762999996543
    }
  },
  "optimize": {
    "delta": {
      "min": 5.784599997103214,
      "max": 5.784599997103214,
      "average": 5.784599997103214
    },
    "v1.4.0": {
      "min": 738.5049999952316,
      "max": 738.5049999952316,
      "average": 738.5049999952316
    },
    "v1.3.0": {
      "min": 732.7203999981284,
      "max": 732.7203999981284,
      "average": 732.7203999981284
    }
  },
  "all": {
    "delta": {
      "min": 13.151900015771389,
      "max": 13.151900015771389,
      "average": 13.151900015771389
    },
    "v1.4.0": {
      "min": 89.2950000166893,
      "max": 89.2950000166893,
      "average": 89.2950000166893
    },
    "v1.3.0": {
      "min": 76.14310000091791,
      "max": 76.14310000091791,
      "average": 76.14310000091791
    }
  }
}