{
  "add": {
    "delta": {
      "min": -0.005400005728006363,
      "max": -1.0945000015199184,
      "average": 0.13614887485904625
    },
    "v1.4.0": {
      "min": 0.03229999542236328,
      "max": 157.44609999656677,
      "average": 1.748047782368958
    },
    "v1.3.0": {
      "min": 0.037700001150369644,
      "max": 158.5405999980867,
      "average": 1.6118989075099117
    }
  },
  "bulkDocs": {
    "delta": {
      "min": -13.9172999933362,
      "max": -426.93079997226596,
      "average": -220.42404998280108
    },
    "v1.4.0": {
      "min": 776.621800005436,
      "max": 7566.896000027657,
      "average": 4171.758900016546
    },
    "v1.3.0": {
      "min": 790.5390999987721,
      "max": 7993.8267999999225,
      "average": 4392.182949999347
    }
  },
  "saveChanges": {
    "delta": {
      "min": -12.378799989819527,
      "max": -420.40229999646544,
      "average": -216.39054999314249
    },
    "v1.4.0": {
      "min": 812.7497000098228,
      "max": 7652.685000002384,
      "average": 4232.7173500061035
    },
    "v1.3.0": {
      "min": 825.1284999996424,
      "max": 8073.08729999885,
      "average": 4449.107899999246
    }
  },
  "optimize": {
    "delta": {
      "min": -1085.1975000090897,
      "max": -1085.1975000090897,
      "average": -1085.1975000090897
    },
    "v1.4.0": {
      "min": 22087.882499992847,
      "max": 22087.882499992847,
      "average": 22087.882499992847
    },
    "v1.3.0": {
      "min": 23173.080000001937,
      "max": 23173.080000001937,
      "average": 23173.080000001937
    }
  },
  "all": {
    "delta": {
      "min": -92.84160005301237,
      "max": -79.57819996774197,
      "average": -80.82167499605566
    },
    "v1.4.0": {
      "min": 1698.355299949646,
      "max": 1888.500900030136,
      "average": 1792.4950000047684
    },
    "v1.3.0": {
      "min": 1791.1969000026584,
      "max": 1968.079099997878,
      "average": 1873.316675000824
    }
  }
}