{
  "bulkDocs": {
    "delta": {
      "min": 3.5798000171780586,
      "max": 3.5798000171780586,
      "average": 3.5798000171780586
    },
    "v1.4.0": {
      "min": 8.2950000166893,
      "max": 8.2950000166893,
      "average": 8.2950000166893
    },
    "v1.3.0": {
      "min": 4.715199999511242,
      "max": 4.715199999511242,
      "average": 4.715199999511242
    }
  },
  "saveChanges": {
    "delta": {
      "min": 10.051899962127209,
      "max": 10.051899962127209,
      "average": 10.051899962127209
    },
    "v1.4.0": {
      "min": 15.217799961566925,
      "max": 15.217799961566925,
      "average": 15.217799961566925
    },
    "v1.3.0": {
      "min": 5.165899999439716,
      "max": 5.165899999439716,
      "average": 5.165899999439716
    }
  }
}