{
  "add": {
    "delta": {
      "min": 0.018200013786554337,
      "max": 0.018200013786554337,
      "average": 0.018200013786554337
    },
    "v1.4.0": {
      "min": 0.16280001401901245,
      "max": 0.16280001401901245,
      "average": 0.16280001401901245
    },
    "v1.3.0": {
      "min": 0.14460000023245811,
      "max": 0.14460000023245811,
      "average": 0.14460000023245811
    }
  },
  "bulkDocs": {
    "delta": {
      "min": -1.1360000520944595,
      "max": -1.872100006788969,
      "average": -1.5040500294417143
    },
    "v1.4.0": {
      "min": 9.310399949550629,
      "max": 12.17739999294281,
      "average": 10.74389997124672
    },
    "v1.3.0": {
      "min": 10.446400001645088,
      "max": 14.049499999731779,
      "average": 12.247950000688434
    }
  },
  "saveChanges": {
    "delta": {
      "min": -1.5115999430418015,
      "max": -3.751900039613247,
      "average": -2.631749991327524
    },
    "v1.4.0": {
      "min": 11.859900057315826,
      "max": 26.200899958610535,
      "average": 19.03040000796318
    },
    "v1.3.0": {
      "min": 13.371500000357628,
      "max": 29.95279999822378,
      "average": 21.662149999290705
    }
  },
  "remove": {
    "delta": {
      "min": -0.021499983966350555,
      "max": -0.021499983966350555,
      "average": -0.021499983966350555
    },
    "v1.4.0": {
      "min": 0.3029000163078308,
      "max": 0.3029000163078308,
      "average": 0.3029000163078308
    },
    "v1.3.0": {
      "min": 0.32440000027418137,
      "max": 0.32440000027418137,
      "average": 0.32440000027418137
    }
  }
}