{
  "add": {
    "delta": {
      "min": -0.0039999824948608875,
      "max": 4.272899984382093,
      "average": -0.03278870029980317
    },
    "v1.4.3": {
      "min": 0.02839999971911311,
      "max": 4.797600000165403,
      "average": 0.045239499998744576
    },
    "v1.4.2": {
      "min": 0.032399982213974,
      "max": 0.5247000157833099,
      "average": 0.07802820029854775
    }
  },
  "bulkDocs": {
    "delta": {
      "min": -15.959399988409132,
      "max": -15.959399988409132,
      "average": -15.959399988409132
    },
    "v1.4.3": {
      "min": 105.46510000014678,
      "max": 105.46510000014678,
      "average": 105.46510000014678
    },
    "v1.4.2": {
      "min": 121.42449998855591,
      "max": 121.42449998855591,
      "average": 121.42449998855591
    }
  },
  "saveChanges": {
    "delta": {
      "min": -15.669699997641146,
      "max": -15.669699997641146,
      "average": -15.669699997641146
    },
    "v1.4.3": {
      "min": 107.11890000011772,
      "max": 107.11890000011772,
      "average": 107.11890000011772
    },
    "v1.4.2": {
      "min": 122.78859999775887,
      "max": 122.78859999775887,
      "average": 122.78859999775887
    }
  },
  "optimize": {
    "delta": {
      "min": -109.90090001141652,
      "max": -109.90090001141652,
      "average": -109.90090001141652
    },
    "v1.4.3": {
      "min": 574.9783000000753,
      "max": 574.9783000000753,
      "average": 574.9783000000753
    },
    "v1.4.2": {
      "min": 684.8792000114918,
      "max": 684.8792000114918,
      "average": 684.8792000114918
    }
  },
  "all": {
    "delta": {
      "min": -5.926100010052323,
      "max": -5.926100010052323,
      "average": -5.926100010052323
    },
    "v1.4.3": {
      "min": 75.70830000005662,
      "max": 75.70830000005662,
      "average": 75.70830000005662
    },
    "v1.4.2": {
      "min": 81.63440001010895,
      "max": 81.63440001010895,
      "average": 81.63440001010895
    }
  }
}