{
  "add": {
    "delta": {
      "min": -0.012600004905834794,
      "max": -0.016999990330077708,
      "average": -0.03397579945845063
    },
    "v1.4.3": {
      "min": 0.02729999995790422,
      "max": 0.519399999990128,
      "average": 0.037261600000434554
    },
    "v1.4.2": {
      "min": 0.039900004863739014,
      "max": 0.5363999903202057,
      "average": 0.07123739945888519
    }
  },
  "bulkDocs": {
    "delta": {
      "min": -1.8958999919705093,
      "max": 4.063900000648573,
      "average": 1.0840000043390319
    },
    "v1.4.3": {
      "min": 13.26120000006631,
      "max": 100.74080000002868,
      "average": 57.0010000000475
    },
    "v1.4.2": {
      "min": 15.15709999203682,
      "max": 96.67689999938011,
      "average": 55.916999995708466
    }
  },
  "saveChanges": {
    "delta": {
      "min": -1.8416000074939802,
      "max": 4.145500015467405,
      "average": 1.1519500039867125
    },
    "v1.4.3": {
      "min": 13.91059999994468,
      "max": 102.17540000006557,
      "average": 58.04300000000512
    },
    "v1.4.2": {
      "min": 15.75220000743866,
      "max": 98.02989998459816,
      "average": 56.89104999601841
    }
  },
  "optimize": {
    "delta": {
      "min": -40.0846999787027,
      "max": -40.0846999787027,
      "average": -40.0846999787027
    },
    "v1.4.3": {
      "min": 510.9738999999827,
      "max": 510.9738999999827,
      "average": 510.9738999999827
    },
    "v1.4.2": {
      "min": 551.0585999786854,
      "max": 551.0585999786854,
      "average": 551.0585999786854
    }
  }
}