{
  "add": {
    "delta": {
      "min": -0.0062999994261190295,
      "max": -3.3450000061420724,
      "average": -0.0420344005797524
    },
    "v1.4.3": {
      "min": 0.028000000049360096,
      "max": 0.5285999999614432,
      "average": 0.0320322999979835
    },
    "v1.4.2": {
      "min": 0.034299999475479126,
      "max": 3.8736000061035156,
      "average": 0.0740667005777359
    }
  },
  "bulkDocs": {
    "delta": {
      "min": 1.9571999908657745,
      "max": 7.017199981724843,
      "average": 4.487199986295309
    },
    "v1.4.3": {
      "min": 15.463899999973364,
      "max": 105.2717999999877,
      "average": 60.367849999980535
    },
    "v1.4.2": {
      "min": 13.50670000910759,
      "max": 98.25460001826286,
      "average": 55.880650013685226
    }
  },
  "saveChanges": {
    "delta": {
      "min": 2.032199996523559,
      "max": 6.766900010406971,
      "average": 4.399550003465265
    },
    "v1.4.3": {
      "min": 16.086099999956787,
      "max": 106.81030000001192,
      "average": 61.448199999984354
    },
    "v1.4.2": {
      "min": 14.053900003433228,
      "max": 100.04339998960495,
      "average": 57.04864999651909
    }
  },
  "optimize": {
    "delta": {
      "min": -47.966400001896545,
      "max": -47.966400001896545,
      "average": -47.966400001896545
    },
    "v1.4.3": {
      "min": 539.3691000000108,
      "max": 539.3691000000108,
      "average": 539.3691000000108
    },
    "v1.4.2": {
      "min": 587.3355000019073,
      "max": 587.3355000019073,
      "average": 587.3355000019073
    }
  },
  "all": {
    "delta": {
      "min": -2.745699988445267,
      "max": -2.745699988445267,
      "average": -2.745699988445267
    },
    "v1.4.3": {
      "min": 73.45519999996759,
      "max": 73.45519999996759,
      "average": 73.45519999996759
    },
    "v1.4.2": {
      "min": 76.20089998841286,
      "max": 76.20089998841286,
      "average": 76.20089998841286
    }
  }
}