{
  "add": {
    "delta": {
      "min": -0.004399996250867844,
      "max": -9.14499999047257,
      "average": -1.4495823499929277
    },
    "v1.4.3": {
      "min": 0.02969999983906746,
      "max": 136.061299999943,
      "average": 0.04475158750078408
    },
    "v1.4.2": {
      "min": 0.0340999960899353,
      "max": 145.20629999041557,
      "average": 1.4943339374937117
    }
  },
  "bulkDocs": {
    "delta": {
      "min": -41.36020002653822,
      "max": -41.36020002653822,
      "average": -41.36020002653822
    },
    "v1.4.3": {
      "min": 7568.621999999974,
      "max": 7568.621999999974,
      "average": 7568.621999999974
    },
    "v1.4.2": {
      "min": 7609.982200026512,
      "max": 7609.982200026512,
      "average": 7609.982200026512
    }
  },
  "saveChanges": {
    "delta": {
      "min": -47.03380001545884,
      "max": -47.03380001545884,
      "average": -47.03380001545884
    },
    "v1.4.3": {
      "min": 7636.722400000086,
      "max": 7636.722400000086,
      "average": 7636.722400000086
    },
    "v1.4.2": {
      "min": 7683.756200015545,
      "max": 7683.756200015545,
      "average": 7683.756200015545
    }
  },
  "optimize": {
    "delta": {
      "min": -20.4511999853421,
      "max": -20.4511999853421,
      "average": -20.4511999853421
    },
    "v1.4.3": {
      "min": 22177.34809999983,
      "max": 22177.34809999983,
      "average": 22177.34809999983
    },
    "v1.4.2": {
      "min": 22197.79929998517,
      "max": 22197.79929998517,
      "average": 22197.79929998517
    }
  },
  "all": {
    "delta": {
      "min": -22.159399999771267,
      "max": -22.159399999771267,
      "average": -22.159399999771267
    },
    "v1.4.3": {
      "min": 1850.2595999999903,
      "max": 1850.2595999999903,
      "average": 1850.2595999999903
    },
    "v1.4.2": {
      "min": 1872.4189999997616,
      "max": 1872.4189999997616,
      "average": 1872.4189999997616
    }
  }
}