{
  "add": {
    "delta": {
      "min": 0.0482000014744699,
      "max": 0.0482000014744699,
      "average": 0.0482000014744699
    },
    "v1.4.3": {
      "min": 0.2584999999962747,
      "max": 0.2584999999962747,
      "average": 0.2584999999962747
    },
    "v1.4.2": {
      "min": 0.2102999985218048,
      "max": 0.2102999985218048,
      "average": 0.2102999985218048
    }
  },
  "bulkDocs": {
    "delta": {
      "min": 0.3566000113496557,
      "max": -1.0048000011593103,
      "average": -0.3240999949048273
    },
    "v1.4.3": {
      "min": 8.826000000000931,
      "max": 13.328900000080466,
      "average": 11.077450000040699
    },
    "v1.4.2": {
      "min": 8.469399988651276,
      "max": 14.333700001239777,
      "average": 11.401549994945526
    }
  },
  "saveChanges": {
    "delta": {
      "min": 0.36000001861248165,
      "max": -0.9977999870898202,
      "average": -0.3188999842386693
    },
    "v1.4.3": {
      "min": 8.997099999920465,
      "max": 13.511999999987893,
      "average": 11.254549999954179
    },
    "v1.4.2": {
      "min": 8.637099981307983,
      "max": 14.509799987077713,
      "average": 11.573449984192848
    }
  },
  "remove": {
    "delta": {
      "min": 0.016400001011788845,
      "max": 0.016400001011788845,
      "average": 0.016400001011788845
    },
    "v1.4.3": {
      "min": 0.2637000000104308,
      "max": 0.2637000000104308,
      "average": 0.2637000000104308
    },
    "v1.4.2": {
      "min": 0.24729999899864197,
      "max": 0.24729999899864197,
      "average": 0.24729999899864197
    }
  }
}