{
  "add": {
    "delta": {
      "min": -0.006200019386596978,
      "max": -3.573899978538975,
      "average": -1.464923637557021
    },
    "v1.4.3": {
      "min": 0.028400000068359077,
      "max": 153.12730000005104,
      "average": 0.04162666999996582
    },
    "v1.4.2": {
      "min": 0.034600019454956055,
      "max": 156.70119997859,
      "average": 1.5065503075569868
    }
  },
  "bulkDocs": {
    "delta": {
      "min": -17.53640000487212,
      "max": -248.756199999596,
      "average": -133.14630000223406
    },
    "v1.4.3": {
      "min": 745.9947000000393,
      "max": 7454.6267000000225,
      "average": 4100.310700000031
    },
    "v1.4.2": {
      "min": 763.5311000049114,
      "max": 7703.3828999996185,
      "average": 4233.457000002265
    }
  },
  "saveChanges": {
    "delta": {
      "min": -49.93439998489339,
      "max": -238.64230002462864,
      "average": -144.288350004761
    },
    "v1.4.3": {
      "min": 1893.9801999999909,
      "max": 7529.120600000024,
      "average": 4711.550400000007
    },
    "v1.4.2": {
      "min": 1943.9145999848843,
      "max": 7767.7629000246525,
      "average": 4855.838750004768
    }
  },
  "optimize": {
    "delta": {
      "min": -596.5937000003178,
      "max": -596.5937000003178,
      "average": -596.5937000003178
    },
    "v1.4.3": {
      "min": 22027.719700000016,
      "max": 22027.719700000016,
      "average": 22027.719700000016
    },
    "v1.4.2": {
      "min": 22624.313400000334,
      "max": 22624.313400000334,
      "average": 22624.313400000334
    }
  },
  "all": {
    "delta": {
      "min": -74.84050000063144,
      "max": -50.43499999982305,
      "average": -62.094574994116556
    },
    "v1.4.3": {
      "min": 1722.7413999999408,
      "max": 1887.6001999999862,
      "average": 1794.8784500000183
    },
    "v1.4.2": {
      "min": 1797.5819000005722,
      "max": 1938.0351999998093,
      "average": 1856.973024994135
    }
  },
  "remove": {
    "delta": {
      "min": -2.1136999998707324,
      "max": 18.41540000808891,
      "average": 8.859200000355486
    },
    "v1.4.3": {
      "min": 31.457600000081584,
      "max": 175.34889999998268,
      "average": 103.23110000003362
    },
    "v1.4.2": {
      "min": 33.571299999952316,
      "max": 156.93349999189377,
      "average": 94.37189999967813
    }
  }
}