{
  "link": {
    "delta": {
      "min": 2001.5186000154354,
      "max": 2001.5186000154354,
      "average": 2001.5186000154354
    },
    "v1.4.3": {
      "min": 3112.566099999938,
      "max": 3112.566099999938,
      "average": 3112.566099999938
    },
    "v1.4.2": {
      "min": 1111.0474999845028,
      "max": 1111.0474999845028,
      "average": 1111.0474999845028
    }
  },
  "bulkDocs": {
    "delta": {
      "min": -20.311799986753613,
      "max": -20.311799986753613,
      "average": -20.311799986753613
    },
    "v1.4.3": {
      "min": 209.38459999999031,
      "max": 209.38459999999031,
      "average": 209.38459999999031
    },
    "v1.4.2": {
      "min": 229.69639998674393,
      "max": 229.69639998674393,
      "average": 229.69639998674393
    }
  },
  "saveChanges": {
    "delta": {
      "min": -19.57409999705851,
      "max": -19.57409999705851,
      "average": -19.57409999705851
    },
    "v1.4.3": {
      "min": 216.74000000022352,
      "max": 216.74000000022352,
      "average": 216.74000000022352
    },
    "v1.4.2": {
      "min": 236.31409999728203,
      "max": 236.31409999728203,
      "average": 236.31409999728203
    }
  }
}