{
  "add": {
    "delta": {
      "min": -0.019999989541247487,
      "max": -0.019999989541247487,
      "average": -0.019999989541247487
    },
    "v1.4.3": {
      "min": 0.09470000001601875,
      "max": 0.09470000001601875,
      "average": 0.09470000001601875
    },
    "v1.4.2": {
      "min": 0.11469998955726624,
      "max": 0.11469998955726624,
      "average": 0.11469998955726624
    }
  },
  "bulkDocs": {
    "delta": {
      "min": 0.9234000126598403,
      "max": -0.3491999915568158,
      "average": 0.28710001055151224
    },
    "v1.4.3": {
      "min": 9.522999999928288,
      "max": 11.458400000003166,
      "average": 10.490699999965727
    },
    "v1.4.2": {
      "min": 8.599599987268448,
      "max": 11.807599991559982,
      "average": 10.203599989414215
    }
  },
  "saveChanges": {
    "delta": {
      "min": 0.95659999770578,
      "max": -0.40700000629294664,
      "average": 0.27479999570641667
    },
    "v1.4.3": {
      "min": 9.721699999994598,
      "max": 11.681400000001304,
      "average": 10.701549999997951
    },
    "v1.4.2": {
      "min": 8.765100002288818,
      "max": 12.08840000629425,
      "average": 10.426750004291534
    }
  },
  "first": {
    "delta": {
      "min": 0.573999994318001,
      "max": 0.573999994318001,
      "average": 0.573999994318001
    },
    "v1.4.3": {
      "min": 15.964299999992363,
      "max": 15.964299999992363,
      "average": 15.964299999992363
    },
    "v1.4.2": {
      "min": 15.390300005674362,
      "max": 15.390300005674362,
      "average": 15.390300005674362
    }
  }
}