{
  "add": {
    "delta": {
      "min": 0.1244000073056668,
      "max": 0.1244000073056668,
      "average": 0.1244000073056668
    },
    "v1.4.3": {
      "min": 0.22080000001005828,
      "max": 0.22080000001005828,
      "average": 0.22080000001005828
    },
    "v1.4.2": {
      "min": 0.09639999270439148,
      "max": 0.09639999270439148,
      "average": 0.09639999270439148
    }
  },
  "bulkDocs": {
    "delta": {
      "min": -0.6156000157352537,
      "max": 0.5994999915128574,
      "average": -0.008050012111198157
    },
    "v1.4.3": {
      "min": 9.801699999952689,
      "max": 12.774300000048243,
      "average": 11.288000000000466
    },
    "v1.4.2": {
      "min": 10.417300015687943,
      "max": 12.174800008535385,
      "average": 11.296050012111664
    }
  },
  "saveChanges": {
    "delta": {
      "min": -0.06289998779539019,
      "max": 0.15620001056231558,
      "average": 0.0466500113834627
    },
    "v1.4.3": {
      "min": 12.734800000092946,
      "max": 26.351000000024214,
      "average": 19.54290000005858
    },
    "v1.4.2": {
      "min": 12.797699987888336,
      "max": 26.1947999894619,
      "average": 19.496249988675117
    }
  },
  "remove": {
    "delta": {
      "min": -0.01779999607242644,
      "max": -0.01779999607242644,
      "average": -0.01779999607242644
    },
    "v1.4.3": {
      "min": 0.20380000001750886,
      "max": 0.20380000001750886,
      "average": 0.20380000001750886
    },
    "v1.4.2": {
      "min": 0.2215999960899353,
      "max": 0.2215999960899353,
      "average": 0.2215999960899353
    }
  }
}