{
  "add": {
    "delta": {
      "min": -0.005599999334663153,
      "max": 0.13570000207982957,
      "average": -0.028630900137359278
    },
    "v1.4.3": {
      "min": 0.028700000140815973,
      "max": 4.022899999981746,
      "average": 0.03876470000273548
    },
    "v1.4.2": {
      "min": 0.034299999475479126,
      "max": 3.8871999979019165,
      "average": 0.06739560014009476
    }
  },
  "bulkDocs": {
    "delta": {
      "min": -3.050099991960451,
      "max": -3.050099991960451,
      "average": -3.050099991960451
    },
    "v1.4.3": {
      "min": 94.33849999983795,
      "max": 94.33849999983795,
      "average": 94.33849999983795
    },
    "v1.4.2": {
      "min": 97.3885999917984,
      "max": 97.3885999917984,
      "average": 97.3885999917984
    }
  },
  "saveChanges": {
    "delta": {
      "min": -2.7035000135656446,
      "max": -2.7035000135656446,
      "average": -2.7035000135656446
    },
    "v1.4.3": {
      "min": 96.5922000000719,
      "max": 96.5922000000719,
      "average": 96.5922000000719
    },
    "v1.4.2": {
      "min": 99.29570001363754,
      "max": 99.29570001363754,
      "average": 99.29570001363754
    }
  },
  "optimize": {
    "delta": {
      "min": 19.21740002091974,
      "max": 19.21740002091974,
      "average": 19.21740002091974
    },
    "v1.4.3": {
      "min": 594.6069999998435,
      "max": 594.6069999998435,
      "average": 594.6069999998435
    },
    "v1.4.2": {
      "min": 575.3895999789238,
      "max": 575.3895999789238,
      "average": 575.3895999789238
    }
  },
  "all": {
    "delta": {
      "min": -1.3761999974958599,
      "max": -1.3761999974958599,
      "average": -1.3761999974958599
    },
    "v1.4.3": {
      "min": 71.86750000016764,
      "max": 71.86750000016764,
      "average": 71.86750000016764
    },
    "v1.4.2": {
      "min": 73.2436999976635,
      "max": 73.2436999976635,
      "average": 73.2436999976635
    }
  }
}