{
  "add": {
    "delta": {
      "min": -0.0012999949976801872,
      "max": -0.13559998478740454,
      "average": -0.033288800292531964
    },
    "v1.4.3": {
      "min": 0.030100000090897083,
      "max": 0.12669999990612268,
      "average": 0.034463499999721536
    },
    "v1.4.2": {
      "min": 0.03139999508857727,
      "max": 0.2622999846935272,
      "average": 0.0677523002922535
    }
  },
  "bulkDocs": {
    "delta": {
      "min": 0.5481999989133328,
      "max": 12.304500006372109,
      "average": 6.426350002642721
    },
    "v1.4.3": {
      "min": 14.649500000057742,
      "max": 106.43879999988712,
      "average": 60.54414999997243
    },
    "v1.4.2": {
      "min": 14.10130000114441,
      "max": 94.13429999351501,
      "average": 54.11779999732971
    }
  },
  "saveChanges": {
    "delta": {
      "min": 0.8026000051759183,
      "max": 14.310999991954304,
      "average": 7.556799998565111
    },
    "v1.4.3": {
      "min": 15.511799999978393,
      "max": 110.09139999991748,
      "average": 62.80159999994794
    },
    "v1.4.2": {
      "min": 14.709199994802475,
      "max": 95.78040000796318,
      "average": 55.24480000138283
    }
  },
  "optimize": {
    "delta": {
      "min": -12.5281999980798,
      "max": -12.5281999980798,
      "average": -12.5281999980798
    },
    "v1.4.3": {
      "min": 578.4663999999175,
      "max": 578.4663999999175,
      "average": 578.4663999999175
    },
    "v1.4.2": {
      "min": 590.9945999979973,
      "max": 590.9945999979973,
      "average": 590.9945999979973
    }
  },
  "all": {
    "delta": {
      "min": -2.5574000226333737,
      "max": -2.5574000226333737,
      "average": -2.5574000226333737
    },
    "v1.4.3": {
      "min": 72.77139999996871,
      "max": 72.77139999996871,
      "average": 72.77139999996871
    },
    "v1.4.2": {
      "min": 75.32880002260208,
      "max": 75.32880002260208,
      "average": 75.32880002260208
    }
  },
  "remove": {
    "delta": {
      "min": 0.03129999490920454,
      "max": 0.03129999490920454,
      "average": 0.03129999490920454
    },
    "v1.4.3": {
      "min": 0.16099999996367842,
      "max": 0.16099999996367842,
      "average": 0.16099999996367842
    },
    "v1.4.2": {
      "min": 0.12970000505447388,
      "max": 0.12970000505447388,
      "average": 0.12970000505447388
    }
  }
}