{
  "add": {
    "delta": {
      "min": 0.02769999101292342,
      "max": 0.02769999101292342,
      "average": 0.02769999101292342
    },
    "v1.4.3": {
      "min": 0.2395000000251457,
      "max": 0.2395000000251457,
      "average": 0.2395000000251457
    },
    "v1.4.2": {
      "min": 0.2118000090122223,
      "max": 0.2118000090122223,
      "average": 0.2118000090122223
    }
  },
  "bulkDocs": {
    "delta": {
      "min": 0.9988999988418072,
      "max": 0.9988999988418072,
      "average": 0.9988999988418072
    },
    "v1.4.3": {
      "min": 10.225199999986216,
      "max": 10.225199999986216,
      "average": 10.225199999986216
    },
    "v1.4.2": {
      "min": 9.22630000114441,
      "max": 9.22630000114441,
      "average": 9.22630000114441
    }
  },
  "saveChanges": {
    "delta": {
      "min": 0.9890000033192337,
      "max": 0.9890000033192337,
      "average": 0.9890000033192337
    },
    "v1.4.3": {
      "min": 10.42629999993369,
      "max": 10.42629999993369,
      "average": 10.42629999993369
    },
    "v1.4.2": {
      "min": 9.437299996614456,
      "max": 9.437299996614456,
      "average": 9.437299996614456
    }
  }
}