{
  "add": {
    "delta": {
      "min": -0.005799991078674793,
      "max": -0.08670001185964793,
      "average": -1.4143997100157926
    },
    "v1.4.3": {
      "min": 0.023599999956786633,
      "max": 7.463300000061281,
      "average": 0.03787640500010166
    },
    "v1.4.2": {
      "min": 0.029399991035461426,
      "max": 7.550000011920929,
      "average": 1.4522761150158943
    }
  },
  "bulkDocs": {
    "delta": {
      "min": -2.0334000018192455,
      "max": 258.1504000243731,
      "average": 128.05850001127692
    },
    "v1.4.3": {
      "min": 17.507199999992736,
      "max": 7766.397200000007,
      "average": 3891.9521999999997
    },
    "v1.4.2": {
      "min": 19.54060000181198,
      "max": 7508.246799975634,
      "average": 3763.893699988723
    }
  },
  "saveChanges": {
    "delta": {
      "min": 3.6644000051310286,
      "max": 286.3853000133531,
      "average": 145.02485000924207
    },
    "v1.4.3": {
      "min": 44.55229999998119,
      "max": 7880.286800000002,
      "average": 3962.4195499999914
    },
    "v1.4.2": {
      "min": 40.88789999485016,
      "max": 7593.901499986649,
      "average": 3817.3946999907494
    }
  },
  "optimize": {
    "delta": {
      "min": 258.4659000111278,
      "max": 258.4659000111278,
      "average": 258.4659000111278
    },
    "v1.4.3": {
      "min": 22747.578800000018,
      "max": 22747.578800000018,
      "average": 22747.578800000018
    },
    "v1.4.2": {
      "min": 22489.11289998889,
      "max": 22489.11289998889,
      "average": 22489.11289998889
    }
  }
}