{
  "add": {
    "delta": {
      "min": -0.0046999925980344415,
      "max": 1.9344999995082617,
      "average": -2.1779382025149885
    },
    "v1.4.3": {
      "min": 0.029200000106357038,
      "max": 130.15020000003278,
      "average": 0.0413154874997912
    },
    "v1.4.2": {
      "min": 0.03389999270439148,
      "max": 128.21570000052452,
      "average": 2.2192536900147797
    }
  },
  "bulkDocs": {
    "delta": {
      "min": -16.537000014446676,
      "max": -162.80240000749473,
      "average": -89.6697000109707
    },
    "v1.4.3": {
      "min": 739.9216000000015,
      "max": 7346.869700000039,
      "average": 4043.3956500000204
    },
    "v1.4.2": {
      "min": 756.4586000144482,
      "max": 7509.672100007534,
      "average": 4133.065350010991
    }
  },
  "saveChanges": {
    "delta": {
      "min": -18.9815999972634,
      "max": -161.51599999982864,
      "average": -90.24879999854602
    },
    "v1.4.3": {
      "min": 761.9037999999709,
      "max": 7436.697900000028,
      "average": 4099.30085
    },
    "v1.4.2": {
      "min": 780.8853999972343,
      "max": 7598.213899999857,
      "average": 4189.549649998546
    }
  },
  "optimize": {
    "delta": {
      "min": -270.09610002615955,
      "max": -270.09610002615955,
      "average": -270.09610002615955
    },
    "v1.4.3": {
      "min": 21896.14399999997,
      "max": 21896.14399999997,
      "average": 21896.14399999997
    },
    "v1.4.2": {
      "min": 22166.24010002613,
      "max": 22166.24010002613,
      "average": 22166.24010002613
    }
  },
  "all": {
    "delta": {
      "min": -38.3579000182217,
      "max": -49.30980000772979,
      "average": -59.612850005796645
    },
    "v1.4.3": {
      "min": 1732.1554999999935,
      "max": 1869.1845000000903,
      "average": 1795.6126250000088
    },
    "v1.4.2": {
      "min": 1770.5134000182152,
      "max": 1918.4943000078201,
      "average": 1855.2254750058055
    }
  },
  "remove": {
    "delta": {
      "min": -0.20170001569204032,
      "max": -57.24469999689609,
      "average": -22.466300007334212
    },
    "v1.4.3": {
      "min": 142.16189999994822,
      "max": 945.2823999999091,
      "average": 547.1538499999733
    },
    "v1.4.2": {
      "min": 142.36360001564026,
      "max": 1002.5270999968052,
      "average": 569.6201500073075
    }
  },
  "empty": {
    "delta": {
      "min": -35.84740001242608,
      "max": -106.55660000164062,
      "average": -82.0812500010943
    },
    "v1.4.3": {
      "min": 1877.1683000000194,
      "max": 2814.5104000000283,
      "average": 2342.8369500000263
    },
    "v1.4.2": {
      "min": 1913.0157000124454,
      "max": 2921.067000001669,
      "average": 2424.9182000011206
    }
  }
}