{
  "add": {
    "delta": {
      "min": -0.0059000125620514154,
      "max": -0.6886999944690615,
      "average": -1.691122172454378
    },
    "v1.4.3": {
      "min": 0.028300000121816993,
      "max": 138.48440000019036,
      "average": 0.04182655750028207
    },
    "v1.4.2": {
      "min": 0.03420001268386841,
      "max": 139.17309999465942,
      "average": 1.73294872995466
    }
  },
  "bulkDocs": {
    "delta": {
      "min": 95.63419998250902,
      "max": 95.63419998250902,
      "average": 95.63419998250902
    },
    "v1.4.3": {
      "min": 7592.350899999961,
      "max": 7592.350899999961,
      "average": 7592.350899999961
    },
    "v1.4.2": {
      "min": 7496.716700017452,
      "max": 7496.716700017452,
      "average": 7496.716700017452
    }
  },
  "saveChanges": {
    "delta": {
      "min": 91.28960000909865,
      "max": 91.28960000909865,
      "average": 91.28960000909865
    },
    "v1.4.3": {
      "min": 7678.871799999848,
      "max": 7678.871799999848,
      "average": 7678.871799999848
    },
    "v1.4.2": {
      "min": 7587.582199990749,
      "max": 7587.582199990749,
      "average": 7587.582199990749
    }
  },
  "optimize": {
    "delta": {
      "min": -1747.62270000414,
      "max": -1747.62270000414,
      "average": -1747.62270000414
    },
    "v1.4.3": {
      "min": 21848.396899999818,
      "max": 21848.396899999818,
      "average": 21848.396899999818
    },
    "v1.4.2": {
      "min": 23596.019600003958,
      "max": 23596.019600003958,
      "average": 23596.019600003958
    }
  },
  "all": {
    "delta": {
      "min": -202.60599997919053,
      "max": -202.60599997919053,
      "average": -202.60599997919053
    },
    "v1.4.3": {
      "min": 1704.034500000067,
      "max": 1704.034500000067,
      "average": 1704.034500000067
    },
    "v1.4.2": {
      "min": 1906.6404999792576,
      "max": 1906.6404999792576,
      "average": 1906.6404999792576
    }
  },
  "get": {
    "delta": {
      "min": -22.946400013985112,
      "max": -22.946400013985112,
      "average": -22.946400013985112
    },
    "v1.4.3": {
      "min": 301.3326000000816,
      "max": 301.3326000000816,
      "average": 301.3326000000816
    },
    "v1.4.2": {
      "min": 324.2790000140667,
      "max": 324.2790000140667,
      "average": 324.2790000140667
    }
  }
}