{
  "add": {
    "delta": {
      "min": -0.006600002525374293,
      "max": 0.9405000015394762,
      "average": -1.4449230524355459
    },
    "v1.4.3": {
      "min": 0.027000000001862645,
      "max": 152.2221000000136,
      "average": 0.045089752499581665
    },
    "v1.4.2": {
      "min": 0.03360000252723694,
      "max": 151.28159999847412,
      "average": 1.4900128049351276
    }
  },
  "bulkDocs": {
    "delta": {
      "min": -7.455800018273294,
      "max": -201.7892999915639,
      "average": -104.6225500049186
    },
    "v1.4.3": {
      "min": 758.1650000000373,
      "max": 7466.893299999996,
      "average": 4112.529150000017
    },
    "v1.4.2": {
      "min": 765.6208000183105,
      "max": 7668.68259999156,
      "average": 4217.151700004935
    }
  },
  "saveChanges": {
    "delta": {
      "min": -6.955799988703802,
      "max": -204.3972000151407,
      "average": -105.67650000192225
    },
    "v1.4.3": {
      "min": 783.4960000000428,
      "max": 7549.304400000023,
      "average": 4166.400200000033
    },
    "v1.4.2": {
      "min": 790.4517999887466,
      "max": 7753.701600015163,
      "average": 4272.076700001955
    }
  },
  "optimize": {
    "delta": {
      "min": -409.30579998495523,
      "max": -409.30579998495523,
      "average": -409.30579998495523
    },
    "v1.4.3": {
      "min": 22363.769900000072,
      "max": 22363.769900000072,
      "average": 22363.769900000072
    },
    "v1.4.2": {
      "min": 22773.075699985027,
      "max": 22773.075699985027,
      "average": 22773.075699985027
    }
  },
  "all": {
    "delta": {
      "min": -74.02039997163229,
      "max": -20.131299989763647,
      "average": -52.017899988160934
    },
    "v1.4.3": {
      "min": 1686.340599999996,
      "max": 1935.6181000000797,
      "average": 1798.1554749999777
    },
    "v1.4.2": {
      "min": 1760.3609999716282,
      "max": 1955.7493999898434,
      "average": 1850.1733749881387
    }
  }
}