{
  "add": {
    "delta": {
      "min": -0.006600026274099946,
      "max": -0.18879998056218028,
      "average": -0.031115900146542114
    },
    "v1.4.3": {
      "min": 0.028399999951943755,
      "max": 3.4553000000305474,
      "average": 0.03749919999879785
    },
    "v1.4.2": {
      "min": 0.0350000262260437,
      "max": 3.6440999805927277,
      "average": 0.06861510014533996
    }
  },
  "bulkDocs": {
    "delta": {
      "min": 0.7238000037614256,
      "max": 0.7238000037614256,
      "average": 0.7238000037614256
    },
    "v1.4.3": {
      "min": 94.71390000008978,
      "max": 94.71390000008978,
      "average": 94.71390000008978
    },
    "v1.4.2": {
      "min": 93.99009999632835,
      "max": 93.99009999632835,
      "average": 93.99009999632835
    }
  },
  "saveChanges": {
    "delta": {
      "min": 1.3427000138908625,
      "max": 1.3427000138908625,
      "average": 1.3427000138908625
    },
    "v1.4.3": {
      "min": 96.84979999996722,
      "max": 96.84979999996722,
      "average": 96.84979999996722
    },
    "v1.4.2": {
      "min": 95.50709998607635,
      "max": 95.50709998607635,
      "average": 95.50709998607635
    }
  },
  "optimize": {
    "delta": {
      "min": -46.29479998676106,
      "max": -46.29479998676106,
      "average": -46.29479998676106
    },
    "v1.4.3": {
      "min": 560.7053000000305,
      "max": 560.7053000000305,
      "average": 560.7053000000305
    },
    "v1.4.2": {
      "min": 607.0000999867916,
      "max": 607.0000999867916,
      "average": 607.0000999867916
    }
  },
  "all": {
    "delta": {
      "min": 1.3345999885350466,
      "max": 1.3345999885350466,
      "average": 1.3345999885350466
    },
    "v1.4.3": {
      "min": 73.3300000000745,
      "max": 73.3300000000745,
      "average": 73.3300000000745
    },
    "v1.4.2": {
      "min": 71.99540001153946,
      "max": 71.99540001153946,
      "average": 71.99540001153946
    }
  },
  "get": {
    "delta": {
      "min": 3.7748999907635152,
      "max": 3.7748999907635152,
      "average": 3.7748999907635152
    },
    "v1.4.3": {
      "min": 26.567700000014156,
      "max": 26.567700000014156,
      "average": 26.567700000014156
    },
    "v1.4.2": {
      "min": 22.79280000925064,
      "max": 22.79280000925064,
      "average": 22.79280000925064
    }
  }
}