{
  "add": {
    "delta": {
      "min": -0.005599982803687453,
      "max": -3.9277000121073797,
      "average": -0.03644279945152812
    },
    "v1.4.3": {
      "min": 0.028600000077858567,
      "max": 0.14960000000428408,
      "average": 0.03452209999901243
    },
    "v1.4.2": {
      "min": 0.03419998288154602,
      "max": 4.077300012111664,
      "average": 0.07096489945054055
    }
  },
  "bulkDocs": {
    "delta": {
      "min": 0.14990000310353935,
      "max": 0.4305000000167638,
      "average": 0.2902000015601516
    },
    "v1.4.3": {
      "min": 13.909400000004098,
      "max": 90.3230999999214,
      "average": 52.11624999996275
    },
    "v1.4.2": {
      "min": 13.759499996900558,
      "max": 89.89259999990463,
      "average": 51.826049998402596
    }
  },
  "saveChanges": {
    "delta": {
      "min": 0.9468000051565468,
      "max": 0.3477000050479546,
      "average": 0.6472500051022507
    },
    "v1.4.3": {
      "min": 30.13840000005439,
      "max": 91.78049999999348,
      "average": 60.959450000023935
    },
    "v1.4.2": {
      "min": 29.191599994897842,
      "max": 91.43279999494553,
      "average": 60.312199994921684
    }
  },
  "optimize": {
    "delta": {
      "min": -3.6788000111700967,
      "max": -3.6788000111700967,
      "average": -3.6788000111700967
    },
    "v1.4.3": {
      "min": 548.3957999999402,
      "max": 548.3957999999402,
      "average": 548.3957999999402
    },
    "v1.4.2": {
      "min": 552.0746000111103,
      "max": 552.0746000111103,
      "average": 552.0746000111103
    }
  },
  "all": {
    "delta": {
      "min": -3.5086000006413087,
      "max": -3.5086000006413087,
      "average": -3.5086000006413087
    },
    "v1.4.3": {
      "min": 71.24320000002626,
      "max": 71.24320000002626,
      "average": 71.24320000002626
    },
    "v1.4.2": {
      "min": 74.75180000066757,
      "max": 74.75180000066757,
      "average": 74.75180000066757
    }
  },
  "remove": {
    "delta": {
      "min": -0.008800000534392893,
      "max": -0.008800000534392893,
      "average": -0.008800000534392893
    },
    "v1.4.3": {
      "min": 0.14439999999012798,
      "max": 0.14439999999012798,
      "average": 0.14439999999012798
    },
    "v1.4.2": {
      "min": 0.15320000052452087,
      "max": 0.15320000052452087,
      "average": 0.15320000052452087
    }
  }
}