{
  "add": {
    "min": 0.029100000858306885,
    "max": 0.12059998512268066,
    "average": 0.035014700025320054
  },
  "bulkDocs": {
    "min": 15.02649998664856,
    "max": 97.33630001544952,
    "average": 56.18140000104904,
    "times": [
      97.33630001544952,
      15.02649998664856
    ]
  },
  "saveChanges": {
    "min": 15.610500007867813,
    "max": 98.93230000138283,
    "average": 57.27140000462532,
    "times": [
      98.93230000138283,
      15.610500007867813
    ]
  },
  "optimize": {
    "min": 594.3079999983311,
    "max": 594.3079999983311,
    "average": 594.3079999983311,
    "times": [
      594.3079999983311
    ]
  },
  "all": {
    "min": 83.36429998278618,
    "max": 83.36429998278618,
    "average": 83.36429998278618,
    "times": [
      83.36429998278618
    ]
  }
}