{
  "add": {
    "min": 0.029100000858306885,
    "max": 153.16419997811317,
    "average": 0.043073510062694546
  },
  "bulkDocs": {
    "min": 896.981299996376,
    "max": 7985.439999997616,
    "average": 4441.210649996996,
    "times": [
      7985.439999997616,
      896.981299996376
    ]
  },
  "saveChanges": {
    "min": 969.6282999813557,
    "max": 8081.224500000477,
    "average": 4525.426399990916,
    "times": [
      8081.224500000477,
      969.6282999813557
    ]
  },
  "optimize": {
    "min": 22743.121100008488,
    "max": 22743.121100008488,
    "average": 22743.121100008488,
    "times": [
      22743.121100008488
    ]
  },
  "all": {
    "min": 1773.093599975109,
    "max": 1926.7759000062943,
    "average": 1822.5580749884248,
    "times": [
      1773.093599975109,
      1926.7759000062943,
      1800.069799989462,
      1790.2929999828339
    ]
  }
}