{
  "add": {
    "min": 0.03049999475479126,
    "max": 0.6141000092029572,
    "average": 0.046098999559879304
  },
  "bulkDocs": {
    "min": 16.72699999809265,
    "max": 124.06290000677109,
    "average": 70.39495000243187,
    "times": [
      124.06290000677109,
      16.72699999809265
    ]
  },
  "saveChanges": {
    "min": 18.058699995279312,
    "max": 125.94130000472069,
    "average": 72,
    "times": [
      125.94130000472069,
      18.058699995279312
    ]
  },
  "optimize": {
    "min": 574.681500017643,
    "max": 574.681500017643,
    "average": 574.681500017643,
    "times": [
      574.681500017643
    ]
  }
}