{
  "add": {
    "min": 0.02899998426437378,
    "max": 4.822499990463257,
    "average": 0.04025119936466217
  },
  "bulkDocs": {
    "min": 92.9651999771595,
    "max": 92.9651999771595,
    "average": 92.9651999771595,
    "times": [
      92.9651999771595
    ]
  },
  "saveChanges": {
    "min": 95.12299999594688,
    "max": 95.12299999594688,
    "average": 95.12299999594688,
    "times": [
      95.12299999594688
    ]
  },
  "optimize": {
    "min": 562.9356000125408,
    "max": 562.9356000125408,
    "average": 562.9356000125408,
    "times": [
      562.9356000125408
    ]
  },
  "all": {
    "min": 79.61699998378754,
    "max": 79.61699998378754,
    "average": 79.61699998378754,
    "times": [
      79.61699998378754
    ]
  }
}