{
  "add": {
    "min": 0.03229999542236328,
    "max": 3.146899998188019,
    "average": 0.04996320047974587
  },
  "bulkDocs": {
    "min": 163.77099999785423,
    "max": 163.77099999785423,
    "average": 163.77099999785423,
    "times": [
      163.77099999785423
    ]
  },
  "saveChanges": {
    "min": 166.30809998512268,
    "max": 166.30809998512268,
    "average": 166.30809998512268,
    "times": [
      166.30809998512268
    ]
  },
  "optimize": {
    "min": 591.1272999942303,
    "max": 591.1272999942303,
    "average": 591.1272999942303,
    "times": [
      591.1272999942303
    ]
  },
  "all": {
    "min": 77.21690002083778,
    "max": 77.21690002083778,
    "average": 77.21690002083778,
    "times": [
      77.21690002083778
    ]
  },
  "get": {
    "min": 22.739799976348877,
    "max": 22.739799976348877,
    "average": 22.739799976348877,
    "times": [
      22.739799976348877
    ]
  }
}