{
  "add": {
    "min": 0.19020000100135803,
    "max": 0.19020000100135803,
    "average": 0.19020000100135803
  },
  "bulkDocs": {
    "min": 11.299299985170364,
    "max": 12.70780000090599,
    "average": 12.003549993038177,
    "times": [
      11.299299985170364,
      12.70780000090599
    ]
  },
  "saveChanges": {
    "min": 11.477099984884262,
    "max": 13.038399994373322,
    "average": 12.257749989628792,
    "times": [
      11.477099984884262,
      13.038399994373322
    ]
  },
  "remove": {
    "min": 0.2883000075817108,
    "max": 0.2883000075817108,
    "average": 0.2883000075817108
  }
}