{
  "link": {
    "min": 12.671200007200241,
    "max": 12.671200007200241,
    "average": 12.671200007200241,
    "times": [
      12.671200007200241
    ]
  },
  "bulkDocs": {
    "min": 13.318599998950958,
    "max": 13.318599998950958,
    "average": 13.318599998950958,
    "times": [
      13.318599998950958
    ]
  },
  "saveChanges": {
    "min": 13.62279999256134,
    "max": 13.62279999256134,
    "average": 13.62279999256134,
    "times": [
      13.62279999256134
    ]
  }
}