{
  "add": {
    "min": 0.030299991369247437,
    "max": 0.19370001554489136,
    "average": 0.03635580089688301
  },
  "bulkDocs": {
    "min": 14.227299988269806,
    "max": 97.08840000629425,
    "average": 55.65784999728203,
    "times": [
      97.08840000629425,
      14.227299988269806
    ]
  },
  "saveChanges": {
    "min": 15.030900001525879,
    "max": 99.11699998378754,
    "average": 57.07394999265671,
    "times": [
      99.11699998378754,
      15.030900001525879
    ]
  },
  "optimize": {
    "min": 575.1625000238419,
    "max": 575.1625000238419,
    "average": 575.1625000238419,
    "times": [
      575.1625000238419
    ]
  },
  "all": {
    "min": 80.82350000739098,
    "max": 80.82350000739098,
    "average": 80.82350000739098,
    "times": [
      80.82350000739098
    ]
  },
  "remove": {
    "min": 0.13159999251365662,
    "max": 0.13159999251365662,
    "average": 0.13159999251365662
  }
}