{
  "add": {
    "min": 0.030399978160858154,
    "max": 0.46400001645088196,
    "average": 0.036780000686645505
  },
  "bulkDocs": {
    "min": 14.743900001049042,
    "max": 93.83009999990463,
    "average": 54.28700000047684,
    "times": [
      93.83009999990463,
      14.743900001049042
    ]
  },
  "saveChanges": {
    "min": 30.78420001268387,
    "max": 95.26140001416206,
    "average": 63.022800013422966,
    "times": [
      95.26140001416206,
      30.78420001268387
    ]
  },
  "optimize": {
    "min": 560.5813000202179,
    "max": 560.5813000202179,
    "average": 560.5813000202179,
    "times": [
      560.5813000202179
    ]
  },
  "all": {
    "min": 78.69609999656677,
    "max": 78.69609999656677,
    "average": 78.69609999656677,
    "times": [
      78.69609999656677
    ]
  },
  "remove": {
    "min": 0.12210002541542053,
    "max": 0.12210002541542053,
    "average": 0.12210002541542053
  }
}