{
  "add": {
    "min": 0.09130001068115234,
    "max": 0.09130001068115234,
    "average": 0.09130001068115234
  },
  "upsert": {
    "min": 12.639100015163422,
    "max": 12.639100015163422,
    "average": 12.639100015163422,
    "times": [
      12.639100015163422
    ]
  },
  "bulkDocs": {
    "min": 13.845999985933304,
    "max": 13.845999985933304,
    "average": 13.845999985933304,
    "times": [
      13.845999985933304
    ]
  },
  "saveChanges": {
    "min": 14.132699996232986,
    "max": 14.132699996232986,
    "average": 14.132699996232986,
    "times": [
      14.132699996232986
    ]
  }
}