{
  "add": {
    "min": 0.028499990701675415,
    "max": 182.6870000064373,
    "average": 0.044271114958077666
  },
  "bulkDocs": {
    "min": 7583.142200022936,
    "max": 7583.142200022936,
    "average": 7583.142200022936,
    "times": [
      7583.142200022936
    ]
  },
  "saveChanges": {
    "min": 7675.884200006723,
    "max": 7675.884200006723,
    "average": 7675.884200006723,
    "times": [
      7675.884200006723
    ]
  },
  "optimize": {
    "min": 23171.41019999981,
    "max": 23171.41019999981,
    "average": 23171.41019999981,
    "times": [
      23171.41019999981
    ]
  },
  "all": {
    "min": 2105.180200010538,
    "max": 2105.180200010538,
    "average": 2105.180200010538,
    "times": [
      2105.180200010538
    ]
  }
}