{
  "add": {
    "min": 0.37040001153945923,
    "max": 0.37040001153945923,
    "average": 0.37040001153945923
  },
  "bulkDocs": {
    "min": 11.136600017547607,
    "max": 11.136600017547607,
    "average": 11.136600017547607,
    "times": [
      11.136600017547607
    ]
  },
  "saveChanges": {
    "min": 11.492800027132034,
    "max": 11.492800027132034,
    "average": 11.492800027132034,
    "times": [
      11.492800027132034
    ]
  }
}