{
  "add": {
    "min": 0.030999988317489624,
    "max": 126.47360000014305,
    "average": 0.04653970262259245
  },
  "bulkDocs": {
    "min": 721.3929000198841,
    "max": 7795.5167999863625,
    "average": 4258.454850003123,
    "times": [
      7795.5167999863625,
      721.3929000198841
    ]
  },
  "saveChanges": {
    "min": 743.2389000058174,
    "max": 7884.236200004816,
    "average": 4313.737550005317,
    "times": [
      7884.236200004816,
      743.2389000058174
    ]
  },
  "optimize": {
    "min": 23302.188400000334,
    "max": 23302.188400000334,
    "average": 23302.188400000334,
    "times": [
      23302.188400000334
    ]
  },
  "all": {
    "min": 1810.2518000006676,
    "max": 2012.073500007391,
    "average": 1893.5864500030875,
    "times": [
      2012.073500007391,
      1837.9605000019073,
      1914.0600000023842,
      1810.2518000006676
    ]
  },
  "remove": {
    "min": 150.82109999656677,
    "max": 1017.2711000144482,
    "average": 571.5551750063896
  },
  "empty": {
    "min": 2163.019400000572,
    "max": 2827.5947999954224,
    "average": 2465.2130500003695,
    "times": [
      2163.019400000572,
      2255.877499997616,
      2614.360500007868,
      2827.5947999954224
    ]
  }
}