{
  "add": {
    "min": 0.1341000199317932,
    "max": 0.1341000199317932,
    "average": 0.1341000199317932
  },
  "bulkDocs": {
    "min": 12.143500000238419,
    "max": 16.173600018024445,
    "average": 14.158550009131432,
    "times": [
      16.173600018024445,
      12.143500000238419
    ]
  },
  "saveChanges": {
    "min": 17.318900018930435,
    "max": 26.496499985456467,
    "average": 21.90770000219345,
    "times": [
      17.318900018930435,
      26.496499985456467
    ]
  },
  "remove": {
    "min": 0.21529999375343323,
    "max": 0.21529999375343323,
    "average": 0.21529999375343323
  }
}