{
  "add": {
    "min": 0.02619999647140503,
    "max": 7.750699996948242,
    "average": 0.04138650243356824
  },
  "bulkDocs": {
    "min": 19.67179998755455,
    "max": 8979.234299987555,
    "average": 4499.453049987555,
    "times": [
      8979.234299987555,
      19.67179998755455
    ]
  },
  "saveChanges": {
    "min": 46.98680001497269,
    "max": 9097.953700006008,
    "average": 4572.47025001049,
    "times": [
      9097.953700006008,
      46.98680001497269
    ]
  },
  "optimize": {
    "min": 26327.841899991035,
    "max": 26327.841899991035,
    "average": 26327.841899991035,
    "times": [
      26327.841899991035
    ]
  }
}