{
  "link": {
    "min": 1024.4383000135422,
    "max": 1024.4383000135422,
    "average": 1024.4383000135422,
    "times": [
      1024.4383000135422
    ]
  },
  "bulkDocs": {
    "min": 179.39800000190735,
    "max": 179.39800000190735,
    "average": 179.39800000190735,
    "times": [
      179.39800000190735
    ]
  },
  "saveChanges": {
    "min": 182.21309998631477,
    "max": 182.21309998631477,
    "average": 182.21309998631477,
    "times": [
      182.21309998631477
    ]
  }
}