{
  "add": {
    "min": 0.029799997806549072,
    "max": 144.60910001397133,
    "average": 0.046608097591996196
  },
  "bulkDocs": {
    "min": 924.8611999750137,
    "max": 7991.61700001359,
    "average": 4458.239099994302,
    "times": [
      7991.61700001359,
      924.8611999750137
    ]
  },
  "saveChanges": {
    "min": 2111.6446000039577,
    "max": 8061.885900020599,
    "average": 5086.765250012279,
    "times": [
      8061.885900020599,
      2111.6446000039577
    ]
  },
  "optimize": {
    "min": 22890.43869999051,
    "max": 22890.43869999051,
    "average": 22890.43869999051,
    "times": [
      22890.43869999051
    ]
  },
  "all": {
    "min": 1772.465499997139,
    "max": 2017.2274000048637,
    "average": 1868.9872499927878,
    "times": [
      1896.3459999859333,
      1772.465499997139,
      2017.2274000048637,
      1789.9100999832153
    ]
  },
  "remove": {
    "min": 37.299299985170364,
    "max": 172.19730001688004,
    "average": 105.87882500141859
  }
}