{
  "add": {
    "min": 0.14709997177124023,
    "max": 0.14709997177124023,
    "average": 0.14709997177124023
  },
  "bulkDocs": {
    "min": 12.187099993228912,
    "max": 13.027300000190735,
    "average": 12.607199996709824,
    "times": [
      13.027300000190735,
      12.187099993228912
    ]
  },
  "saveChanges": {
    "min": 12.379700005054474,
    "max": 16.223700016736984,
    "average": 14.301700010895729,
    "times": [
      16.223700016736984,
      12.379700005054474
    ]
  },
  "first": {
    "min": 14.854099988937378,
    "max": 14.854099988937378,
    "average": 14.854099988937378,
    "times": [
      14.854099988937378
    ]
  }
}