{
  "add": {
    "min": 0.030099987983703613,
    "max": 137.9549999833107,
    "average": 0.04607476749792695
  },
  "bulkDocs": {
    "min": 7941.491599977016,
    "max": 7941.491599977016,
    "average": 7941.491599977016,
    "times": [
      7941.491599977016
    ]
  },
  "saveChanges": {
    "min": 8036.438300013542,
    "max": 8036.438300013542,
    "average": 8036.438300013542,
    "times": [
      8036.438300013542
    ]
  },
  "optimize": {
    "min": 22871.044100016356,
    "max": 22871.044100016356,
    "average": 22871.044100016356,
    "times": [
      22871.044100016356
    ]
  },
  "all": {
    "min": 1911.3954000175,
    "max": 1911.3954000175,
    "average": 1911.3954000175,
    "times": [
      1911.3954000175
    ]
  },
  "get": {
    "min": 302.3138000071049,
    "max": 302.3138000071049,
    "average": 302.3138000071049,
    "times": [
      302.3138000071049
    ]
  }
}