{
  "link": {
    "min": 23.36599999666214,
    "max": 23.36599999666214,
    "average": 23.36599999666214,
    "times": [
      23.36599999666214
    ]
  },
  "bulkDocs": {
    "min": 16.448399990797043,
    "max": 16.448399990797043,
    "average": 16.448399990797043,
    "times": [
      16.448399990797043
    ]
  },
  "saveChanges": {
    "min": 16.779000014066696,
    "max": 16.779000014066696,
    "average": 16.779000014066696,
    "times": [
      16.779000014066696
    ]
  }
}