{
  "add": {
    "min": 0.21650001406669617,
    "max": 0.21650001406669617,
    "average": 0.21650001406669617
  },
  "bulkDocs": {
    "min": 10.289900004863739,
    "max": 14.991799980401993,
    "average": 12.640849992632866,
    "times": [
      10.289900004863739,
      14.991799980401993
    ]
  },
  "saveChanges": {
    "min": 11.468899995088577,
    "max": 30.7887000143528,
    "average": 21.128800004720688,
    "times": [
      11.468899995088577,
      30.7887000143528
    ]
  },
  "remove": {
    "min": 0.21289998292922974,
    "max": 0.21289998292922974,
    "average": 0.21289998292922974
  }
}