{
  "link": {
    "min": 27.110500007867813,
    "max": 27.110500007867813,
    "average": 27.110500007867813,
    "times": [
      27.110500007867813
    ]
  },
  "bulkDocs": {
    "min": 18.08280000090599,
    "max": 18.08280000090599,
    "average": 18.08280000090599,
    "times": [
      18.08280000090599
    ]
  },
  "saveChanges": {
    "min": 18.464299976825714,
    "max": 18.464299976825714,
    "average": 18.464299976825714,
    "times": [
      18.464299976825714
    ]
  }
}