{
  "add": {
    "min": 0.030900001525878906,
    "max": 0.4023999869823456,
    "average": 0.03755119988322258
  },
  "bulkDocs": {
    "min": 19.81420001387596,
    "max": 98.23219999670982,
    "average": 59.02320000529289,
    "times": [
      98.23219999670982,
      19.81420001387596
    ]
  },
  "saveChanges": {
    "min": 20.898800015449524,
    "max": 100.17740002274513,
    "average": 60.53810001909733,
    "times": [
      100.17740002274513,
      20.898800015449524
    ]
  },
  "optimize": {
    "min": 611.668799996376,
    "max": 611.668799996376,
    "average": 611.668799996376,
    "times": [
      611.668799996376
    ]
  },
  "all": {
    "min": 76.68680000305176,
    "max": 76.68680000305176,
    "average": 76.68680000305176,
    "times": [
      76.68680000305176
    ]
  },
  "remove": {
    "min": 0.12319999933242798,
    "max": 0.12319999933242798,
    "average": 0.12319999933242798
  }
}