{
  "add": {
    "min": 0.029300004243850708,
    "max": 0.14320001006126404,
    "average": 0.03566359981894493
  },
  "bulkDocs": {
    "min": 14.731099992990494,
    "max": 102.15880000591278,
    "average": 58.44494999945164,
    "times": [
      102.15880000591278,
      14.731099992990494
    ]
  },
  "saveChanges": {
    "min": 15.268500000238419,
    "max": 103.63430002331734,
    "average": 59.45140001177788,
    "times": [
      103.63430002331734,
      15.268500000238419
    ]
  },
  "optimize": {
    "min": 612.4628999829292,
    "max": 612.4628999829292,
    "average": 612.4628999829292,
    "times": [
      612.4628999829292
    ]
  },
  "all": {
    "min": 77.77709999680519,
    "max": 77.77709999680519,
    "average": 77.77709999680519,
    "times": [
      77.77709999680519
    ]
  }
}