{
  "link": {
    "min": 1151.7791000008583,
    "max": 1151.7791000008583,
    "average": 1151.7791000008583,
    "times": [
      1151.7791000008583
    ]
  },
  "bulkDocs": {
    "min": 294.917199999094,
    "max": 294.917199999094,
    "average": 294.917199999094,
    "times": [
      294.917199999094
    ]
  },
  "saveChanges": {
    "min": 298.0886999964714,
    "max": 298.0886999964714,
    "average": 298.0886999964714,
    "times": [
      298.0886999964714
    ]
  }
}