{
  "add": {
    "min": 0.11919999122619629,
    "max": 0.11919999122619629,
    "average": 0.11919999122619629
  },
  "upsert": {
    "min": 11.630700021982193,
    "max": 11.630700021982193,
    "average": 11.630700021982193,
    "times": [
      11.630700021982193
    ]
  },
  "bulkDocs": {
    "min": 12.881400018930435,
    "max": 12.881400018930435,
    "average": 12.881400018930435,
    "times": [
      12.881400018930435
    ]
  },
  "saveChanges": {
    "min": 13.077700018882751,
    "max": 13.077700018882751,
    "average": 13.077700018882751,
    "times": [
      13.077700018882751
    ]
  }
}