{
  "add": {
    "min": 0.03020000457763672,
    "max": 130.7733999788761,
    "average": 0.047522489913553
  },
  "bulkDocs": {
    "min": 794.7938000261784,
    "max": 7757.011000007391,
    "average": 4275.902400016785,
    "times": [
      7757.011000007391,
      794.7938000261784
    ]
  },
  "saveChanges": {
    "min": 827.6380999982357,
    "max": 7844.908500015736,
    "average": 4336.273300006986,
    "times": [
      7844.908500015736,
      827.6380999982357
    ]
  },
  "optimize": {
    "min": 24553.191100001335,
    "max": 24553.191100001335,
    "average": 24553.191100001335,
    "times": [
      24553.191100001335
    ]
  },
  "all": {
    "min": 2095.404599994421,
    "max": 2344.303499996662,
    "average": 2189.6239750012755,
    "times": [
      2344.303499996662,
      2210.13560000062,
      2108.652200013399,
      2095.404599994421
    ]
  },
  "remove": {
    "min": 156.99639999866486,
    "max": 1230.5812999904156,
    "average": 685.4026999995112
  },
  "empty": {
    "min": 2501.4901000261307,
    "max": 3326.1089999973774,
    "average": 2875.148949995637,
    "times": [
      2501.4901000261307,
      2713.730499982834,
      2959.266199976206,
      3326.1089999973774
    ]
  }
}