{
  "add": {
    "min": 0.02459999918937683,
    "max": 7.796400010585785,
    "average": 0.03973381252065301
  },
  "bulkDocs": {
    "min": 19.49210000038147,
    "max": 8034.566599994898,
    "average": 4027.0293499976397,
    "times": [
      8034.566599994898,
      19.49210000038147
    ]
  },
  "saveChanges": {
    "min": 47.64159998297691,
    "max": 8130.597499996424,
    "average": 4089.1195499897003,
    "times": [
      8130.597499996424,
      47.64159998297691
    ]
  },
  "optimize": {
    "min": 22997.868000000715,
    "max": 22997.868000000715,
    "average": 22997.868000000715,
    "times": [
      22997.868000000715
    ]
  }
}