{
  "add": {
    "min": 0.02869999408721924,
    "max": 161.56260001659393,
    "average": 0.054178217454999684
  },
  "bulkDocs": {
    "min": 945.1820999979973,
    "max": 8392.821600019932,
    "average": 4669.0018500089645,
    "times": [
      8392.821600019932,
      945.1820999979973
    ]
  },
  "saveChanges": {
    "min": 2244.20220002532,
    "max": 8465.954600006342,
    "average": 5355.078400015831,
    "times": [
      8465.954600006342,
      2244.20220002532
    ]
  },
  "optimize": {
    "min": 25414.601600021124,
    "max": 25414.601600021124,
    "average": 25414.601600021124,
    "times": [
      25414.601600021124
    ]
  },
  "all": {
    "min": 1899.870600014925,
    "max": 2118.621399998665,
    "average": 1995.0917500033975,
    "times": [
      2042.9329000115395,
      1918.9420999884605,
      2118.621399998665,
      1899.870600014925
    ]
  },
  "remove": {
    "min": 36.38510000705719,
    "max": 178.6943999826908,
    "average": 108.69367498904467
  }
}