{
  "add": {
    "min": 0.029100000858306885,
    "max": 3.668600022792816,
    "average": 0.04535850018262863
  },
  "bulkDocs": {
    "min": 12.573599994182587,
    "max": 115.88320001959801,
    "average": 64.2284000068903,
    "times": [
      115.88320001959801,
      12.573599994182587
    ]
  },
  "saveChanges": {
    "min": 13.413199990987778,
    "max": 117.3977999985218,
    "average": 65.40549999475479,
    "times": [
      117.3977999985218,
      13.413199990987778
    ]
  },
  "optimize": {
    "min": 545.6647000014782,
    "max": 545.6647000014782,
    "average": 545.6647000014782,
    "times": [
      545.6647000014782
    ]
  }
}