{
  "add": {
    "min": 0.030100017786026,
    "max": 0.15389999747276306,
    "average": 0.041590399742126465
  },
  "bulkDocs": {
    "min": 109.76950001716614,
    "max": 109.76950001716614,
    "average": 109.76950001716614,
    "times": [
      109.76950001716614
    ]
  },
  "saveChanges": {
    "min": 116.02259999513626,
    "max": 116.02259999513626,
    "average": 116.02259999513626,
    "times": [
      116.02259999513626
    ]
  },
  "optimize": {
    "min": 722.5013000071049,
    "max": 722.5013000071049,
    "average": 722.5013000071049,
    "times": [
      722.5013000071049
    ]
  },
  "all": {
    "min": 81.16629999876022,
    "max": 81.16629999876022,
    "average": 81.16629999876022,
    "times": [
      81.16629999876022
    ]
  }
}