{
  "add": {
    "min": 0.02889999747276306,
    "max": 168.12430000305176,
    "average": 0.04698655503168702
  },
  "bulkDocs": {
    "min": 1020.8950999975204,
    "max": 8784.325699985027,
    "average": 4902.610399991274,
    "times": [
      8784.325699985027,
      1020.8950999975204
    ]
  },
  "saveChanges": {
    "min": 1063.40340000391,
    "max": 8877.344999998808,
    "average": 4970.374200001359,
    "times": [
      8877.344999998808,
      1063.40340000391
    ]
  },
  "optimize": {
    "min": 25277.40600001812,
    "max": 25277.40600001812,
    "average": 25277.40600001812,
    "times": [
      25277.40600001812
    ]
  },
  "all": {
    "min": 1950.7348999977112,
    "max": 2103.4249999821186,
    "average": 2030.9044749885798,
    "times": [
      1991.9975999891758,
      2103.4249999821186,
      1950.7348999977112,
      2077.4603999853134
    ]
  }
}