{
  "add": {
    "min": 0.030400007963180542,
    "max": 149.04199999570847,
    "average": 0.05104813745692372
  },
  "bulkDocs": {
    "min": 8788.080700010061,
    "max": 8788.080700010061,
    "average": 8788.080700010061,
    "times": [
      8788.080700010061
    ]
  },
  "saveChanges": {
    "min": 8885.677799999714,
    "max": 8885.677799999714,
    "average": 8885.677799999714,
    "times": [
      8885.677799999714
    ]
  },
  "optimize": {
    "min": 26423.01060000062,
    "max": 26423.01060000062,
    "average": 26423.01060000062,
    "times": [
      26423.01060000062
    ]
  },
  "all": {
    "min": 2089.542600005865,
    "max": 2089.542600005865,
    "average": 2089.542600005865,
    "times": [
      2089.542600005865
    ]
  },
  "get": {
    "min": 425.1769999861717,
    "max": 425.1769999861717,
    "average": 425.1769999861717,
    "times": [
      425.1769999861717
    ]
  }
}