{
  "add": {
    "min": 0.1868000030517578,
    "max": 0.1868000030517578,
    "average": 0.1868000030517578
  },
  "bulkDocs": {
    "min": 8.57150000333786,
    "max": 13.590000003576279,
    "average": 11.08075000345707,
    "times": [
      8.57150000333786,
      13.590000003576279
    ]
  },
  "saveChanges": {
    "min": 8.745100021362305,
    "max": 13.838899999856949,
    "average": 11.292000010609627,
    "times": [
      8.745100021362305,
      13.838899999856949
    ]
  },
  "remove": {
    "min": 0.2911999821662903,
    "max": 0.2911999821662903,
    "average": 0.2911999821662903
  }
}