{
  "link": {
    "min": 13.556100010871887,
    "max": 13.556100010871887,
    "average": 13.556100010871887,
    "times": [
      13.556100010871887
    ]
  },
  "bulkDocs": {
    "min": 13.770799994468689,
    "max": 13.770799994468689,
    "average": 13.770799994468689,
    "times": [
      13.770799994468689
    ]
  },
  "saveChanges": {
    "min": 14.066799998283386,
    "max": 14.066799998283386,
    "average": 14.066799998283386,
    "times": [
      14.066799998283386
    ]
  }
}