{
  "add": {
    "min": 0.03199997544288635,
    "max": 0.5488999783992767,
    "average": 0.0551195992231369
  },
  "bulkDocs": {
    "min": 149.20239999890327,
    "max": 149.20239999890327,
    "average": 149.20239999890327,
    "times": [
      149.20239999890327
    ]
  },
  "saveChanges": {
    "min": 151.79760000109673,
    "max": 151.79760000109673,
    "average": 151.79760000109673,
    "times": [
      151.79760000109673
    ]
  },
  "optimize": {
    "min": 669.554900020361,
    "max": 669.554900020361,
    "average": 669.554900020361,
    "times": [
      669.554900020361
    ]
  },
  "all": {
    "min": 85.43610000610352,
    "max": 85.43610000610352,
    "average": 85.43610000610352,
    "times": [
      85.43610000610352
    ]
  },
  "get": {
    "min": 27.866799980401993,
    "max": 27.866799980401993,
    "average": 27.866799980401993,
    "times": [
      27.866799980401993
    ]
  }
}