{
  "add": {
    "min": 0.27000001072883606,
    "max": 0.27000001072883606,
    "average": 0.27000001072883606
  },
  "bulkDocs": {
    "min": 9.457399994134903,
    "max": 9.457399994134903,
    "average": 9.457399994134903,
    "times": [
      9.457399994134903
    ]
  },
  "saveChanges": {
    "min": 9.659599989652634,
    "max": 9.659599989652634,
    "average": 9.659599989652634,
    "times": [
      9.659599989652634
    ]
  }
}