{
  "add": {
    "min": 0.02889999747276306,
    "max": 0.5174999833106995,
    "average": 0.04675600010156632
  },
  "bulkDocs": {
    "min": 14.507299989461899,
    "max": 99.47880002856255,
    "average": 56.99305000901222,
    "times": [
      99.47880002856255,
      14.507299989461899
    ]
  },
  "saveChanges": {
    "min": 31.437900006771088,
    "max": 101.36069998145103,
    "average": 66.39929999411106,
    "times": [
      101.36069998145103,
      31.437900006771088
    ]
  },
  "optimize": {
    "min": 652.7910999953747,
    "max": 652.7910999953747,
    "average": 652.7910999953747,
    "times": [
      652.7910999953747
    ]
  },
  "all": {
    "min": 87.20570001006126,
    "max": 87.20570001006126,
    "average": 87.20570001006126,
    "times": [
      87.20570001006126
    ]
  },
  "remove": {
    "min": 0.17669999599456787,
    "max": 0.17669999599456787,
    "average": 0.17669999599456787
  }
}