{
  "add": {
    "min": 0.03020000457763672,
    "max": 190.04449999332428,
    "average": 0.05023384241387248
  },
  "bulkDocs": {
    "min": 8734.750600010157,
    "max": 8734.750600010157,
    "average": 8734.750600010157,
    "times": [
      8734.750600010157
    ]
  },
  "saveChanges": {
    "min": 8840.566499978304,
    "max": 8840.566499978304,
    "average": 8840.566499978304,
    "times": [
      8840.566499978304
    ]
  },
  "optimize": {
    "min": 26595.42759999633,
    "max": 26595.42759999633,
    "average": 26595.42759999633,
    "times": [
      26595.42759999633
    ]
  },
  "all": {
    "min": 1964.1328999996185,
    "max": 1964.1328999996185,
    "average": 1964.1328999996185,
    "times": [
      1964.1328999996185
    ]
  }
}