{
  "add": {
    "min": 0.1508999764919281,
    "max": 0.1508999764919281,
    "average": 0.1508999764919281
  },
  "bulkDocs": {
    "min": 12.926799982786179,
    "max": 13.300200015306473,
    "average": 13.113499999046326,
    "times": [
      13.300200015306473,
      12.926799982786179
    ]
  },
  "saveChanges": {
    "min": 13.243400007486343,
    "max": 14.252400010824203,
    "average": 13.747900009155273,
    "times": [
      14.252400010824203,
      13.243400007486343
    ]
  },
  "first": {
    "min": 15.80460000038147,
    "max": 15.80460000038147,
    "average": 15.80460000038147,
    "times": [
      15.80460000038147
    ]
  }
}