{
  "add": {
    "min": 0.034299999475479126,
    "max": 3.8871999979019165,
    "average": 0.06739560014009476
  },
  "bulkDocs": {
    "min": 97.3885999917984,
    "max": 97.3885999917984,
    "average": 97.3885999917984,
    "times": [
      97.3885999917984
    ]
  },
  "saveChanges": {
    "min": 99.29570001363754,
    "max": 99.29570001363754,
    "average": 99.29570001363754,
    "times": [
      99.29570001363754
    ]
  },
  "optimize": {
    "min": 575.3895999789238,
    "max": 575.3895999789238,
    "average": 575.3895999789238,
    "times": [
      575.3895999789238
    ]
  },
  "all": {
    "min": 73.2436999976635,
    "max": 73.2436999976635,
    "average": 73.2436999976635,
    "times": [
      73.2436999976635
    ]
  }
}