{
  "add": {
    "min": 0.0350000262260437,
    "max": 3.6440999805927277,
    "average": 0.06861510014533996
  },
  "bulkDocs": {
    "min": 93.99009999632835,
    "max": 93.99009999632835,
    "average": 93.99009999632835,
    "times": [
      93.99009999632835
    ]
  },
  "saveChanges": {
    "min": 95.50709998607635,
    "max": 95.50709998607635,
    "average": 95.50709998607635,
    "times": [
      95.50709998607635
    ]
  },
  "optimize": {
    "min": 607.0000999867916,
    "max": 607.0000999867916,
    "average": 607.0000999867916,
    "times": [
      607.0000999867916
    ]
  },
  "all": {
    "min": 71.99540001153946,
    "max": 71.99540001153946,
    "average": 71.99540001153946,
    "times": [
      71.99540001153946
    ]
  },
  "get": {
    "min": 22.79280000925064,
    "max": 22.79280000925064,
    "average": 22.79280000925064,
    "times": [
      22.79280000925064
    ]
  }
}