{
  "add": {
    "min": 0.03389999270439148,
    "max": 128.21570000052452,
    "average": 2.2192536900147797
  },
  "bulkDocs": {
    "min": 756.4586000144482,
    "max": 7509.672100007534,
    "average": 4133.065350010991,
    "times": [
      7509.672100007534,
      756.4586000144482
    ]
  },
  "saveChanges": {
    "min": 780.8853999972343,
    "max": 7598.213899999857,
    "average": 4189.549649998546,
    "times": [
      7598.213899999857,
      780.8853999972343
    ]
  },
  "optimize": {
    "min": 22166.24010002613,
    "max": 22166.24010002613,
    "average": 22166.24010002613,
    "times": [
      22166.24010002613
    ]
  },
  "all": {
    "min": 1770.5134000182152,
    "max": 1918.4943000078201,
    "average": 1855.2254750058055,
    "times": [
      1770.5134000182152,
      1904.7193000018597,
      1827.174899995327,
      1918.4943000078201
    ]
  },
  "remove": {
    "min": 142.36360001564026,
    "max": 1002.5270999968052,
    "average": 569.6201500073075
  },
  "empty": {
    "min": 1913.0157000124454,
    "max": 2921.067000001669,
    "average": 2424.9182000011206,
    "times": [
      1913.0157000124454,
      2330.160400003195,
      2535.429699987173,
      2921.067000001669
    ]
  }
}