{
  "add": {
    "min": 0.034299999475479126,
    "max": 3.8736000061035156,
    "average": 0.0740667005777359
  },
  "bulkDocs": {
    "min": 13.50670000910759,
    "max": 98.25460001826286,
    "average": 55.880650013685226,
    "times": [
      98.25460001826286,
      13.50670000910759
    ]
  },
  "saveChanges": {
    "min": 14.053900003433228,
    "max": 100.04339998960495,
    "average": 57.04864999651909,
    "times": [
      100.04339998960495,
      14.053900003433228
    ]
  },
  "optimize": {
    "min": 587.3355000019073,
    "max": 587.3355000019073,
    "average": 587.3355000019073,
    "times": [
      587.3355000019073
    ]
  },
  "all": {
    "min": 76.20089998841286,
    "max": 76.20089998841286,
    "average": 76.20089998841286,
    "times": [
      76.20089998841286
    ]
  }
}