{
  "add": {
    "min": 0.032399982213974,
    "max": 0.5247000157833099,
    "average": 0.07802820029854775
  },
  "bulkDocs": {
    "min": 121.42449998855591,
    "max": 121.42449998855591,
    "average": 121.42449998855591,
    "times": [
      121.42449998855591
    ]
  },
  "saveChanges": {
    "min": 122.78859999775887,
    "max": 122.78859999775887,
    "average": 122.78859999775887,
    "times": [
      122.78859999775887
    ]
  },
  "optimize": {
    "min": 684.8792000114918,
    "max": 684.8792000114918,
    "average": 684.8792000114918,
    "times": [
      684.8792000114918
    ]
  },
  "all": {
    "min": 81.63440001010895,
    "max": 81.63440001010895,
    "average": 81.63440001010895,
    "times": [
      81.63440001010895
    ]
  }
}