{
  "add": {
    "min": 0.0340999960899353,
    "max": 145.20629999041557,
    "average": 1.4943339374937117
  },
  "bulkDocs": {
    "min": 7609.982200026512,
    "max": 7609.982200026512,
    "average": 7609.982200026512,
    "times": [
      7609.982200026512
    ]
  },
  "saveChanges": {
    "min": 7683.756200015545,
    "max": 7683.756200015545,
    "average": 7683.756200015545,
    "times": [
      7683.756200015545
    ]
  },
  "optimize": {
    "min": 22197.79929998517,
    "max": 22197.79929998517,
    "average": 22197.79929998517,
    "times": [
      22197.79929998517
    ]
  },
  "all": {
    "min": 1872.4189999997616,
    "max": 1872.4189999997616,
    "average": 1872.4189999997616,
    "times": [
      1872.4189999997616
    ]
  }
}