{
  "add": {
    "min": 0.03360000252723694,
    "max": 151.28159999847412,
    "average": 1.4900128049351276
  },
  "bulkDocs": {
    "min": 765.6208000183105,
    "max": 7668.68259999156,
    "average": 4217.151700004935,
    "times": [
      7668.68259999156,
      765.6208000183105
    ]
  },
  "saveChanges": {
    "min": 790.4517999887466,
    "max": 7753.701600015163,
    "average": 4272.076700001955,
    "times": [
      7753.701600015163,
      790.4517999887466
    ]
  },
  "optimize": {
    "min": 22773.075699985027,
    "max": 22773.075699985027,
    "average": 22773.075699985027,
    "times": [
      22773.075699985027
    ]
  },
  "all": {
    "min": 1760.3609999716282,
    "max": 1955.7493999898434,
    "average": 1850.1733749881387,
    "times": [
      1912.5768999755383,
      1760.3609999716282,
      1955.7493999898434,
      1772.006200015545
    ]
  }
}