{
  "add": {
    "min": 0.03139999508857727,
    "max": 0.2622999846935272,
    "average": 0.0677523002922535
  },
  "bulkDocs": {
    "min": 14.10130000114441,
    "max": 94.13429999351501,
    "average": 54.11779999732971,
    "times": [
      94.13429999351501,
      14.10130000114441
    ]
  },
  "saveChanges": {
    "min": 14.709199994802475,
    "max": 95.78040000796318,
    "average": 55.24480000138283,
    "times": [
      95.78040000796318,
      14.709199994802475
    ]
  },
  "optimize": {
    "min": 590.9945999979973,
    "max": 590.9945999979973,
    "average": 590.9945999979973,
    "times": [
      590.9945999979973
    ]
  },
  "all": {
    "min": 75.32880002260208,
    "max": 75.32880002260208,
    "average": 75.32880002260208,
    "times": [
      75.32880002260208
    ]
  },
  "remove": {
    "min": 0.12970000505447388,
    "max": 0.12970000505447388,
    "average": 0.12970000505447388
  }
}