{
  "add": {
    "min": 0.11469998955726624,
    "max": 0.11469998955726624,
    "average": 0.11469998955726624
  },
  "bulkDocs": {
    "min": 8.599599987268448,
    "max": 11.807599991559982,
    "average": 10.203599989414215,
    "times": [
      8.599599987268448,
      11.807599991559982
    ]
  },
  "saveChanges": {
    "min": 8.765100002288818,
    "max": 12.08840000629425,
    "average": 10.426750004291534,
    "times": [
      8.765100002288818,
      12.08840000629425
    ]
  },
  "first": {
    "min": 15.390300005674362,
    "max": 15.390300005674362,
    "average": 15.390300005674362,
    "times": [
      15.390300005674362
    ]
  }
}