{
  "add": {
    "min": 0.029399991035461426,
    "max": 7.550000011920929,
    "average": 1.4522761150158943
  },
  "bulkDocs": {
    "min": 19.54060000181198,
    "max": 7508.246799975634,
    "average": 3763.893699988723,
    "times": [
      7508.246799975634,
      19.54060000181198
    ]
  },
  "saveChanges": {
    "min": 40.88789999485016,
    "max": 7593.901499986649,
    "average": 3817.3946999907494,
    "times": [
      7593.901499986649,
      40.88789999485016
    ]
  },
  "optimize": {
    "min": 22489.11289998889,
    "max": 22489.11289998889,
    "average": 22489.11289998889,
    "times": [
      22489.11289998889
    ]
  }
}