{
  "add": {
    "min": 0.039900004863739014,
    "max": 0.5363999903202057,
    "average": 0.07123739945888519
  },
  "bulkDocs": {
    "min": 15.15709999203682,
    "max": 96.67689999938011,
    "average": 55.916999995708466,
    "times": [
      96.67689999938011,
      15.15709999203682
    ]
  },
  "saveChanges": {
    "min": 15.75220000743866,
    "max": 98.02989998459816,
    "average": 56.89104999601841,
    "times": [
      98.02989998459816,
      15.75220000743866
    ]
  },
  "optimize": {
    "min": 551.0585999786854,
    "max": 551.0585999786854,
    "average": 551.0585999786854,
    "times": [
      551.0585999786854
    ]
  }
}