{
  "add": {
    "min": 0.2118000090122223,
    "max": 0.2118000090122223,
    "average": 0.2118000090122223
  },
  "bulkDocs": {
    "min": 9.22630000114441,
    "max": 9.22630000114441,
    "average": 9.22630000114441,
    "times": [
      9.22630000114441
    ]
  },
  "saveChanges": {
    "min": 9.437299996614456,
    "max": 9.437299996614456,
    "average": 9.437299996614456,
    "times": [
      9.437299996614456
    ]
  }
}