{
  "add": {
    "min": 0.03420001268386841,
    "max": 139.17309999465942,
    "average": 1.73294872995466
  },
  "bulkDocs": {
    "min": 7496.716700017452,
    "max": 7496.716700017452,
    "average": 7496.716700017452,
    "times": [
      7496.716700017452
    ]
  },
  "saveChanges": {
    "min": 7587.582199990749,
    "max": 7587.582199990749,
    "average": 7587.582199990749,
    "times": [
      7587.582199990749
    ]
  },
  "optimize": {
    "min": 23596.019600003958,
    "max": 23596.019600003958,
    "average": 23596.019600003958,
    "times": [
      23596.019600003958
    ]
  },
  "all": {
    "min": 1906.6404999792576,
    "max": 1906.6404999792576,
    "average": 1906.6404999792576,
    "times": [
      1906.6404999792576
    ]
  },
  "get": {
    "min": 324.2790000140667,
    "max": 324.2790000140667,
    "average": 324.2790000140667,
    "times": [
      324.2790000140667
    ]
  }
}