{
  "add": {
    "min": 0.03419998288154602,
    "max": 4.077300012111664,
    "average": 0.07096489945054055
  },
  "bulkDocs": {
    "min": 13.759499996900558,
    "max": 89.89259999990463,
    "average": 51.826049998402596,
    "times": [
      89.89259999990463,
      13.759499996900558
    ]
  },
  "saveChanges": {
    "min": 29.191599994897842,
    "max": 91.43279999494553,
    "average": 60.312199994921684,
    "times": [
      91.43279999494553,
      29.191599994897842
    ]
  },
  "optimize": {
    "min": 552.0746000111103,
    "max": 552.0746000111103,
    "average": 552.0746000111103,
    "times": [
      552.0746000111103
    ]
  },
  "all": {
    "min": 74.75180000066757,
    "max": 74.75180000066757,
    "average": 74.75180000066757,
    "times": [
      74.75180000066757
    ]
  },
  "remove": {
    "min": 0.15320000052452087,
    "max": 0.15320000052452087,
    "average": 0.15320000052452087
  }
}