{
  "add": {
    "min": 0.034600019454956055,
    "max": 156.70119997859,
    "average": 1.5065503075569868
  },
  "bulkDocs": {
    "min": 763.5311000049114,
    "max": 7703.3828999996185,
    "average": 4233.457000002265,
    "times": [
      7703.3828999996185,
      763.5311000049114
    ]
  },
  "saveChanges": {
    "min": 1943.9145999848843,
    "max": 7767.7629000246525,
    "average": 4855.838750004768,
    "times": [
      7767.7629000246525,
      1943.9145999848843
    ]
  },
  "optimize": {
    "min": 22624.313400000334,
    "max": 22624.313400000334,
    "average": 22624.313400000334,
    "times": [
      22624.313400000334
    ]
  },
  "all": {
    "min": 1797.5819000005722,
    "max": 1938.0351999998093,
    "average": 1856.973024994135,
    "times": [
      1797.5819000005722,
      1889.9566999971867,
      1802.3182999789715,
      1938.0351999998093
    ]
  },
  "remove": {
    "min": 33.571299999952316,
    "max": 156.93349999189377,
    "average": 94.37189999967813
  }
}