{
  "add": {
    "min": 0.09639999270439148,
    "max": 0.09639999270439148,
    "average": 0.09639999270439148
  },
  "bulkDocs": {
    "min": 10.417300015687943,
    "max": 12.174800008535385,
    "average": 11.296050012111664,
    "times": [
      10.417300015687943,
      12.174800008535385
    ]
  },
  "saveChanges": {
    "min": 12.797699987888336,
    "max": 26.1947999894619,
    "average": 19.496249988675117,
    "times": [
      12.797699987888336,
      26.1947999894619
    ]
  },
  "remove": {
    "min": 0.2215999960899353,
    "max": 0.2215999960899353,
    "average": 0.2215999960899353
  }
}