{
  "add": {
    "min": 0.2102999985218048,
    "max": 0.2102999985218048,
    "average": 0.2102999985218048
  },
  "bulkDocs": {
    "min": 8.469399988651276,
    "max": 14.333700001239777,
    "average": 11.401549994945526,
    "times": [
      8.469399988651276,
      14.333700001239777
    ]
  },
  "saveChanges": {
    "min": 8.637099981307983,
    "max": 14.509799987077713,
    "average": 11.573449984192848,
    "times": [
      8.637099981307983,
      14.509799987077713
    ]
  },
  "remove": {
    "min": 0.24729999899864197,
    "max": 0.24729999899864197,
    "average": 0.24729999899864197
  }
}