{
  "link": {
    "min": 1111.0474999845028,
    "max": 1111.0474999845028,
    "average": 1111.0474999845028,
    "times": [
      1111.0474999845028
    ]
  },
  "bulkDocs": {
    "min": 229.69639998674393,
    "max": 229.69639998674393,
    "average": 229.69639998674393,
    "times": [
      229.69639998674393
    ]
  },
  "saveChanges": {
    "min": 236.31409999728203,
    "max": 236.31409999728203,
    "average": 236.31409999728203,
    "times": [
      236.31409999728203
    ]
  }
}