{
  "add": {
    "delta": {
      "min": 0.0010000169277191162,
      "max": 3.6064000129699707,
      "average": 0.004457000255584723
    },
    "v1.4.2": {
      "min": 0.034299999475479126,
      "max": 3.8736000061035156,
      "average": 0.0740667005777359
    },
    "v1.4.1": {
      "min": 0.03329998254776001,
      "max": 0.2671999931335449,
      "average": 0.06960970032215118
    }
  },
  "bulkDocs": {
    "delta": {
      "min": -0.5849999487400055,
      "max": -1.687199980020523,
      "average": -1.1360999643802643
    },
    "v1.4.2": {
      "min": 13.50670000910759,
      "max": 98.25460001826286,
      "average": 55.880650013685226
    },
    "v1.4.1": {
      "min": 14.091699957847595,
      "max": 99.94179999828339,
      "average": 57.01674997806549
    }
  },
  "saveChanges": {
    "delta": {
      "min": -0.5875000357627869,
      "max": -1.9987000226974487,
      "average": -1.2931000292301178
    },
    "v1.4.2": {
      "min": 14.053900003433228,
      "max": 100.04339998960495,
      "average": 57.04864999651909
    },
    "v1.4.1": {
      "min": 14.641400039196014,
      "max": 102.0421000123024,
      "average": 58.34175002574921
    }
  },
  "optimize": {
    "delta": {
      "min": 2.194000005722046,
      "max": 2.194000005722046,
      "average": 2.194000005722046
    },
    "v1.4.2": {
      "min": 587.3355000019073,
      "max": 587.3355000019073,
      "average": 587.3355000019073
    },
    "v1.4.1": {
      "min": 585.1414999961853,
      "max": 585.1414999961853,
      "average": 585.1414999961853
    }
  },
  "all": {
    "delta": {
      "min": -1.9129000008106232,
      "max": -1.9129000008106232,
      "average": -1.9129000008106232
    },
    "v1.4.2": {
      "min": 76.20089998841286,
      "max": 76.20089998841286,
      "average": 76.20089998841286
    },
    "v1.4.1": {
      "min": 78.11379998922348,
      "max": 78.11379998922348,
      "average": 78.11379998922348
    }
  }
}