{
  "add": {
    "delta": {
      "min": -0.0007999539375305176,
      "max": 0.8964999616146088,
      "average": -0.0033892996907234213
    },
    "v1.4.2": {
      "min": 0.0350000262260437,
      "max": 3.6440999805927277,
      "average": 0.06861510014533996
    },
    "v1.4.1": {
      "min": 0.03579998016357422,
      "max": 2.747600018978119,
      "average": 0.07200439983606338
    }
  },
  "bulkDocs": {
    "delta": {
      "min": -14.107800036668777,
      "max": -14.107800036668777,
      "average": -14.107800036668777
    },
    "v1.4.2": {
      "min": 93.99009999632835,
      "max": 93.99009999632835,
      "average": 93.99009999632835
    },
    "v1.4.1": {
      "min": 108.09790003299713,
      "max": 108.09790003299713,
      "average": 108.09790003299713
    }
  },
  "saveChanges": {
    "delta": {
      "min": -25.09009999036789,
      "max": -25.09009999036789,
      "average": -25.09009999036789
    },
    "v1.4.2": {
      "min": 95.50709998607635,
      "max": 95.50709998607635,
      "average": 95.50709998607635
    },
    "v1.4.1": {
      "min": 120.59719997644424,
      "max": 120.59719997644424,
      "average": 120.59719997644424
    }
  },
  "optimize": {
    "delta": {
      "min": -27.853700011968613,
      "max": -27.853700011968613,
      "average": -27.853700011968613
    },
    "v1.4.2": {
      "min": 607.0000999867916,
      "max": 607.0000999867916,
      "average": 607.0000999867916
    },
    "v1.4.1": {
      "min": 634.8537999987602,
      "max": 634.8537999987602,
      "average": 634.8537999987602
    }
  },
  "all": {
    "delta": {
      "min": -5.278299987316132,
      "max": -5.278299987316132,
      "average": -5.278299987316132
    },
    "v1.4.2": {
      "min": 71.99540001153946,
      "max": 71.99540001153946,
      "average": 71.99540001153946
    },
    "v1.4.1": {
      "min": 77.27369999885559,
      "max": 77.27369999885559,
      "average": 77.27369999885559
    }
  },
  "get": {
    "delta": {
      "min": -3.233799993991852,
      "max": -3.233799993991852,
      "average": -3.233799993991852
    },
    "v1.4.2": {
      "min": 22.79280000925064,
      "max": 22.79280000925064,
      "average": 22.79280000925064
    },
    "v1.4.1": {
      "min": 26.026600003242493,
      "max": 26.026600003242493,
      "average": 26.026600003242493
    }
  }
}