{
  "add": {
    "delta": {
      "min": 0.0006999969482421875,
      "max": -2.5196000039577484,
      "average": -0.004710901856422436
    },
    "v1.4.2": {
      "min": 0.039900004863739014,
      "max": 0.5363999903202057,
      "average": 0.07123739945888519
    },
    "v1.4.1": {
      "min": 0.039200007915496826,
      "max": 3.055999994277954,
      "average": 0.07594830131530762
    }
  },
  "bulkDocs": {
    "delta": {
      "min": 0.8368000090122223,
      "max": -0.9748000204563141,
      "average": -0.0690000057220459
    },
    "v1.4.2": {
      "min": 15.15709999203682,
      "max": 96.67689999938011,
      "average": 55.916999995708466
    },
    "v1.4.1": {
      "min": 14.320299983024597,
      "max": 97.65170001983643,
      "average": 55.98600000143051
    }
  },
  "saveChanges": {
    "delta": {
      "min": 0.815500020980835,
      "max": -2.612800031900406,
      "average": -0.8986500054597855
    },
    "v1.4.2": {
      "min": 15.75220000743866,
      "max": 98.02989998459816,
      "average": 56.89104999601841
    },
    "v1.4.1": {
      "min": 14.936699986457825,
      "max": 100.64270001649857,
      "average": 57.789700001478195
    }
  },
  "optimize": {
    "delta": {
      "min": 16.025899976491928,
      "max": 16.025899976491928,
      "average": 16.025899976491928
    },
    "v1.4.2": {
      "min": 551.0585999786854,
      "max": 551.0585999786854,
      "average": 551.0585999786854
    },
    "v1.4.1": {
      "min": 535.0327000021935,
      "max": 535.0327000021935,
      "average": 535.0327000021935
    }
  }
}