{
  "add": {
    "delta": {
      "min": 0.001699984073638916,
      "max": -15.217200011014938,
      "average": 0.005108084926754186
    },
    "v1.4.2": {
      "min": 0.0340999960899353,
      "max": 145.20629999041557,
      "average": 1.4943339374937117
    },
    "v1.4.1": {
      "min": 0.03240001201629639,
      "max": 160.4235000014305,
      "average": 1.4892258525669575
    }
  },
  "bulkDocs": {
    "delta": {
      "min": -1034.4291999936104,
      "max": -1034.4291999936104,
      "average": -1034.4291999936104
    },
    "v1.4.2": {
      "min": 7609.982200026512,
      "max": 7609.982200026512,
      "average": 7609.982200026512
    },
    "v1.4.1": {
      "min": 8644.411400020123,
      "max": 8644.411400020123,
      "average": 8644.411400020123
    }
  },
  "saveChanges": {
    "delta": {
      "min": -1056.8339999318123,
      "max": -1056.8339999318123,
      "average": -1056.8339999318123
    },
    "v1.4.2": {
      "min": 7683.756200015545,
      "max": 7683.756200015545,
      "average": 7683.756200015545
    },
    "v1.4.1": {
      "min": 8740.590199947357,
      "max": 8740.590199947357,
      "average": 8740.590199947357
    }
  },
  "optimize": {
    "delta": {
      "min": -2000.2628000080585,
      "max": -2000.2628000080585,
      "average": -2000.2628000080585
    },
    "v1.4.2": {
      "min": 22197.79929998517,
      "max": 22197.79929998517,
      "average": 22197.79929998517
    },
    "v1.4.1": {
      "min": 24198.06209999323,
      "max": 24198.06209999323,
      "average": 24198.06209999323
    }
  },
  "all": {
    "delta": {
      "min": -162.7407999932766,
      "max": -162.7407999932766,
      "average": -162.7407999932766
    },
    "v1.4.2": {
      "min": 1872.4189999997616,
      "max": 1872.4189999997616,
      "average": 1872.4189999997616
    },
    "v1.4.1": {
      "min": 2035.1597999930382,
      "max": 2035.1597999930382,
      "average": 2035.1597999930382
    }
  }
}