{
  "add": {
    "delta": {
      "min": 0.0004999935626983643,
      "max": 0.3686000108718872,
      "average": -0.0011454997658729565
    },
    "v1.4.2": {
      "min": 0.034299999475479126,
      "max": 3.8871999979019165,
      "average": 0.06739560014009476
    },
    "v1.4.1": {
      "min": 0.03380000591278076,
      "max": 3.5185999870300293,
      "average": 0.06854109990596771
    }
  },
  "bulkDocs": {
    "delta": {
      "min": 2.483900010585785,
      "max": 2.483900010585785,
      "average": 2.483900010585785
    },
    "v1.4.2": {
      "min": 97.3885999917984,
      "max": 97.3885999917984,
      "average": 97.3885999917984
    },
    "v1.4.1": {
      "min": 94.90469998121262,
      "max": 94.90469998121262,
      "average": 94.90469998121262
    }
  },
  "saveChanges": {
    "delta": {
      "min": 3.0705999732017517,
      "max": 3.0705999732017517,
      "average": 3.0705999732017517
    },
    "v1.4.2": {
      "min": 99.29570001363754,
      "max": 99.29570001363754,
      "average": 99.29570001363754
    },
    "v1.4.1": {
      "min": 96.22510004043579,
      "max": 96.22510004043579,
      "average": 96.22510004043579
    }
  },
  "optimize": {
    "delta": {
      "min": 11.9239000082016,
      "max": 11.9239000082016,
      "average": 11.9239000082016
    },
    "v1.4.2": {
      "min": 575.3895999789238,
      "max": 575.3895999789238,
      "average": 575.3895999789238
    },
    "v1.4.1": {
      "min": 563.4656999707222,
      "max": 563.4656999707222,
      "average": 563.4656999707222
    }
  },
  "all": {
    "delta": {
      "min": -4.761199980974197,
      "max": -4.761199980974197,
      "average": -4.761199980974197
    },
    "v1.4.2": {
      "min": 73.2436999976635,
      "max": 73.2436999976635,
      "average": 73.2436999976635
    },
    "v1.4.1": {
      "min": 78.0048999786377,
      "max": 78.0048999786377,
      "average": 78.0048999786377
    }
  }
}