{
  "add": {
    "delta": {
      "min": -0.022399991750717163,
      "max": -0.022399991750717163,
      "average": -0.022399991750717163
    },
    "v1.4.2": {
      "min": 0.2118000090122223,
      "max": 0.2118000090122223,
      "average": 0.2118000090122223
    },
    "v1.4.1": {
      "min": 0.23420000076293945,
      "max": 0.23420000076293945,
      "average": 0.23420000076293945
    }
  },
  "bulkDocs": {
    "delta": {
      "min": -3.4171000123023987,
      "max": -3.4171000123023987,
      "average": -3.4171000123023987
    },
    "v1.4.2": {
      "min": 9.22630000114441,
      "max": 9.22630000114441,
      "average": 9.22630000114441
    },
    "v1.4.1": {
      "min": 12.643400013446808,
      "max": 12.643400013446808,
      "average": 12.643400013446808
    }
  },
  "saveChanges": {
    "delta": {
      "min": -3.421099990606308,
      "max": -3.421099990606308,
      "average": -3.421099990606308
    },
    "v1.4.2": {
      "min": 9.437299996614456,
      "max": 9.437299996614456,
      "average": 9.437299996614456
    },
    "v1.4.1": {
      "min": 12.858399987220764,
      "max": 12.858399987220764,
      "average": 12.858399987220764
    }
  }
}