{
  "add": {
    "delta": {
      "min": -0.0013000071048736572,
      "max": 3.5367000102996826,
      "average": 0.004245999068021783
    },
    "v1.4.2": {
      "min": 0.03419998288154602,
      "max": 4.077300012111664,
      "average": 0.07096489945054055
    },
    "v1.4.1": {
      "min": 0.03549998998641968,
      "max": 0.5406000018119812,
      "average": 0.06671890038251876
    }
  },
  "bulkDocs": {
    "delta": {
      "min": 0.1680000126361847,
      "max": -1.7965999841690063,
      "average": -0.8142999857664108
    },
    "v1.4.2": {
      "min": 13.759499996900558,
      "max": 89.89259999990463,
      "average": 51.826049998402596
    },
    "v1.4.1": {
      "min": 13.591499984264374,
      "max": 91.68919998407364,
      "average": 52.640349984169006
    }
  },
  "saveChanges": {
    "delta": {
      "min": -0.5586000382900238,
      "max": -1.807099997997284,
      "average": -1.1828500181436539
    },
    "v1.4.2": {
      "min": 29.191599994897842,
      "max": 91.43279999494553,
      "average": 60.312199994921684
    },
    "v1.4.1": {
      "min": 29.750200033187866,
      "max": 93.23989999294281,
      "average": 61.49505001306534
    }
  },
  "optimize": {
    "delta": {
      "min": -33.767800003290176,
      "max": -33.767800003290176,
      "average": -33.767800003290176
    },
    "v1.4.2": {
      "min": 552.0746000111103,
      "max": 552.0746000111103,
      "average": 552.0746000111103
    },
    "v1.4.1": {
      "min": 585.8424000144005,
      "max": 585.8424000144005,
      "average": 585.8424000144005
    }
  },
  "all": {
    "delta": {
      "min": -0.7039999961853027,
      "max": -0.7039999961853027,
      "average": -0.7039999961853027
    },
    "v1.4.2": {
      "min": 74.75180000066757,
      "max": 74.75180000066757,
      "average": 74.75180000066757
    },
    "v1.4.1": {
      "min": 75.45579999685287,
      "max": 75.45579999685287,
      "average": 75.45579999685287
    }
  },
  "remove": {
    "delta": {
      "min": -0.0949999988079071,
      "max": -0.0949999988079071,
      "average": -0.0949999988079071
    },
    "v1.4.2": {
      "min": 0.15320000052452087,
      "max": 0.15320000052452087,
      "average": 0.15320000052452087
    },
    "v1.4.1": {
      "min": 0.24819999933242798,
      "max": 0.24819999933242798,
      "average": 0.24819999933242798
    }
  }
}