{
  "add": {
    "delta": {
      "min": -0.008299976587295532,
      "max": -0.008299976587295532,
      "average": -0.008299976587295532
    },
    "v1.4.2": {
      "min": 0.09639999270439148,
      "max": 0.09639999270439148,
      "average": 0.09639999270439148
    },
    "v1.4.1": {
      "min": 0.10469996929168701,
      "max": 0.10469996929168701,
      "average": 0.10469996929168701
    }
  },
  "bulkDocs": {
    "delta": {
      "min": 0.4130000174045563,
      "max": -0.7740999758243561,
      "average": -0.1805499792098999
    },
    "v1.4.2": {
      "min": 10.417300015687943,
      "max": 12.174800008535385,
      "average": 11.296050012111664
    },
    "v1.4.1": {
      "min": 10.004299998283386,
      "max": 12.948899984359741,
      "average": 11.476599991321564
    }
  },
  "saveChanges": {
    "delta": {
      "min": 0.24119997024536133,
      "max": -0.9201000034809113,
      "average": -0.33945001661777496
    },
    "v1.4.2": {
      "min": 12.797699987888336,
      "max": 26.1947999894619,
      "average": 19.496249988675117
    },
    "v1.4.1": {
      "min": 12.556500017642975,
      "max": 27.11489999294281,
      "average": 19.835700005292892
    }
  },
  "remove": {
    "delta": {
      "min": -0.02030003070831299,
      "max": -0.02030003070831299,
      "average": -0.02030003070831299
    },
    "v1.4.2": {
      "min": 0.2215999960899353,
      "max": 0.2215999960899353,
      "average": 0.2215999960899353
    },
    "v1.4.1": {
      "min": 0.2419000267982483,
      "max": 0.2419000267982483,
      "average": 0.2419000267982483
    }
  }
}