{
  "add": {
    "delta": {
      "min": -0.0004000067710876465,
      "max": -3.0262999534606934,
      "average": -0.15970500001087773
    },
    "v1.4.2": {
      "min": 0.029399991035461426,
      "max": 7.550000011920929,
      "average": 1.4522761150158943
    },
    "v1.4.1": {
      "min": 0.029799997806549072,
      "max": 10.576299965381622,
      "average": 1.611981115026772
    }
  },
  "bulkDocs": {
    "delta": {
      "min": 4.660800039768219,
      "max": 50.38019993901253,
      "average": 27.520499989390373
    },
    "v1.4.2": {
      "min": 19.54060000181198,
      "max": 7508.246799975634,
      "average": 3763.893699988723
    },
    "v1.4.1": {
      "min": 14.879799962043762,
      "max": 7457.866600036621,
      "average": 3736.3731999993324
    }
  },
  "saveChanges": {
    "delta": {
      "min": -2.6162999868392944,
      "max": 39.662400007247925,
      "average": 18.523050010204315
    },
    "v1.4.2": {
      "min": 40.88789999485016,
      "max": 7593.901499986649,
      "average": 3817.3946999907494
    },
    "v1.4.1": {
      "min": 43.50419998168945,
      "max": 7554.239099979401,
      "average": 3798.871649980545
    }
  },
  "optimize": {
    "delta": {
      "min": 456.3558999598026,
      "max": 456.3558999598026,
      "average": 456.3558999598026
    },
    "v1.4.2": {
      "min": 22489.11289998889,
      "max": 22489.11289998889,
      "average": 22489.11289998889
    },
    "v1.4.1": {
      "min": 22032.757000029087,
      "max": 22032.757000029087,
      "average": 22032.757000029087
    }
  }
}