{
  "add": {
    "delta": {
      "min": -0.06770005822181702,
      "max": -0.06770005822181702,
      "average": -0.06770005822181702
    },
    "v1.4.2": {
      "min": 0.11469998955726624,
      "max": 0.11469998955726624,
      "average": 0.11469998955726624
    },
    "v1.4.1": {
      "min": 0.18240004777908325,
      "max": 0.18240004777908325,
      "average": 0.18240004777908325
    }
  },
  "bulkDocs": {
    "delta": {
      "min": -1.2389000356197357,
      "max": -1.334199994802475,
      "average": -1.2865500152111053
    },
    "v1.4.2": {
      "min": 8.599599987268448,
      "max": 11.807599991559982,
      "average": 10.203599989414215
    },
    "v1.4.1": {
      "min": 9.838500022888184,
      "max": 13.141799986362457,
      "average": 11.49015000462532
    }
  },
  "saveChanges": {
    "delta": {
      "min": -1.2688000202178955,
      "max": -1.3337000012397766,
      "average": -1.301250010728836
    },
    "v1.4.2": {
      "min": 8.765100002288818,
      "max": 12.08840000629425,
      "average": 10.426750004291534
    },
    "v1.4.1": {
      "min": 10.033900022506714,
      "max": 13.422100007534027,
      "average": 11.72800001502037
    }
  },
  "first": {
    "delta": {
      "min": -0.5263999998569489,
      "max": -0.5263999998569489,
      "average": -0.5263999998569489
    },
    "v1.4.2": {
      "min": 15.390300005674362,
      "max": 15.390300005674362,
      "average": 15.390300005674362
    },
    "v1.4.1": {
      "min": 15.916700005531311,
      "max": 15.916700005531311,
      "average": 15.916700005531311
    }
  }
}