{
  "add": {
    "delta": {
      "min": -0.003800004720687866,
      "max": -2.589499980211258,
      "average": -0.0021874005496501925
    },
    "v1.4.2": {
      "min": 0.03139999508857727,
      "max": 0.2622999846935272,
      "average": 0.0677523002922535
    },
    "v1.4.1": {
      "min": 0.03519999980926514,
      "max": 2.851799964904785,
      "average": 0.0699397008419037
    }
  },
  "bulkDocs": {
    "delta": {
      "min": 0.4804999828338623,
      "max": -2.7779000401496887,
      "average": -1.1487000286579132
    },
    "v1.4.2": {
      "min": 14.10130000114441,
      "max": 94.13429999351501,
      "average": 54.11779999732971
    },
    "v1.4.1": {
      "min": 13.620800018310547,
      "max": 96.9122000336647,
      "average": 55.266500025987625
    }
  },
  "saveChanges": {
    "delta": {
      "min": 0.27239999175071716,
      "max": -2.692999988794327,
      "average": -1.2102999985218048
    },
    "v1.4.2": {
      "min": 14.709199994802475,
      "max": 95.78040000796318,
      "average": 55.24480000138283
    },
    "v1.4.1": {
      "min": 14.436800003051758,
      "max": 98.47339999675751,
      "average": 56.45509999990463
    }
  },
  "optimize": {
    "delta": {
      "min": 17.215999960899353,
      "max": 17.215999960899353,
      "average": 17.215999960899353
    },
    "v1.4.2": {
      "min": 590.9945999979973,
      "max": 590.9945999979973,
      "average": 590.9945999979973
    },
    "v1.4.1": {
      "min": 573.7786000370979,
      "max": 573.7786000370979,
      "average": 573.7786000370979
    }
  },
  "all": {
    "delta": {
      "min": -1.1430000066757202,
      "max": -1.1430000066757202,
      "average": -1.1430000066757202
    },
    "v1.4.2": {
      "min": 75.32880002260208,
      "max": 75.32880002260208,
      "average": 75.32880002260208
    },
    "v1.4.1": {
      "min": 76.4718000292778,
      "max": 76.4718000292778,
      "average": 76.4718000292778
    }
  },
  "remove": {
    "delta": {
      "min": 0.013599991798400879,
      "max": 0.013599991798400879,
      "average": 0.013599991798400879
    },
    "v1.4.2": {
      "min": 0.12970000505447388,
      "max": 0.12970000505447388,
      "average": 0.12970000505447388
    },
    "v1.4.1": {
      "min": 0.116100013256073,
      "max": 0.116100013256073,
      "average": 0.116100013256073
    }
  }
}