{
  "add": {
    "delta": {
      "min": 2.9802322387695312e-8,
      "max": 5.918099999427795,
      "average": 0.2167618098728359
    },
    "v1.4.2": {
      "min": 0.03360000252723694,
      "max": 151.28159999847412,
      "average": 1.4900128049351276
    },
    "v1.4.1": {
      "min": 0.03359997272491455,
      "max": 145.36349999904633,
      "average": 1.2732509950622917
    }
  },
  "bulkDocs": {
    "delta": {
      "min": 9.217500030994415,
      "max": 98.62520000338554,
      "average": 53.92135001718998
    },
    "v1.4.2": {
      "min": 765.6208000183105,
      "max": 7668.68259999156,
      "average": 4217.151700004935
    },
    "v1.4.1": {
      "min": 756.4032999873161,
      "max": 7570.057399988174,
      "average": 4163.230349987745
    }
  },
  "saveChanges": {
    "delta": {
      "min": -23.894900023937225,
      "max": 106.10100001096725,
      "average": 41.103049993515015
    },
    "v1.4.2": {
      "min": 790.4517999887466,
      "max": 7753.701600015163,
      "average": 4272.076700001955
    },
    "v1.4.1": {
      "min": 814.3467000126839,
      "max": 7647.600600004196,
      "average": 4230.97365000844
    }
  },
  "optimize": {
    "delta": {
      "min": 309.0435000061989,
      "max": 309.0435000061989,
      "average": 309.0435000061989
    },
    "v1.4.2": {
      "min": 22773.075699985027,
      "max": 22773.075699985027,
      "average": 22773.075699985027
    },
    "v1.4.1": {
      "min": 22464.03219997883,
      "max": 22464.03219997883,
      "average": 22464.03219997883
    }
  },
  "all": {
    "delta": {
      "min": 11.438999980688095,
      "max": 28.547400027513504,
      "average": 14.393899999558926
    },
    "v1.4.2": {
      "min": 1760.3609999716282,
      "max": 1955.7493999898434,
      "average": 1850.1733749881387
    },
    "v1.4.1": {
      "min": 1748.92199999094,
      "max": 1927.2019999623299,
      "average": 1835.7794749885798
    }
  }
}