{
  "add": {
    "delta": {
      "min": 0.051899999380111694,
      "max": 0.051899999380111694,
      "average": 0.051899999380111694
    },
    "v1.4.2": {
      "min": 0.2102999985218048,
      "max": 0.2102999985218048,
      "average": 0.2102999985218048
    },
    "v1.4.1": {
      "min": 0.15839999914169312,
      "max": 0.15839999914169312,
      "average": 0.15839999914169312
    }
  },
  "bulkDocs": {
    "delta": {
      "min": -1.2896000146865845,
      "max": 0.8461999893188477,
      "average": -0.2217000126838684
    },
    "v1.4.2": {
      "min": 8.469399988651276,
      "max": 14.333700001239777,
      "average": 11.401549994945526
    },
    "v1.4.1": {
      "min": 9.75900000333786,
      "max": 13.487500011920929,
      "average": 11.623250007629395
    }
  },
  "saveChanges": {
    "delta": {
      "min": -3.2663000226020813,
      "max": 0.7949000298976898,
      "average": -1.2356999963521957
    },
    "v1.4.2": {
      "min": 8.637099981307983,
      "max": 14.509799987077713,
      "average": 11.573449984192848
    },
    "v1.4.1": {
      "min": 11.903400003910065,
      "max": 13.714899957180023,
      "average": 12.809149980545044
    }
  },
  "remove": {
    "delta": {
      "min": -0.042099982500076294,
      "max": -0.042099982500076294,
      "average": -0.042099982500076294
    },
    "v1.4.2": {
      "min": 0.24729999899864197,
      "max": 0.24729999899864197,
      "average": 0.24729999899864197
    },
    "v1.4.1": {
      "min": 0.28939998149871826,
      "max": 0.28939998149871826,
      "average": 0.28939998149871826
    }
  }
}