{
  "add": {
    "delta": {
      "min": 0,
      "max": 4.450300008058548,
      "average": 0.102137794789672
    },
    "v1.4.2": {
      "min": 0.034600019454956055,
      "max": 156.70119997859,
      "average": 1.5065503075569868
    },
    "v1.4.1": {
      "min": 0.034600019454956055,
      "max": 152.25089997053146,
      "average": 1.4044125127673148
    }
  },
  "bulkDocs": {
    "delta": {
      "min": 50.72679999470711,
      "max": -159.63449996709824,
      "average": -54.453849986195564
    },
    "v1.4.2": {
      "min": 763.5311000049114,
      "max": 7703.3828999996185,
      "average": 4233.457000002265
    },
    "v1.4.1": {
      "min": 712.8043000102043,
      "max": 7863.017399966717,
      "average": 4287.9108499884605
    }
  },
  "saveChanges": {
    "delta": {
      "min": 71.3391999900341,
      "max": -177.7698999941349,
      "average": -53.2153500020504
    },
    "v1.4.2": {
      "min": 1943.9145999848843,
      "max": 7767.7629000246525,
      "average": 4855.838750004768
    },
    "v1.4.1": {
      "min": 1872.5753999948502,
      "max": 7945.532800018787,
      "average": 4909.054100006819
    }
  },
  "optimize": {
    "delta": {
      "min": 594.1666000187397,
      "max": 594.1666000187397,
      "average": 594.1666000187397
    },
    "v1.4.2": {
      "min": 22624.313400000334,
      "max": 22624.313400000334,
      "average": 22624.313400000334
    },
    "v1.4.1": {
      "min": 22030.146799981594,
      "max": 22030.146799981594,
      "average": 22030.146799981594
    }
  },
  "all": {
    "delta": {
      "min": 26.872300028800964,
      "max": 42.32870000600815,
      "average": 9.455624997615814
    },
    "v1.4.2": {
      "min": 1797.5819000005722,
      "max": 1938.0351999998093,
      "average": 1856.973024994135
    },
    "v1.4.1": {
      "min": 1770.7095999717712,
      "max": 1895.7064999938011,
      "average": 1847.517399996519
    }
  },
  "remove": {
    "delta": {
      "min": -1.9000000059604645,
      "max": -32.90690004825592,
      "average": -15.230975024402142
    },
    "v1.4.2": {
      "min": 33.571299999952316,
      "max": 156.93349999189377,
      "average": 94.37189999967813
    },
    "v1.4.1": {
      "min": 35.47130000591278,
      "max": 189.8404000401497,
      "average": 109.60287502408028
    }
  }
}