{
  "add": {
    "delta": {
      "min": -0.0018999874591827393,
      "max": 0.329399973154068,
      "average": 0.010524900585412986
    },
    "v1.4.2": {
      "min": 0.032399982213974,
      "max": 0.5247000157833099,
      "average": 0.07802820029854775
    },
    "v1.4.1": {
      "min": 0.03429996967315674,
      "max": 0.19530004262924194,
      "average": 0.06750329971313476
    }
  },
  "bulkDocs": {
    "delta": {
      "min": 12.900599956512451,
      "max": 12.900599956512451,
      "average": 12.900599956512451
    },
    "v1.4.2": {
      "min": 121.42449998855591,
      "max": 121.42449998855591,
      "average": 121.42449998855591
    },
    "v1.4.1": {
      "min": 108.52390003204346,
      "max": 108.52390003204346,
      "average": 108.52390003204346
    }
  },
  "saveChanges": {
    "delta": {
      "min": 12.702399998903275,
      "max": 12.702399998903275,
      "average": 12.702399998903275
    },
    "v1.4.2": {
      "min": 122.78859999775887,
      "max": 122.78859999775887,
      "average": 122.78859999775887
    },
    "v1.4.1": {
      "min": 110.08619999885559,
      "max": 110.08619999885559,
      "average": 110.08619999885559
    }
  },
  "optimize": {
    "delta": {
      "min": -14.503600031137466,
      "max": -14.503600031137466,
      "average": -14.503600031137466
    },
    "v1.4.2": {
      "min": 684.8792000114918,
      "max": 684.8792000114918,
      "average": 684.8792000114918
    },
    "v1.4.1": {
      "min": 699.3828000426292,
      "max": 699.3828000426292,
      "average": 699.3828000426292
    }
  },
  "all": {
    "delta": {
      "min": 8.514599978923798,
      "max": 8.514599978923798,
      "average": 8.514599978923798
    },
    "v1.4.2": {
      "min": 81.63440001010895,
      "max": 81.63440001010895,
      "average": 81.63440001010895
    },
    "v1.4.1": {
      "min": 73.11980003118515,
      "max": 73.11980003118515,
      "average": 73.11980003118515
    }
  }
}