{
  "add": {
    "delta": {
      "min": -0.001699984073638916,
      "max": -19.829199969768524,
      "average": 0.2359799425780773
    },
    "v1.4.2": {
      "min": 0.03420001268386841,
      "max": 139.17309999465942,
      "average": 1.73294872995466
    },
    "v1.4.1": {
      "min": 0.035899996757507324,
      "max": 159.00229996442795,
      "average": 1.4969687873765827
    }
  },
  "bulkDocs": {
    "delta": {
      "min": -969.781700015068,
      "max": -969.781700015068,
      "average": -969.781700015068
    },
    "v1.4.2": {
      "min": 7496.716700017452,
      "max": 7496.716700017452,
      "average": 7496.716700017452
    },
    "v1.4.1": {
      "min": 8466.49840003252,
      "max": 8466.49840003252,
      "average": 8466.49840003252
    }
  },
  "saveChanges": {
    "delta": {
      "min": -957.2540999650955,
      "max": -957.2540999650955,
      "average": -957.2540999650955
    },
    "v1.4.2": {
      "min": 7587.582199990749,
      "max": 7587.582199990749,
      "average": 7587.582199990749
    },
    "v1.4.1": {
      "min": 8544.836299955845,
      "max": 8544.836299955845,
      "average": 8544.836299955845
    }
  },
  "optimize": {
    "delta": {
      "min": -860.776299983263,
      "max": -860.776299983263,
      "average": -860.776299983263
    },
    "v1.4.2": {
      "min": 23596.019600003958,
      "max": 23596.019600003958,
      "average": 23596.019600003958
    },
    "v1.4.1": {
      "min": 24456.79589998722,
      "max": 24456.79589998722,
      "average": 24456.79589998722
    }
  },
  "all": {
    "delta": {
      "min": 80.9797999560833,
      "max": 80.9797999560833,
      "average": 80.9797999560833
    },
    "v1.4.2": {
      "min": 1906.6404999792576,
      "max": 1906.6404999792576,
      "average": 1906.6404999792576
    },
    "v1.4.1": {
      "min": 1825.6607000231743,
      "max": 1825.6607000231743,
      "average": 1825.6607000231743
    }
  },
  "get": {
    "delta": {
      "min": 19.359200030565262,
      "max": 19.359200030565262,
      "average": 19.359200030565262
    },
    "v1.4.2": {
      "min": 324.2790000140667,
      "max": 324.2790000140667,
      "average": 324.2790000140667
    },
    "v1.4.1": {
      "min": 304.91979998350143,
      "max": 304.91979998350143,
      "average": 304.91979998350143
    }
  }
}