{
  "add": {
    "delta": {
      "min": -0.00020000338554382324,
      "max": -0.4047999680042267,
      "average": 0.9779552301600576
    },
    "v1.4.2": {
      "min": 0.03389999270439148,
      "max": 128.21570000052452,
      "average": 2.2192536900147797
    },
    "v1.4.1": {
      "min": 0.0340999960899353,
      "max": 128.62049996852875,
      "average": 1.241298459854722
    }
  },
  "bulkDocs": {
    "delta": {
      "min": 32.56390002369881,
      "max": -5.990899980068207,
      "average": 13.2865000218153
    },
    "v1.4.2": {
      "min": 756.4586000144482,
      "max": 7509.672100007534,
      "average": 4133.065350010991
    },
    "v1.4.1": {
      "min": 723.8946999907494,
      "max": 7515.662999987602,
      "average": 4119.778849989176
    }
  },
  "saveChanges": {
    "delta": {
      "min": 33.4157999753952,
      "max": 4.629399985074997,
      "average": 19.0225999802351
    },
    "v1.4.2": {
      "min": 780.8853999972343,
      "max": 7598.213899999857,
      "average": 4189.549649998546
    },
    "v1.4.1": {
      "min": 747.4696000218391,
      "max": 7593.584500014782,
      "average": 4170.527050018311
    }
  },
  "optimize": {
    "delta": {
      "min": 374.96310007572174,
      "max": 374.96310007572174,
      "average": 374.96310007572174
    },
    "v1.4.2": {
      "min": 22166.24010002613,
      "max": 22166.24010002613,
      "average": 22166.24010002613
    },
    "v1.4.1": {
      "min": 21791.27699995041,
      "max": 21791.27699995041,
      "average": 21791.27699995041
    }
  },
  "all": {
    "delta": {
      "min": 20.725000023841858,
      "max": 40.433200001716614,
      "average": 48.75280001014471
    },
    "v1.4.2": {
      "min": 1770.5134000182152,
      "max": 1918.4943000078201,
      "average": 1855.2254750058055
    },
    "v1.4.1": {
      "min": 1749.7883999943733,
      "max": 1878.0611000061035,
      "average": 1806.4726749956608
    }
  },
  "remove": {
    "delta": {
      "min": 8.544600069522858,
      "max": 91.05060002207756,
      "average": 42.64865002781153
    },
    "v1.4.2": {
      "min": 142.36360001564026,
      "max": 1002.5270999968052,
      "average": 569.6201500073075
    },
    "v1.4.1": {
      "min": 133.8189999461174,
      "max": 911.4764999747276,
      "average": 526.971499979496
    }
  },
  "empty": {
    "delta": {
      "min": 29.273800045251846,
      "max": 131.46769997477531,
      "average": 91.40330000221729
    },
    "v1.4.2": {
      "min": 1913.0157000124454,
      "max": 2921.067000001669,
      "average": 2424.9182000011206
    },
    "v1.4.1": {
      "min": 1883.7418999671936,
      "max": 2789.5993000268936,
      "average": 2333.5148999989033
    }
  }
}