{
  "bulkDocs": {
    "delta": {
      "min": 221.30640000104904,
      "max": 221.30640000104904,
      "average": 221.30640000104904
    },
    "v1.4.2": {
      "min": 229.69639998674393,
      "max": 229.69639998674393,
      "average": 229.69639998674393
    },
    "v1.4.1": {
      "min": 8.389999985694885,
      "max": 8.389999985694885,
      "average": 8.389999985694885
    }
  },
  "saveChanges": {
    "delta": {
      "min": 220.8154999911785,
      "max": 220.8154999911785,
      "average": 220.8154999911785
    },
    "v1.4.2": {
      "min": 236.31409999728203,
      "max": 236.31409999728203,
      "average": 236.31409999728203
    },
    "v1.4.1": {
      "min": 15.498600006103516,
      "max": 15.498600006103516,
      "average": 15.498600006103516
    }
  }
}