{
  "add": {
    "min": 0.033699989318847656,
    "max": 132.55099999904633,
    "average": 1.2033607101351023
  },
  "bulkDocs": {
    "min": 699.6796000003815,
    "max": 7498.3046000003815,
    "average": 4098.9921000003815,
    "times": [
      7498.3046000003815,
      699.6796000003815
    ]
  },
  "saveChanges": {
    "min": 723.252799987793,
    "max": 7573.172299981117,
    "average": 4148.212549984455,
    "times": [
      7573.172299981117,
      723.252799987793
    ]
  },
  "optimize": {
    "min": 21492.626399993896,
    "max": 21492.626399993896,
    "average": 21492.626399993896,
    "times": [
      21492.626399993896
    ]
  },
  "all": {
    "min": 1718.6080999970436,
    "max": 1851.4463000297546,
    "average": 1773.5637750029564,
    "times": [
      1720.9904999732971,
      1803.2102000117302,
      1718.6080999970436,
      1851.4463000297546
    ]
  },
  "remove": {
    "min": 141.9142000079155,
    "max": 958.4423000216484,
    "average": 545.0105500072241
  },
  "empty": {
    "min": 1863.056500017643,
    "max": 2810.17560005188,
    "average": 2318.7082000225782,
    "times": [
      1863.056500017643,
      2205.3824999928474,
      2396.2182000279427,
      2810.17560005188
    ]
  }
}