{
  "add": {
    "min": 0.03249996900558472,
    "max": 0.24700003862380981,
    "average": 0.06918110007047654
  },
  "bulkDocs": {
    "min": 95.51920002698898,
    "max": 95.51920002698898,
    "average": 95.51920002698898,
    "times": [
      95.51920002698898
    ]
  },
  "saveChanges": {
    "min": 103.26190000772476,
    "max": 103.26190000772476,
    "average": 103.26190000772476,
    "times": [
      103.26190000772476
    ]
  },
  "optimize": {
    "min": 523.8790999650955,
    "max": 523.8790999650955,
    "average": 523.8790999650955,
    "times": [
      523.8790999650955
    ]
  },
  "all": {
    "min": 75.1414999961853,
    "max": 75.1414999961853,
    "average": 75.1414999961853,
    "times": [
      75.1414999961853
    ]
  },
  "get": {
    "min": 21.855499982833862,
    "max": 21.855499982833862,
    "average": 21.855499982833862,
    "times": [
      21.855499982833862
    ]
  }
}