{
  "add": {
    "min": 0.2019999623298645,
    "max": 0.2019999623298645,
    "average": 0.2019999623298645
  },
  "bulkDocs": {
    "min": 9.564300000667572,
    "max": 9.564300000667572,
    "average": 9.564300000667572,
    "times": [
      9.564300000667572
    ]
  },
  "saveChanges": {
    "min": 9.753700017929077,
    "max": 9.753700017929077,
    "average": 9.753700017929077,
    "times": [
      9.753700017929077
    ]
  }
}