{
  "add": {
    "min": 0.16280001401901245,
    "max": 0.16280001401901245,
    "average": 0.16280001401901245
  },
  "bulkDocs": {
    "min": 9.310399949550629,
    "max": 12.17739999294281,
    "average": 10.74389997124672,
    "times": [
      9.310399949550629,
      12.17739999294281
    ]
  },
  "saveChanges": {
    "min": 11.859900057315826,
    "max": 26.200899958610535,
    "average": 19.03040000796318,
    "times": [
      11.859900057315826,
      26.200899958610535
    ]
  },
  "remove": {
    "min": 0.3029000163078308,
    "max": 0.3029000163078308,
    "average": 0.3029000163078308
  }
}