{
  "add": {
    "min": 0.16009998321533203,
    "max": 0.16009998321533203,
    "average": 0.16009998321533203
  },
  "bulkDocs": {
    "min": 8.65800005197525,
    "max": 13.448499977588654,
    "average": 11.053250014781952,
    "times": [
      8.65800005197525,
      13.448499977588654
    ]
  },
  "saveChanges": {
    "min": 10.819199979305267,
    "max": 13.664299964904785,
    "average": 12.241749972105026,
    "times": [
      10.819199979305267,
      13.664299964904785
    ]
  },
  "remove": {
    "min": 0.2807999849319458,
    "max": 0.2807999849319458,
    "average": 0.2807999849319458
  }
}