{
  "add": {
    "min": 0.1062999963760376,
    "max": 0.1062999963760376,
    "average": 0.1062999963760376
  },
  "bulkDocs": {
    "min": 9.241999983787537,
    "max": 11.157700002193451,
    "average": 10.199849992990494,
    "times": [
      9.241999983787537,
      11.157700002193451
    ]
  },
  "saveChanges": {
    "min": 9.438300013542175,
    "max": 11.393500030040741,
    "average": 10.415900021791458,
    "times": [
      9.438300013542175,
      11.393500030040741
    ]
  },
  "first": {
    "min": 16.39920002222061,
    "max": 16.39920002222061,
    "average": 16.39920002222061,
    "times": [
      16.39920002222061
    ]
  }
}