{
  "add": {
    "min": 0.03420001268386841,
    "max": 154.4335000514984,
    "average": 1.4280943324238062
  },
  "bulkDocs": {
    "min": 7446.644800007343,
    "max": 7446.644800007343,
    "average": 7446.644800007343,
    "times": [
      7446.644800007343
    ]
  },
  "saveChanges": {
    "min": 7527.981700003147,
    "max": 7527.981700003147,
    "average": 7527.981700003147,
    "times": [
      7527.981700003147
    ]
  },
  "optimize": {
    "min": 21532.15189999342,
    "max": 21532.15189999342,
    "average": 21532.15189999342,
    "times": [
      21532.15189999342
    ]
  },
  "all": {
    "min": 1841.6060999631882,
    "max": 1841.6060999631882,
    "average": 1841.6060999631882,
    "times": [
      1841.6060999631882
    ]
  }
}