{
  "add": {
    "min": 0.03229999542236328,
    "max": 157.44609999656677,
    "average": 1.748047782368958
  },
  "bulkDocs": {
    "min": 776.621800005436,
    "max": 7566.896000027657,
    "average": 4171.758900016546,
    "times": [
      7566.896000027657,
      776.621800005436
    ]
  },
  "saveChanges": {
    "min": 812.7497000098228,
    "max": 7652.685000002384,
    "average": 4232.7173500061035,
    "times": [
      7652.685000002384,
      812.7497000098228
    ]
  },
  "optimize": {
    "min": 22087.882499992847,
    "max": 22087.882499992847,
    "average": 22087.882499992847,
    "times": [
      22087.882499992847
    ]
  },
  "all": {
    "min": 1698.355299949646,
    "max": 1888.500900030136,
    "average": 1792.4950000047684,
    "times": [
      1888.500900030136,
      1698.355299949646,
      1875.7569000124931,
      1707.3669000267982
    ]
  }
}