{
  "add": {
    "min": 0.03389996290206909,
    "max": 0.5406000018119812,
    "average": 0.06497340083122254
  },
  "bulkDocs": {
    "min": 14.595899999141693,
    "max": 85.87160003185272,
    "average": 50.23375001549721,
    "times": [
      85.87160003185272,
      14.595899999141693
    ]
  },
  "saveChanges": {
    "min": 32.11509996652603,
    "max": 87.20170003175735,
    "average": 59.65839999914169,
    "times": [
      87.20170003175735,
      32.11509996652603
    ]
  },
  "optimize": {
    "min": 535.7240999937057,
    "max": 535.7240999937057,
    "average": 535.7240999937057,
    "times": [
      535.7240999937057
    ]
  },
  "all": {
    "min": 73.20289999246597,
    "max": 73.20289999246597,
    "average": 73.20289999246597,
    "times": [
      73.20289999246597
    ]
  },
  "remove": {
    "min": 0.12110000848770142,
    "max": 0.12110000848770142,
    "average": 0.12110000848770142
  }
}