{
  "add": {
    "min": 0.04039996862411499,
    "max": 2.6973999738693237,
    "average": 0.07617819881439208
  },
  "bulkDocs": {
    "min": 14.20169997215271,
    "max": 93.25169998407364,
    "average": 53.726699978113174,
    "times": [
      93.25169998407364,
      14.20169997215271
    ]
  },
  "saveChanges": {
    "min": 15.10699999332428,
    "max": 94.56610000133514,
    "average": 54.83654999732971,
    "times": [
      94.56610000133514,
      15.10699999332428
    ]
  },
  "optimize": {
    "min": 534.1583000421524,
    "max": 534.1583000421524,
    "average": 534.1583000421524,
    "times": [
      534.1583000421524
    ]
  }
}