{
  "add": {
    "min": 0.03259998559951782,
    "max": 156.37470000982285,
    "average": 1.5543752775877715
  },
  "bulkDocs": {
    "min": 760.0819000005722,
    "max": 7483.29240000248,
    "average": 4121.687150001526,
    "times": [
      7483.29240000248,
      760.0819000005722
    ]
  },
  "saveChanges": {
    "min": 1921.477699995041,
    "max": 7563.044900000095,
    "average": 4742.261299997568,
    "times": [
      7563.044900000095,
      1921.477699995041
    ]
  },
  "optimize": {
    "min": 21558.181299984455,
    "max": 21558.181299984455,
    "average": 21558.181299984455,
    "times": [
      21558.181299984455
    ]
  },
  "all": {
    "min": 1745.8543000221252,
    "max": 1886.7265000343323,
    "average": 1804.9641000032425,
    "times": [
      1761.799399971962,
      1825.4761999845505,
      1745.8543000221252,
      1886.7265000343323
    ]
  },
  "remove": {
    "min": 32.61280000209808,
    "max": 169.92960000038147,
    "average": 99.30200000107288
  }
}