{
  "add": {
    "min": 0.03229999542236328,
    "max": 3.490899980068207,
    "average": 0.06776150065660477
  },
  "bulkDocs": {
    "min": 12.822399973869324,
    "max": 94.3798999786377,
    "average": 53.60114997625351,
    "times": [
      94.3798999786377,
      12.822399973869324
    ]
  },
  "saveChanges": {
    "min": 13.354700028896332,
    "max": 95.66550004482269,
    "average": 54.51010003685951,
    "times": [
      95.66550004482269,
      13.354700028896332
    ]
  },
  "optimize": {
    "min": 561.5868000388145,
    "max": 561.5868000388145,
    "average": 561.5868000388145,
    "times": [
      561.5868000388145
    ]
  },
  "all": {
    "min": 76.61000001430511,
    "max": 76.61000001430511,
    "average": 76.61000001430511,
    "times": [
      76.61000001430511
    ]
  }
}