{
  "bulkDocs": {
    "min": 8.2950000166893,
    "max": 8.2950000166893,
    "average": 8.2950000166893,
    "times": [
      8.2950000166893
    ]
  },
  "saveChanges": {
    "min": 15.217799961566925,
    "max": 15.217799961566925,
    "average": 15.217799961566925,
    "times": [
      15.217799961566925
    ]
  }
}