{
  "add": {
    "min": 0.03329998254776001,
    "max": 3.9979999661445618,
    "average": 0.07051600086688996
  },
  "bulkDocs": {
    "min": 95.44569998979568,
    "max": 95.44569998979568,
    "average": 95.44569998979568,
    "times": [
      95.44569998979568
    ]
  },
  "saveChanges": {
    "min": 96.95099997520447,
    "max": 96.95099997520447,
    "average": 96.95099997520447,
    "times": [
      96.95099997520447
    ]
  },
  "optimize": {
    "min": 632.1231000423431,
    "max": 632.1231000423431,
    "average": 632.1231000423431,
    "times": [
      632.1231000423431
    ]
  },
  "all": {
    "min": 74.68389999866486,
    "max": 74.68389999866486,
    "average": 74.68389999866486,
    "times": [
      74.68389999866486
    ]
  }
}