{
  "add": {
    "min": 0.034699976444244385,
    "max": 4.24810004234314,
    "average": 0.07994780069589615
  },
  "bulkDocs": {
    "min": 100.8396999835968,
    "max": 100.8396999835968,
    "average": 100.8396999835968,
    "times": [
      100.8396999835968
    ]
  },
  "saveChanges": {
    "min": 102.9704999923706,
    "max": 102.9704999923706,
    "average": 102.9704999923706,
    "times": [
      102.9704999923706
    ]
  },
  "optimize": {
    "min": 738.5049999952316,
    "max": 738.5049999952316,
    "average": 738.5049999952316,
    "times": [
      738.5049999952316
    ]
  },
  "all": {
    "min": 89.2950000166893,
    "max": 89.2950000166893,
    "average": 89.2950000166893,
    "times": [
      89.2950000166893
    ]
  }
}