{
  "add": {
    "min": 0.032100021839141846,
    "max": 137.40329998731613,
    "average": 1.695664407390356
  },
  "bulkDocs": {
    "min": 8104.264600038528,
    "max": 8104.264600038528,
    "average": 8104.264600038528,
    "times": [
      8104.264600038528
    ]
  },
  "saveChanges": {
    "min": 8188.612000048161,
    "max": 8188.612000048161,
    "average": 8188.612000048161,
    "times": [
      8188.612000048161
    ]
  },
  "optimize": {
    "min": 23377.006900012493,
    "max": 23377.006900012493,
    "average": 23377.006900012493,
    "times": [
      23377.006900012493
    ]
  },
  "all": {
    "min": 1889.5378999710083,
    "max": 1889.5378999710083,
    "average": 1889.5378999710083,
    "times": [
      1889.5378999710083
    ]
  },
  "get": {
    "min": 361.13190001249313,
    "max": 361.13190001249313,
    "average": 361.13190001249313,
    "times": [
      361.13190001249313
    ]
  }
}