{
  "add": {
    "min": 0.030399978160858154,
    "max": 8.546000003814697,
    "average": 1.553977295023203
  },
  "bulkDocs": {
    "min": 16.206999957561493,
    "max": 7338.091000020504,
    "average": 3677.1489999890327,
    "times": [
      7338.091000020504,
      16.206999957561493
    ]
  },
  "saveChanges": {
    "min": 40.44660001993179,
    "max": 7430.442399978638,
    "average": 3735.4444999992847,
    "times": [
      7430.442399978638,
      40.44660001993179
    ]
  },
  "optimize": {
    "min": 21491.21549999714,
    "max": 21491.21549999714,
    "average": 21491.21549999714,
    "times": [
      21491.21549999714
    ]
  }
}