{
  "add": {
    "min": 0.03519999980926514,
    "max": 2.8515000343322754,
    "average": 0.0658581998348236
  },
  "bulkDocs": {
    "min": 13.371999979019165,
    "max": 95.5097000002861,
    "average": 54.440849989652634,
    "times": [
      95.5097000002861,
      13.371999979019165
    ]
  },
  "saveChanges": {
    "min": 14.490899980068207,
    "max": 97.09790003299713,
    "average": 55.79440000653267,
    "times": [
      97.09790003299713,
      14.490899980068207
    ]
  },
  "optimize": {
    "min": 564.1495000123978,
    "max": 564.1495000123978,
    "average": 564.1495000123978,
    "times": [
      564.1495000123978
    ]
  },
  "all": {
    "min": 70.95579999685287,
    "max": 70.95579999685287,
    "average": 70.95579999685287,
    "times": [
      70.95579999685287
    ]
  },
  "remove": {
    "min": 0.17090004682540894,
    "max": 0.17090004682540894,
    "average": 0.17090004682540894
  }
}