{
  "add": {
    "min": 0.23690000176429749,
    "max": 0.23690000176429749,
    "average": 0.23690000176429749
  },
  "bulkDocs": {
    "min": 9.887599989771843,
    "max": 13.565400004386902,
    "average": 11.726499997079372,
    "times": [
      9.887599989771843,
      13.565400004386902
    ]
  },
  "saveChanges": {
    "min": 10.073600009083748,
    "max": 13.7567999958992,
    "average": 11.915200002491474,
    "times": [
      10.073600009083748,
      13.7567999958992
    ]
  },
  "remove": {
    "min": 0.28360000252723694,
    "max": 0.28360000252723694,
    "average": 0.28360000252723694
  }
}