{
  "add": {
    "min": 0.03350000083446503,
    "max": 143.15640000998974,
    "average": 0.79695179499425
  },
  "bulkDocs": {
    "min": 8259.01289999485,
    "max": 8259.01289999485,
    "average": 8259.01289999485,
    "times": [
      8259.01289999485
    ]
  },
  "saveChanges": {
    "min": 8335.364699989557,
    "max": 8335.364699989557,
    "average": 8335.364699989557,
    "times": [
      8335.364699989557
    ]
  },
  "optimize": {
    "min": 23813.730399996042,
    "max": 23813.730399996042,
    "average": 23813.730399996042,
    "times": [
      23813.730399996042
    ]
  },
  "all": {
    "min": 1857.48939999938,
    "max": 1857.48939999938,
    "average": 1857.48939999938,
    "times": [
      1857.48939999938
    ]
  },
  "get": {
    "min": 316.3417000025511,
    "max": 316.3417000025511,
    "average": 316.3417000025511,
    "times": [
      316.3417000025511
    ]
  }
}