{
  "add": {
    "min": 0.032499998807907104,
    "max": 0.4228000044822693,
    "average": 0.05650950001180172
  },
  "bulkDocs": {
    "min": 14.659199997782707,
    "max": 129.05290000140667,
    "average": 71.85604999959469,
    "times": [
      129.05290000140667,
      14.659199997782707
    ]
  },
  "saveChanges": {
    "min": 15.4341000020504,
    "max": 130.8640999943018,
    "average": 73.1490999981761,
    "times": [
      130.8640999943018,
      15.4341000020504
    ]
  },
  "optimize": {
    "min": 615.3081000000238,
    "max": 615.3081000000238,
    "average": 615.3081000000238,
    "times": [
      615.3081000000238
    ]
  },
  "all": {
    "min": 76.00779999792576,
    "max": 76.00779999792576,
    "average": 76.00779999792576,
    "times": [
      76.00779999792576
    ]
  },
  "remove": {
    "min": 0.1363999992609024,
    "max": 0.1363999992609024,
    "average": 0.1363999992609024
  }
}