{
  "add": {
    "min": 0.02669999748468399,
    "max": 20.00059999898076,
    "average": 1.4341278574967757
  },
  "bulkDocs": {
    "min": 15.993400000035763,
    "max": 7808.653799999505,
    "average": 3912.3235999997705,
    "times": [
      7808.653799999505,
      15.993400000035763
    ]
  },
  "saveChanges": {
    "min": 41.25059999898076,
    "max": 7902.311699997634,
    "average": 3971.7811499983072,
    "times": [
      7902.311699997634,
      41.25059999898076
    ]
  },
  "optimize": {
    "min": 23707.590799998492,
    "max": 23707.590799998492,
    "average": 23707.590799998492,
    "times": [
      23707.590799998492
    ]
  }
}