{
  "add": {
    "min": 0.03360000252723694,
    "max": 157.12180000543594,
    "average": 0.9913013174850493
  },
  "bulkDocs": {
    "min": 7884.097100004554,
    "max": 7884.097100004554,
    "average": 7884.097100004554,
    "times": [
      7884.097100004554
    ]
  },
  "saveChanges": {
    "min": 7970.634000003338,
    "max": 7970.634000003338,
    "average": 7970.634000003338,
    "times": [
      7970.634000003338
    ]
  },
  "optimize": {
    "min": 23463.608400002122,
    "max": 23463.608400002122,
    "average": 23463.608400002122,
    "times": [
      23463.608400002122
    ]
  },
  "all": {
    "min": 1919.2358999997377,
    "max": 1919.2358999997377,
    "average": 1919.2358999997377,
    "times": [
      1919.2358999997377
    ]
  }
}