{
  "link": {
    "min": 21.000900000333786,
    "max": 21.000900000333786,
    "average": 21.000900000333786,
    "times": [
      21.000900000333786
    ]
  },
  "bulkDocs": {
    "min": 250.58379999920726,
    "max": 250.58379999920726,
    "average": 250.58379999920726,
    "times": [
      250.58379999920726
    ]
  },
  "saveChanges": {
    "min": 260.26830000057817,
    "max": 260.26830000057817,
    "average": 260.26830000057817,
    "times": [
      260.26830000057817
    ]
  }
}