{
  "add": {
    "min": 0.5004000067710876,
    "max": 0.5004000067710876,
    "average": 0.5004000067710876
  },
  "bulkDocs": {
    "min": 9.9493999928236,
    "max": 9.9493999928236,
    "average": 9.9493999928236,
    "times": [
      9.9493999928236
    ]
  },
  "saveChanges": {
    "min": 10.141499996185303,
    "max": 10.141499996185303,
    "average": 10.141499996185303,
    "times": [
      10.141499996185303
    ]
  }
}