{
  "add": {
    "min": 0.03290000185370445,
    "max": 2.661499999463558,
    "average": 0.06187289996817708
  },
  "bulkDocs": {
    "min": 122.54129999876022,
    "max": 122.54129999876022,
    "average": 122.54129999876022,
    "times": [
      122.54129999876022
    ]
  },
  "saveChanges": {
    "min": 131.75300000235438,
    "max": 131.75300000235438,
    "average": 131.75300000235438,
    "times": [
      131.75300000235438
    ]
  },
  "optimize": {
    "min": 690.2162000015378,
    "max": 690.2162000015378,
    "average": 690.2162000015378,
    "times": [
      690.2162000015378
    ]
  },
  "all": {
    "min": 96.97339999675751,
    "max": 96.97339999675751,
    "average": 96.97339999675751,
    "times": [
      96.97339999675751
    ]
  },
  "get": {
    "min": 31.714200001209974,
    "max": 31.714200001209974,
    "average": 31.714200001209974,
    "times": [
      31.714200001209974
    ]
  }
}