{
  "add": {
    "min": 0.03399999439716339,
    "max": 135.38799999654293,
    "average": 1.3010637100145221
  },
  "bulkDocs": {
    "min": 784.2727999985218,
    "max": 8020.17650000751,
    "average": 4402.224650003016,
    "times": [
      8020.17650000751,
      784.2727999985218
    ]
  },
  "saveChanges": {
    "min": 817.4270000010729,
    "max": 8115.533299997449,
    "average": 4466.480149999261,
    "times": [
      8115.533299997449,
      817.4270000010729
    ]
  },
  "optimize": {
    "min": 23294.64200000465,
    "max": 23294.64200000465,
    "average": 23294.64200000465,
    "times": [
      23294.64200000465
    ]
  },
  "all": {
    "min": 1833.917199999094,
    "max": 1987.4105000048876,
    "average": 1901.9736000038683,
    "times": [
      1837.7864000052214,
      1948.7803000062704,
      1833.917199999094,
      1987.4105000048876
    ]
  },
  "remove": {
    "min": 92.23430000245571,
    "max": 691.584399998188,
    "average": 388.2778500020504
  },
  "empty": {
    "min": 1930.170900002122,
    "max": 2679.044200003147,
    "average": 2290.3264750018716,
    "times": [
      1930.170900002122,
      2227.7653000056744,
      2324.325499996543,
      2679.044200003147
    ]
  }
}