{
  "add": {
    "min": 0.030299998819828033,
    "max": 175.7470999993384,
    "average": 1.7831035124973393
  },
  "bulkDocs": {
    "min": 9019.42119999975,
    "max": 9019.42119999975,
    "average": 9019.42119999975,
    "times": [
      9019.42119999975
    ]
  },
  "saveChanges": {
    "min": 9112.314500000328,
    "max": 9112.314500000328,
    "average": 9112.314500000328,
    "times": [
      9112.314500000328
    ]
  },
  "optimize": {
    "min": 25655.69049999863,
    "max": 25655.69049999863,
    "average": 25655.69049999863,
    "times": [
      25655.69049999863
    ]
  },
  "all": {
    "min": 2006.2957000024617,
    "max": 2006.2957000024617,
    "average": 2006.2957000024617,
    "times": [
      2006.2957000024617
    ]
  }
}