{
  "add": {
    "min": 0.03189999982714653,
    "max": 4.013399999588728,
    "average": 0.07154040000587701
  },
  "bulkDocs": {
    "min": 14.697300001978874,
    "max": 94.19200000166893,
    "average": 54.4446500018239,
    "times": [
      94.19200000166893,
      14.697300001978874
    ]
  },
  "saveChanges": {
    "min": 31.849300000816584,
    "max": 96.29249999672174,
    "average": 64.07089999876916,
    "times": [
      96.29249999672174,
      31.849300000816584
    ]
  },
  "optimize": {
    "min": 587.2859999984503,
    "max": 587.2859999984503,
    "average": 587.2859999984503,
    "times": [
      587.2859999984503
    ]
  },
  "all": {
    "min": 74.72749999910593,
    "max": 74.72749999910593,
    "average": 74.72749999910593,
    "times": [
      74.72749999910593
    ]
  },
  "remove": {
    "min": 0.21209999918937683,
    "max": 0.21209999918937683,
    "average": 0.21209999918937683
  }
}