{
  "add": {
    "min": 0.02879999950528145,
    "max": 13.675499998033047,
    "average": 1.7978079749981872
  },
  "bulkDocs": {
    "min": 18.456800002604723,
    "max": 8635.675999999046,
    "average": 4327.0664000008255,
    "times": [
      8635.675999999046,
      18.456800002604723
    ]
  },
  "saveChanges": {
    "min": 47.34300000220537,
    "max": 8741.580400001258,
    "average": 4394.4617000017315,
    "times": [
      8741.580400001258,
      47.34300000220537
    ]
  },
  "optimize": {
    "min": 24788.794500000775,
    "max": 24788.794500000775,
    "average": 24788.794500000775,
    "times": [
      24788.794500000775
    ]
  }
}