{
  "add": {
    "min": 0.03349999710917473,
    "max": 0.6307999975979328,
    "average": 0.06398510000109672
  },
  "bulkDocs": {
    "min": 103.0304000005126,
    "max": 103.0304000005126,
    "average": 103.0304000005126,
    "times": [
      103.0304000005126
    ]
  },
  "saveChanges": {
    "min": 105.01779999956489,
    "max": 105.01779999956489,
    "average": 105.01779999956489,
    "times": [
      105.01779999956489
    ]
  },
  "optimize": {
    "min": 600.5002999976277,
    "max": 600.5002999976277,
    "average": 600.5002999976277,
    "times": [
      600.5002999976277
    ]
  },
  "all": {
    "min": 71.32520000264049,
    "max": 71.32520000264049,
    "average": 71.32520000264049,
    "times": [
      71.32520000264049
    ]
  },
  "get": {
    "min": 23.15150000154972,
    "max": 23.15150000154972,
    "average": 23.15150000154972,
    "times": [
      23.15150000154972
    ]
  }
}