{
  "add": {
    "min": 0.03460000082850456,
    "max": 0.6447999998927116,
    "average": 0.05848630002886057
  },
  "bulkDocs": {
    "min": 11.392799999564886,
    "max": 104.26740000024438,
    "average": 57.83009999990463,
    "times": [
      104.26740000024438,
      11.392799999564886
    ]
  },
  "saveChanges": {
    "min": 12.119800001382828,
    "max": 105.68779999762774,
    "average": 58.90379999950528,
    "times": [
      105.68779999762774,
      12.119800001382828
    ]
  },
  "optimize": {
    "min": 541.3494000025094,
    "max": 541.3494000025094,
    "average": 541.3494000025094,
    "times": [
      541.3494000025094
    ]
  }
}