{
  "add": {
    "min": 0.030900001525878906,
    "max": 2.9016999900341034,
    "average": 0.05366359996795654
  },
  "bulkDocs": {
    "min": 100.23409999907017,
    "max": 100.23409999907017,
    "average": 100.23409999907017,
    "times": [
      100.23409999907017
    ]
  },
  "saveChanges": {
    "min": 108.07190001010895,
    "max": 108.07190001010895,
    "average": 108.07190001010895,
    "times": [
      108.07190001010895
    ]
  },
  "optimize": {
    "min": 618.8666000068188,
    "max": 618.8666000068188,
    "average": 618.8666000068188,
    "times": [
      618.8666000068188
    ]
  },
  "all": {
    "min": 71.64190000295639,
    "max": 71.64190000295639,
    "average": 71.64190000295639,
    "times": [
      71.64190000295639
    ]
  },
  "get": {
    "min": 24.407200008630753,
    "max": 24.407200008630753,
    "average": 24.407200008630753,
    "times": [
      24.407200008630753
    ]
  }
}