{
  "add": {
    "min": 0.037700001150369644,
    "max": 158.5405999980867,
    "average": 1.6118989075099117
  },
  "bulkDocs": {
    "min": 790.5390999987721,
    "max": 7993.8267999999225,
    "average": 4392.182949999347,
    "times": [
      7993.8267999999225,
      790.5390999987721
    ]
  },
  "saveChanges": {
    "min": 825.1284999996424,
    "max": 8073.08729999885,
    "average": 4449.107899999246,
    "times": [
      8073.08729999885,
      825.1284999996424
    ]
  },
  "optimize": {
    "min": 23173.080000001937,
    "max": 23173.080000001937,
    "average": 23173.080000001937,
    "times": [
      23173.080000001937
    ]
  },
  "all": {
    "min": 1791.1969000026584,
    "max": 1968.079099997878,
    "average": 1873.316675000824,
    "times": [
      1968.079099997878,
      1791.1969000026584,
      1922.0287999995053,
      1811.9619000032544
    ]
  }
}