{
  "add": {
    "min": 0.1689000017940998,
    "max": 0.1689000017940998,
    "average": 0.1689000017940998
  },
  "bulkDocs": {
    "min": 10.04219999909401,
    "max": 11.74159999936819,
    "average": 10.8918999992311,
    "times": [
      10.04219999909401,
      11.74159999936819
    ]
  },
  "saveChanges": {
    "min": 10.286899998784065,
    "max": 12.017400000244379,
    "average": 11.152149999514222,
    "times": [
      10.286899998784065,
      12.017400000244379
    ]
  },
  "first": {
    "min": 15.72069999948144,
    "max": 15.72069999948144,
    "average": 15.72069999948144,
    "times": [
      15.72069999948144
    ]
  }
}