{
  "bulkDocs": {
    "min": 4.715199999511242,
    "max": 4.715199999511242,
    "average": 4.715199999511242,
    "times": [
      4.715199999511242
    ]
  },
  "saveChanges": {
    "min": 5.165899999439716,
    "max": 5.165899999439716,
    "average": 5.165899999439716,
    "times": [
      5.165899999439716
    ]
  }
}