{
  "add": {
    "min": 0.17920000106096268,
    "max": 0.17920000106096268,
    "average": 0.17920000106096268
  },
  "bulkDocs": {
    "min": 9.279500000178814,
    "max": 12.16269999742508,
    "average": 10.721099998801947,
    "times": [
      9.279500000178814,
      12.16269999742508
    ]
  },
  "saveChanges": {
    "min": 11.38739999756217,
    "max": 12.385499998927116,
    "average": 11.886449998244643,
    "times": [
      11.38739999756217,
      12.385499998927116
    ]
  },
  "remove": {
    "min": 0.25930000096559525,
    "max": 0.25930000096559525,
    "average": 0.25930000096559525
  }
}