{
  "add": {
    "min": 0.10609999299049377,
    "max": 0.10609999299049377,
    "average": 0.10609999299049377
  },
  "bulkDocs": {
    "min": 9.97579999268055,
    "max": 13.8648000061512,
    "average": 11.920299999415874,
    "times": [
      9.97579999268055,
      13.8648000061512
    ]
  },
  "saveChanges": {
    "min": 12.496999993920326,
    "max": 29.074400007724762,
    "average": 20.785700000822544,
    "times": [
      12.496999993920326,
      29.074400007724762
    ]
  },
  "remove": {
    "min": 0.29990001022815704,
    "max": 0.29990001022815704,
    "average": 0.29990001022815704
  }
}