{
  "add": {
    "min": 0.032600000500679016,
    "max": 157.7258999980986,
    "average": 1.281563327498082
  },
  "bulkDocs": {
    "min": 812.5240999981761,
    "max": 8683.20830000192,
    "average": 4747.866200000048,
    "times": [
      8683.20830000192,
      812.5240999981761
    ]
  },
  "saveChanges": {
    "min": 2094.450799997896,
    "max": 8770.264699999243,
    "average": 5432.3577499985695,
    "times": [
      8770.264699999243,
      2094.450799997896
    ]
  },
  "optimize": {
    "min": 25988.97730000317,
    "max": 25988.97730000317,
    "average": 25988.97730000317,
    "times": [
      25988.97730000317
    ]
  },
  "all": {
    "min": 1925.7925999984145,
    "max": 2097.0329000018537,
    "average": 2011.7317750006914,
    "times": [
      1990.9816000014544,
      2097.0329000018537,
      1925.7925999984145,
      2033.120000001043
    ]
  },
  "remove": {
    "min": 34.25439999997616,
    "max": 192.909699998796,
    "average": 113.5079499995336
  }
}