{
  "add": {
    "min": 0.032600000500679016,
    "max": 141.30140000209212,
    "average": 1.852965995006729
  },
  "bulkDocs": {
    "min": 7756.808299999684,
    "max": 7756.808299999684,
    "average": 7756.808299999684,
    "times": [
      7756.808299999684
    ]
  },
  "saveChanges": {
    "min": 7848.5839999988675,
    "max": 7848.5839999988675,
    "average": 7848.5839999988675,
    "times": [
      7848.5839999988675
    ]
  },
  "optimize": {
    "min": 23515.677200000733,
    "max": 23515.677200000733,
    "average": 23515.677200000733,
    "times": [
      23515.677200000733
    ]
  },
  "all": {
    "min": 1858.9739999994636,
    "max": 1858.9739999994636,
    "average": 1858.9739999994636,
    "times": [
      1858.9739999994636
    ]
  },
  "get": {
    "min": 342.2690000012517,
    "max": 342.2690000012517,
    "average": 342.2690000012517,
    "times": [
      342.2690000012517
    ]
  }
}