{
  "add": {
    "min": 0.032899998128414154,
    "max": 149.73000000044703,
    "average": 1.0171189350032248
  },
  "bulkDocs": {
    "min": 8576.854800000787,
    "max": 8576.854800000787,
    "average": 8576.854800000787,
    "times": [
      8576.854800000787
    ]
  },
  "saveChanges": {
    "min": 8654.06289999932,
    "max": 8654.06289999932,
    "average": 8654.06289999932,
    "times": [
      8654.06289999932
    ]
  },
  "optimize": {
    "min": 25134.494400002062,
    "max": 25134.494400002062,
    "average": 25134.494400002062,
    "times": [
      25134.494400002062
    ]
  },
  "all": {
    "min": 1945.57310000062,
    "max": 1945.57310000062,
    "average": 1945.57310000062,
    "times": [
      1945.57310000062
    ]
  },
  "get": {
    "min": 399.25530000030994,
    "max": 399.25530000030994,
    "average": 399.25530000030994,
    "times": [
      399.25530000030994
    ]
  }
}