{
  "add": {
    "min": 0.032899998128414154,
    "max": 148.23919999971986,
    "average": 0.9695798700030893
  },
  "bulkDocs": {
    "min": 791.9825999997556,
    "max": 8254.48429999873,
    "average": 4523.233449999243,
    "times": [
      8254.48429999873,
      791.9825999997556
    ]
  },
  "saveChanges": {
    "min": 837.5098999999464,
    "max": 8330.033999998122,
    "average": 4583.771949999034,
    "times": [
      8330.033999998122,
      837.5098999999464
    ]
  },
  "optimize": {
    "min": 24493.423599999398,
    "max": 24493.423599999398,
    "average": 24493.423599999398,
    "times": [
      24493.423599999398
    ]
  },
  "all": {
    "min": 1860.6730999983847,
    "max": 2039.8802000023425,
    "average": 1960.2754999995232,
    "times": [
      1860.6730999983847,
      2009.834699999541,
      1930.7139999978244,
      2039.8802000023425
    ]
  },
  "remove": {
    "min": 92.53039999678731,
    "max": 627.6871000006795,
    "average": 354.752399998717
  },
  "empty": {
    "min": 1953.3596000000834,
    "max": 2667.612799998373,
    "average": 2315.1047749994323,
    "times": [
      1953.3596000000834,
      2275.116299998015,
      2364.3304000012577,
      2667.612799998373
    ]
  }
}