{
  "add": {
    "min": 0.03389999270439148,
    "max": 5.094300001859665,
    "average": 0.06279950006306172
  },
  "bulkDocs": {
    "min": 14.18520000576973,
    "max": 102.87870000302792,
    "average": 58.53195000439882,
    "times": [
      102.87870000302792,
      14.18520000576973
    ]
  },
  "saveChanges": {
    "min": 14.698100000619888,
    "max": 104.72249999642372,
    "average": 59.710299998521805,
    "times": [
      104.72249999642372,
      14.698100000619888
    ]
  },
  "optimize": {
    "min": 595.9452999979258,
    "max": 595.9452999979258,
    "average": 595.9452999979258,
    "times": [
      595.9452999979258
    ]
  },
  "all": {
    "min": 78.65309999883175,
    "max": 78.65309999883175,
    "average": 78.65309999883175,
    "times": [
      78.65309999883175
    ]
  }
}