{
  "add": {
    "min": 0.14460000023245811,
    "max": 0.14460000023245811,
    "average": 0.14460000023245811
  },
  "bulkDocs": {
    "min": 10.446400001645088,
    "max": 14.049499999731779,
    "average": 12.247950000688434,
    "times": [
      10.446400001645088,
      14.049499999731779
    ]
  },
  "saveChanges": {
    "min": 13.371500000357628,
    "max": 29.95279999822378,
    "average": 21.662149999290705,
    "times": [
      13.371500000357628,
      29.95279999822378
    ]
  },
  "remove": {
    "min": 0.32440000027418137,
    "max": 0.32440000027418137,
    "average": 0.32440000027418137
  }
}