{
  "add": {
    "min": 0.032600000500679016,
    "max": 3.2700000032782555,
    "average": 0.055244199998676774
  },
  "bulkDocs": {
    "min": 16.55120000243187,
    "max": 96.2166000008583,
    "average": 56.38390000164509,
    "times": [
      96.2166000008583,
      16.55120000243187
    ]
  },
  "saveChanges": {
    "min": 17.349300000816584,
    "max": 97.80579999834299,
    "average": 57.57754999957979,
    "times": [
      97.80579999834299,
      17.349300000816584
    ]
  },
  "optimize": {
    "min": 607.8321999981999,
    "max": 607.8321999981999,
    "average": 607.8321999981999,
    "times": [
      607.8321999981999
    ]
  },
  "all": {
    "min": 80.93500000238419,
    "max": 80.93500000238419,
    "average": 80.93500000238419,
    "times": [
      80.93500000238419
    ]
  },
  "remove": {
    "min": 0.12869999930262566,
    "max": 0.12869999930262566,
    "average": 0.12869999930262566
  }
}