{
  "add": {
    "min": 0.17520000040531158,
    "max": 0.17520000040531158,
    "average": 0.17520000040531158
  },
  "bulkDocs": {
    "min": 9.877199999988079,
    "max": 12.738400001078844,
    "average": 11.307800000533462,
    "times": [
      9.877199999988079,
      12.738400001078844
    ]
  },
  "saveChanges": {
    "min": 10.058299999684095,
    "max": 13.03880000114441,
    "average": 11.548550000414252,
    "times": [
      10.058299999684095,
      13.03880000114441
    ]
  },
  "first": {
    "min": 17.094700001180172,
    "max": 17.094700001180172,
    "average": 17.094700001180172,
    "times": [
      17.094700001180172
    ]
  }
}