{
  "add": {
    "min": 0.0341000109910965,
    "max": 4.838599994778633,
    "average": 0.05990460012853146
  },
  "bulkDocs": {
    "min": 98.47929999232292,
    "max": 98.47929999232292,
    "average": 98.47929999232292,
    "times": [
      98.47929999232292
    ]
  },
  "saveChanges": {
    "min": 99.95409999787807,
    "max": 99.95409999787807,
    "average": 99.95409999787807,
    "times": [
      99.95409999787807
    ]
  },
  "optimize": {
    "min": 624.1069999933243,
    "max": 624.1069999933243,
    "average": 624.1069999933243,
    "times": [
      624.1069999933243
    ]
  },
  "all": {
    "min": 77.79249998927116,
    "max": 77.79249998927116,
    "average": 77.79249998927116,
    "times": [
      77.79249998927116
    ]
  }
}