{
  "add": {
    "min": 0.03300000727176666,
    "max": 0.3247999995946884,
    "average": 0.06035860002040863
  },
  "bulkDocs": {
    "min": 95.09190000593662,
    "max": 95.09190000593662,
    "average": 95.09190000593662,
    "times": [
      95.09190000593662
    ]
  },
  "saveChanges": {
    "min": 97.53760001063347,
    "max": 97.53760001063347,
    "average": 97.53760001063347,
    "times": [
      97.53760001063347
    ]
  },
  "optimize": {
    "min": 726.2094999998808,
    "max": 726.2094999998808,
    "average": 726.2094999998808,
    "times": [
      726.2094999998808
    ]
  },
  "all": {
    "min": 75.43299999833107,
    "max": 75.43299999833107,
    "average": 75.43299999833107,
    "times": [
      75.43299999833107
    ]
  }
}