{
  "add": {
    "min": 0.03099999949336052,
    "max": 0.749099999666214,
    "average": 0.06827470006421209
  },
  "bulkDocs": {
    "min": 115.71689999848604,
    "max": 115.71689999848604,
    "average": 115.71689999848604,
    "times": [
      115.71689999848604
    ]
  },
  "saveChanges": {
    "min": 117.24039999768138,
    "max": 117.24039999768138,
    "average": 117.24039999768138,
    "times": [
      117.24039999768138
    ]
  },
  "optimize": {
    "min": 803.604399997741,
    "max": 803.604399997741,
    "average": 803.604399997741,
    "times": [
      803.604399997741
    ]
  },
  "all": {
    "min": 79.91420000046492,
    "max": 79.91420000046492,
    "average": 79.91420000046492,
    "times": [
      79.91420000046492
    ]
  }
}