{
  "add": {
    "min": 0.02869999408721924,
    "max": 8.469500005245209,
    "average": 1.1696085800308733
  },
  "bulkDocs": {
    "min": 18.560699999332428,
    "max": 7920.781100004911,
    "average": 3969.670900002122,
    "times": [
      7920.781100004911,
      18.560699999332428
    ]
  },
  "saveChanges": {
    "min": 43.006500005722046,
    "max": 8022.498900011182,
    "average": 4032.752700008452,
    "times": [
      8022.498900011182,
      43.006500005722046
    ]
  },
  "optimize": {
    "min": 23263.48939999938,
    "max": 23263.48939999938,
    "average": 23263.48939999938,
    "times": [
      23263.48939999938
    ]
  }
}