{
  "add": {
    "min": 0.03280000388622284,
    "max": 155.02799999713898,
    "average": 0.7971370750162751
  },
  "bulkDocs": {
    "min": 837.0101999938488,
    "max": 8649.156900003552,
    "average": 4743.083549998701,
    "times": [
      8649.156900003552,
      837.0101999938488
    ]
  },
  "saveChanges": {
    "min": 867.4273000061512,
    "max": 8726.98070000112,
    "average": 4797.204000003636,
    "times": [
      8726.98070000112,
      867.4273000061512
    ]
  },
  "optimize": {
    "min": 23937.668700009584,
    "max": 23937.668700009584,
    "average": 23937.668700009584,
    "times": [
      23937.668700009584
    ]
  },
  "all": {
    "min": 1834.993100002408,
    "max": 2019.0874999910593,
    "average": 1920.0975749976933,
    "times": [
      1960.5102999955416,
      1834.993100002408,
      2019.0874999910593,
      1865.7994000017643
    ]
  }
}