{
  "add": {
    "min": 0.03440000116825104,
    "max": 0.45730000734329224,
    "average": 0.05221870006620884
  },
  "bulkDocs": {
    "min": 13.715599998831749,
    "max": 88.93439999222755,
    "average": 51.32499999552965,
    "times": [
      88.93439999222755,
      13.715599998831749
    ]
  },
  "saveChanges": {
    "min": 29.448400005698204,
    "max": 90.5460000038147,
    "average": 59.99720000475645,
    "times": [
      90.5460000038147,
      29.448400005698204
    ]
  },
  "optimize": {
    "min": 577.2864000052214,
    "max": 577.2864000052214,
    "average": 577.2864000052214,
    "times": [
      577.2864000052214
    ]
  },
  "all": {
    "min": 74.05070000886917,
    "max": 74.05070000886917,
    "average": 74.05070000886917,
    "times": [
      74.05070000886917
    ]
  },
  "remove": {
    "min": 0.1316000074148178,
    "max": 0.1316000074148178,
    "average": 0.1316000074148178
  }
}