{
  "add": {
    "min": 0.3383000008761883,
    "max": 0.3383000008761883,
    "average": 0.3383000008761883
  },
  "bulkDocs": {
    "min": 10.694600000977516,
    "max": 15.155699998140335,
    "average": 12.925149999558926,
    "times": [
      10.694600000977516,
      15.155699998140335
    ]
  },
  "saveChanges": {
    "min": 10.972899999469519,
    "max": 15.373100001364946,
    "average": 13.173000000417233,
    "times": [
      10.972899999469519,
      15.373100001364946
    ]
  },
  "remove": {
    "min": 0.29109999909996986,
    "max": 0.29109999909996986,
    "average": 0.29109999909996986
  }
}