{
  "add": {
    "min": 0.03259999677538872,
    "max": 3.222000002861023,
    "average": 0.0672791000381112
  },
  "bulkDocs": {
    "min": 12.57210000231862,
    "max": 105.84610000252724,
    "average": 59.20910000242293,
    "times": [
      105.84610000252724,
      12.57210000231862
    ]
  },
  "saveChanges": {
    "min": 13.274000000208616,
    "max": 107.21900000050664,
    "average": 60.24650000035763,
    "times": [
      107.21900000050664,
      13.274000000208616
    ]
  },
  "optimize": {
    "min": 640.5401999987662,
    "max": 640.5401999987662,
    "average": 640.5401999987662,
    "times": [
      640.5401999987662
    ]
  },
  "all": {
    "min": 77.58100000023842,
    "max": 77.58100000023842,
    "average": 77.58100000023842,
    "times": [
      77.58100000023842
    ]
  }
}