{
  "add": {
    "min": 0.03319999948143959,
    "max": 4.078000001609325,
    "average": 0.07319809993356466
  },
  "bulkDocs": {
    "min": 97.90179999917746,
    "max": 97.90179999917746,
    "average": 97.90179999917746,
    "times": [
      97.90179999917746
    ]
  },
  "saveChanges": {
    "min": 99.07979999855161,
    "max": 99.07979999855161,
    "average": 99.07979999855161,
    "times": [
      99.07979999855161
    ]
  },
  "optimize": {
    "min": 599.5388000011444,
    "max": 599.5388000011444,
    "average": 599.5388000011444,
    "times": [
      599.5388000011444
    ]
  },
  "all": {
    "min": 78.74139999970794,
    "max": 78.74139999970794,
    "average": 78.74139999970794,
    "times": [
      78.74139999970794
    ]
  }
}