{
  "add": {
    "min": 0.09149999916553497,
    "max": 0.09149999916553497,
    "average": 0.09149999916553497
  },
  "bulkDocs": {
    "min": 8.70720000192523,
    "max": 11.630999997258186,
    "average": 10.169099999591708,
    "times": [
      8.70720000192523,
      11.630999997258186
    ]
  },
  "saveChanges": {
    "min": 11.192800000309944,
    "max": 24.24040000140667,
    "average": 17.716600000858307,
    "times": [
      11.192800000309944,
      24.24040000140667
    ]
  },
  "remove": {
    "min": 0.21449999883770943,
    "max": 0.21449999883770943,
    "average": 0.21449999883770943
  }
}