{
  "add": {
    "min": 0.034999996423721313,
    "max": 2.741899996995926,
    "average": 0.06290610025823117
  },
  "bulkDocs": {
    "min": 15.86870001256466,
    "max": 96.3074000030756,
    "average": 56.08805000782013,
    "times": [
      96.3074000030756,
      15.86870001256466
    ]
  },
  "saveChanges": {
    "min": 16.73530000448227,
    "max": 97.60090000927448,
    "average": 57.168100006878376,
    "times": [
      97.60090000927448,
      16.73530000448227
    ]
  },
  "optimize": {
    "min": 566.2225000113249,
    "max": 566.2225000113249,
    "average": 566.2225000113249,
    "times": [
      566.2225000113249
    ]
  }
}