{
  "add": {
    "min": 0.03450000286102295,
    "max": 3.5023999996483326,
    "average": 0.07493939999863505
  },
  "bulkDocs": {
    "min": 104.41669999808073,
    "max": 104.41669999808073,
    "average": 104.41669999808073,
    "times": [
      104.41669999808073
    ]
  },
  "saveChanges": {
    "min": 113.3762999996543,
    "max": 113.3762999996543,
    "average": 113.3762999996543,
    "times": [
      113.3762999996543
    ]
  },
  "optimize": {
    "min": 732.7203999981284,
    "max": 732.7203999981284,
    "average": 732.7203999981284,
    "times": [
      732.7203999981284
    ]
  },
  "all": {
    "min": 76.14310000091791,
    "max": 76.14310000091791,
    "average": 76.14310000091791,
    "times": [
      76.14310000091791
    ]
  }
}