{
  "add": {
    "min": 0.04470000043511391,
    "max": 1.6460999995470047,
    "average": 0.07691829999536276
  },
  "bulkDocs": {
    "min": 14.01579999923706,
    "max": 93.78029999881983,
    "average": 53.898049999028444,
    "times": [
      93.78029999881983,
      14.01579999923706
    ]
  },
  "saveChanges": {
    "min": 14.59349999949336,
    "max": 97.0667000003159,
    "average": 55.83009999990463,
    "times": [
      97.0667000003159,
      14.59349999949336
    ]
  },
  "optimize": {
    "min": 537.3322999998927,
    "max": 537.3322999998927,
    "average": 537.3322999998927,
    "times": [
      537.3322999998927
    ]
  }
}