{
  "add": {
    "min": 0.21690000221133232,
    "max": 0.21690000221133232,
    "average": 0.21690000221133232
  },
  "bulkDocs": {
    "min": 9.484600000083447,
    "max": 9.484600000083447,
    "average": 9.484600000083447,
    "times": [
      9.484600000083447
    ]
  },
  "saveChanges": {
    "min": 9.789099998772144,
    "max": 9.789099998772144,
    "average": 9.789099998772144,
    "times": [
      9.789099998772144
    ]
  }
}