{
  "add": {
    "min": 0.032499998807907104,
    "max": 143.54240000247955,
    "average": 1.0891804274949246
  },
  "bulkDocs": {
    "min": 953.8912000022829,
    "max": 8670.400299999863,
    "average": 4812.145750001073,
    "times": [
      8670.400299999863,
      953.8912000022829
    ]
  },
  "saveChanges": {
    "min": 982.5230000019073,
    "max": 8750.636900000274,
    "average": 4866.579950001091,
    "times": [
      8750.636900000274,
      982.5230000019073
    ]
  },
  "optimize": {
    "min": 25975.067399997264,
    "max": 25975.067399997264,
    "average": 25975.067399997264,
    "times": [
      25975.067399997264
    ]
  },
  "all": {
    "min": 1977.4219999983907,
    "max": 2441.683600001037,
    "average": 2285.785724999383,
    "times": [
      1977.4219999983907,
      2397.856699999422,
      2441.683600001037,
      2326.1805999986827
    ]
  }
}