{
  "add": {
    "min": 0.03890000283718109,
    "max": 3.2959000021219254,
    "average": 0.08138569997623563
  },
  "bulkDocs": {
    "min": 15.152400001883507,
    "max": 104.56410000100732,
    "average": 59.85825000144541,
    "times": [
      104.56410000100732,
      15.152400001883507
    ]
  },
  "saveChanges": {
    "min": 15.858000002801418,
    "max": 107.01280000060797,
    "average": 61.43540000170469,
    "times": [
      107.01280000060797,
      15.858000002801418
    ]
  },
  "optimize": {
    "min": 699.1853000000119,
    "max": 699.1853000000119,
    "average": 699.1853000000119,
    "times": [
      699.1853000000119
    ]
  },
  "all": {
    "min": 86.2580000013113,
    "max": 86.2580000013113,
    "average": 86.2580000013113,
    "times": [
      86.2580000013113
    ]
  },
  "remove": {
    "min": 0.1257999986410141,
    "max": 0.1257999986410141,
    "average": 0.1257999986410141
  }
}