{
  "add": {
    "min": 0.03629999980330467,
    "max": 143.63960000127554,
    "average": 1.45591119000623
  },
  "bulkDocs": {
    "min": 808.479399997741,
    "max": 8847.407499998808,
    "average": 4827.943449998274,
    "times": [
      8847.407499998808,
      808.479399997741
    ]
  },
  "saveChanges": {
    "min": 834.28579999879,
    "max": 8928.372400000691,
    "average": 4881.329099999741,
    "times": [
      8928.372400000691,
      834.28579999879
    ]
  },
  "optimize": {
    "min": 24483.54540000111,
    "max": 24483.54540000111,
    "average": 24483.54540000111,
    "times": [
      24483.54540000111
    ]
  },
  "all": {
    "min": 1881.4847999997437,
    "max": 2075.441599998623,
    "average": 1986.3457500003278,
    "times": [
      1881.4847999997437,
      2073.044800002128,
      1915.4118000008166,
      2075.441599998623
    ]
  },
  "remove": {
    "min": 163.3542999997735,
    "max": 1016.1683999970555,
    "average": 603.8394999988377
  },
  "empty": {
    "min": 2045.0194000005722,
    "max": 3091.662999998778,
    "average": 2590.2744000004604,
    "times": [
      2045.0194000005722,
      2557.2388000003994,
      2667.176400002092,
      3091.662999998778
    ]
  }
}