{
  "add": {
    "min": 0.03440000116825104,
    "max": 153.13169999793172,
    "average": 1.3648296099979431
  },
  "bulkDocs": {
    "min": 8173.4163000024855,
    "max": 8173.4163000024855,
    "average": 8173.4163000024855,
    "times": [
      8173.4163000024855
    ]
  },
  "saveChanges": {
    "min": 8245.26669999957,
    "max": 8245.26669999957,
    "average": 8245.26669999957,
    "times": [
      8245.26669999957
    ]
  },
  "optimize": {
    "min": 23373.394900001585,
    "max": 23373.394900001585,
    "average": 23373.394900001585,
    "times": [
      23373.394900001585
    ]
  },
  "all": {
    "min": 1909.8822000026703,
    "max": 1909.8822000026703,
    "average": 1909.8822000026703,
    "times": [
      1909.8822000026703
    ]
  }
}