{
  "add": {
    "min": 0.033399999141693115,
    "max": 161.64769999682903,
    "average": 0.8375431149668991
  },
  "bulkDocs": {
    "min": 790.5824999958277,
    "max": 8068.357000008225,
    "average": 4429.469750002027,
    "times": [
      8068.357000008225,
      790.5824999958277
    ]
  },
  "saveChanges": {
    "min": 2026.302799999714,
    "max": 8141.334499999881,
    "average": 5083.818649999797,
    "times": [
      8141.334499999881,
      2026.302799999714
    ]
  },
  "optimize": {
    "min": 23136.622199997306,
    "max": 23136.622199997306,
    "average": 23136.622199997306,
    "times": [
      23136.622199997306
    ]
  },
  "all": {
    "min": 1843.566200003028,
    "max": 2013.1389999985695,
    "average": 1920.385174997151,
    "times": [
      1843.566200003028,
      1965.1578999906778,
      1859.6775999963284,
      2013.1389999985695
    ]
  },
  "remove": {
    "min": 34.242899999022484,
    "max": 192.6077999919653,
    "average": 104.57719999551773
  }
}