{
  "add": {
    "min": 0.03220000118017197,
    "max": 0.2767000012099743,
    "average": 0.052552600007504224
  },
  "bulkDocs": {
    "min": 13.431200001388788,
    "max": 92.39699999988079,
    "average": 52.91410000063479,
    "times": [
      92.39699999988079,
      13.431200001388788
    ]
  },
  "saveChanges": {
    "min": 28.079299997538328,
    "max": 93.90929999947548,
    "average": 60.994299998506904,
    "times": [
      93.90929999947548,
      28.079299997538328
    ]
  },
  "optimize": {
    "min": 605.3795999996364,
    "max": 605.3795999996364,
    "average": 605.3795999996364,
    "times": [
      605.3795999996364
    ]
  },
  "all": {
    "min": 78.14460000023246,
    "max": 78.14460000023246,
    "average": 78.14460000023246,
    "times": [
      78.14460000023246
    ]
  },
  "remove": {
    "min": 0.1584000028669834,
    "max": 0.1584000028669834,
    "average": 0.1584000028669834
  }
}