{
  "add": {
    "min": 0.19529999792575836,
    "max": 0.19529999792575836,
    "average": 0.19529999792575836
  },
  "bulkDocs": {
    "min": 9.522100001573563,
    "max": 9.522100001573563,
    "average": 9.522100001573563,
    "times": [
      9.522100001573563
    ]
  },
  "saveChanges": {
    "min": 9.728700000792742,
    "max": 9.728700000792742,
    "average": 9.728700000792742,
    "times": [
      9.728700000792742
    ]
  }
}