{
  "add": {
    "min": 0.0357000008225441,
    "max": 167.62949999794364,
    "average": 1.68175933499448
  },
  "bulkDocs": {
    "min": 766.1953999996185,
    "max": 8107.58729999885,
    "average": 4436.891349999234,
    "times": [
      8107.58729999885,
      766.1953999996185
    ]
  },
  "saveChanges": {
    "min": 2020.162999998778,
    "max": 8186.056600000709,
    "average": 5103.109799999744,
    "times": [
      8186.056600000709,
      2020.162999998778
    ]
  },
  "optimize": {
    "min": 23448.728700000793,
    "max": 23448.728700000793,
    "average": 23448.728700000793,
    "times": [
      23448.728700000793
    ]
  },
  "all": {
    "min": 1808.7109999991953,
    "max": 1999.080600000918,
    "average": 1929.1146499989554,
    "times": [
      1808.7109999991953,
      1985.8081999979913,
      1922.8587999977171,
      1999.080600000918
    ]
  },
  "remove": {
    "min": 37.040199998766184,
    "max": 182.09739999845624,
    "average": 110.59889999963343
  }
}