{
  "add": {
    "min": 0.11219999194145203,
    "max": 0.11219999194145203,
    "average": 0.11219999194145203
  },
  "bulkDocs": {
    "min": 9.421800002455711,
    "max": 13.43299999833107,
    "average": 11.42740000039339,
    "times": [
      9.421800002455711,
      13.43299999833107
    ]
  },
  "saveChanges": {
    "min": 9.592799991369247,
    "max": 13.706499993801117,
    "average": 11.649649992585182,
    "times": [
      9.592799991369247,
      13.706499993801117
    ]
  },
  "first": {
    "min": 14.806099995970726,
    "max": 14.806099995970726,
    "average": 14.806099995970726,
    "times": [
      14.806099995970726
    ]
  }
}