{
  "add": {
    "min": 0.035999998450279236,
    "max": 0.3764999993145466,
    "average": 0.07567229989171029
  },
  "bulkDocs": {
    "min": 14.717100001871586,
    "max": 170.36520000174642,
    "average": 92.541150001809,
    "times": [
      170.36520000174642,
      14.717100001871586
    ]
  },
  "saveChanges": {
    "min": 15.3141999989748,
    "max": 171.61730000004172,
    "average": 93.46574999950826,
    "times": [
      171.61730000004172,
      15.3141999989748
    ]
  },
  "optimize": {
    "min": 635.2777999974787,
    "max": 635.2777999974787,
    "average": 635.2777999974787,
    "times": [
      635.2777999974787
    ]
  },
  "all": {
    "min": 83.92729999870062,
    "max": 83.92729999870062,
    "average": 83.92729999870062,
    "times": [
      83.92729999870062
    ]
  }
}