{
  "add": {
    "min": 0.033799998462200165,
    "max": 3.7039000019431114,
    "average": 0.07274520009756089
  },
  "bulkDocs": {
    "min": 105.02849999815226,
    "max": 105.02849999815226,
    "average": 105.02849999815226,
    "times": [
      105.02849999815226
    ]
  },
  "saveChanges": {
    "min": 106.50389999896288,
    "max": 106.50389999896288,
    "average": 106.50389999896288,
    "times": [
      106.50389999896288
    ]
  },
  "optimize": {
    "min": 656.8172000013292,
    "max": 656.8172000013292,
    "average": 656.8172000013292,
    "times": [
      656.8172000013292
    ]
  },
  "all": {
    "min": 77.92410000041127,
    "max": 77.92410000041127,
    "average": 77.92410000041127,
    "times": [
      77.92410000041127
    ]
  }
}