{
  "bulkDocs": {
    "min": 9.861200004816055,
    "max": 9.861200004816055,
    "average": 9.861200004816055,
    "times": [
      9.861200004816055
    ]
  },
  "saveChanges": {
    "min": 16.80969999730587,
    "max": 16.80969999730587,
    "average": 16.80969999730587,
    "times": [
      16.80969999730587
    ]
  }
}