{
  "add": {
    "delta": {
      "min": 0.0035999754909425974,
      "max": -2.9064000216312706,
      "average": 0.017620399224339056
    },
    "v1.4.4": {
      "min": 0.03199997544288635,
      "max": 0.5488999783992767,
      "average": 0.0551195992231369
    },
    "v1.4.3": {
      "min": 0.028399999951943755,
      "max": 3.4553000000305474,
      "average": 0.03749919999879785
    }
  },
  "bulkDocs": {
    "delta": {
      "min": 54.488499998813495,
      "max": 54.488499998813495,
      "average": 54.488499998813495
    },
    "v1.4.4": {
      "min": 149.20239999890327,
      "max": 149.20239999890327,
      "average": 149.20239999890327
    },
    "v1.4.3": {
      "min": 94.71390000008978,
      "max": 94.71390000008978,
      "average": 94.71390000008978
    }
  },
  "saveChanges": {
    "delta": {
      "min": 54.94780000112951,
      "max": 54.94780000112951,
      "average": 54.94780000112951
    },
    "v1.4.4": {
      "min": 151.79760000109673,
      "max": 151.79760000109673,
      "average": 151.79760000109673
    },
    "v1.4.3": {
      "min": 96.84979999996722,
      "max": 96.84979999996722,
      "average": 96.84979999996722
    }
  },
  "optimize": {
    "delta": {
      "min": 108.8496000203304,
      "max": 108.8496000203304,
      "average": 108.8496000203304
    },
    "v1.4.4": {
      "min": 669.554900020361,
      "max": 669.554900020361,
      "average": 669.554900020361
    },
    "v1.4.3": {
      "min": 560.7053000000305,
      "max": 560.7053000000305,
      "average": 560.7053000000305
    }
  },
  "all": {
    "delta": {
      "min": 12.10610000602901,
      "max": 12.10610000602901,
      "average": 12.10610000602901
    },
    "v1.4.4": {
      "min": 85.43610000610352,
      "max": 85.43610000610352,
      "average": 85.43610000610352
    },
    "v1.4.3": {
      "min": 73.3300000000745,
      "max": 73.3300000000745,
      "average": 73.3300000000745
    }
  },
  "get": {
    "delta": {
      "min": 1.2990999803878367,
      "max": 1.2990999803878367,
      "average": 1.2990999803878367
    },
    "v1.4.4": {
      "min": 27.866799980401993,
      "max": 27.866799980401993,
      "average": 27.866799980401993
    },
    "v1.4.3": {
      "min": 26.567700000014156,
      "max": 26.567700000014156,
      "average": 26.567700000014156
    }
  }
}