{
  "add": {
    "delta": {
      "min": 0.0021000078413635492,
      "max": 10.557599995518103,
      "average": 0.009221579956641648
    },
    "v1.4.4": {
      "min": 0.030400007963180542,
      "max": 149.04199999570847,
      "average": 0.05104813745692372
    },
    "v1.4.3": {
      "min": 0.028300000121816993,
      "max": 138.48440000019036,
      "average": 0.04182655750028207
    }
  },
  "bulkDocs": {
    "delta": {
      "min": 1195.7298000101,
      "max": 1195.7298000101,
      "average": 1195.7298000101
    },
    "v1.4.4": {
      "min": 8788.080700010061,
      "max": 8788.080700010061,
      "average": 8788.080700010061
    },
    "v1.4.3": {
      "min": 7592.350899999961,
      "max": 7592.350899999961,
      "average": 7592.350899999961
    }
  },
  "saveChanges": {
    "delta": {
      "min": 1206.805999999866,
      "max": 1206.805999999866,
      "average": 1206.805999999866
    },
    "v1.4.4": {
      "min": 8885.677799999714,
      "max": 8885.677799999714,
      "average": 8885.677799999714
    },
    "v1.4.3": {
      "min": 7678.871799999848,
      "max": 7678.871799999848,
      "average": 7678.871799999848
    }
  },
  "optimize": {
    "delta": {
      "min": 4574.613700000802,
      "max": 4574.613700000802,
      "average": 4574.613700000802
    },
    "v1.4.4": {
      "min": 26423.01060000062,
      "max": 26423.01060000062,
      "average": 26423.01060000062
    },
    "v1.4.3": {
      "min": 21848.396899999818,
      "max": 21848.396899999818,
      "average": 21848.396899999818
    }
  },
  "all": {
    "delta": {
      "min": 385.50810000579804,
      "max": 385.50810000579804,
      "average": 385.50810000579804
    },
    "v1.4.4": {
      "min": 2089.542600005865,
      "max": 2089.542600005865,
      "average": 2089.542600005865
    },
    "v1.4.3": {
      "min": 1704.034500000067,
      "max": 1704.034500000067,
      "average": 1704.034500000067
    }
  },
  "get": {
    "delta": {
      "min": 123.84439998609014,
      "max": 123.84439998609014,
      "average": 123.84439998609014
    },
    "v1.4.4": {
      "min": 425.1769999861717,
      "max": 425.1769999861717,
      "average": 425.1769999861717
    },
    "v1.4.3": {
      "min": 301.3326000000816,
      "max": 301.3326000000816,
      "average": 301.3326000000816
    }
  }
}