{
  "add": {
    "delta": {
      "min": 0.0009999992325901985,
      "max": 0.3331000105245039,
      "average": 0.0018574075205513504
    },
    "v1.4.4": {
      "min": 0.02459999918937683,
      "max": 7.796400010585785,
      "average": 0.03973381252065301
    },
    "v1.4.3": {
      "min": 0.023599999956786633,
      "max": 7.463300000061281,
      "average": 0.03787640500010166
    }
  },
  "bulkDocs": {
    "delta": {
      "min": 1.984900000388734,
      "max": 268.16939999489114,
      "average": 135.07714999763994
    },
    "v1.4.4": {
      "min": 19.49210000038147,
      "max": 8034.566599994898,
      "average": 4027.0293499976397
    },
    "v1.4.3": {
      "min": 17.507199999992736,
      "max": 7766.397200000007,
      "average": 3891.9521999999997
    }
  },
  "saveChanges": {
    "delta": {
      "min": 3.089299982995726,
      "max": 250.31069999642204,
      "average": 126.69999998970889
    },
    "v1.4.4": {
      "min": 47.64159998297691,
      "max": 8130.597499996424,
      "average": 4089.1195499897003
    },
    "v1.4.3": {
      "min": 44.55229999998119,
      "max": 7880.286800000002,
      "average": 3962.4195499999914
    }
  },
  "optimize": {
    "delta": {
      "min": 250.28920000069775,
      "max": 250.28920000069775,
      "average": 250.28920000069775
    },
    "v1.4.4": {
      "min": 22997.868000000715,
      "max": 22997.868000000715,
      "average": 22997.868000000715
    },
    "v1.4.3": {
      "min": 22747.578800000018,
      "max": 22747.578800000018,
      "average": 22747.578800000018
    }
  }
}