{
  "add": {
    "delta": {
      "min": -0.0027999915182590485,
      "max": -17.22759998962283,
      "average": 0.0029730249516665835
    },
    "v1.4.4": {
      "min": 0.04890000820159912,
      "max": 128.0886000096798,
      "average": 0.09187889745533466
    },
    "v1.4.3": {
      "min": 0.05169999971985817,
      "max": 145.31619999930263,
      "average": 0.08890587250366808
    }
  },
  "upsert": {
    "delta": {
      "min": -1.7080000024288893,
      "max": 1.85750000923872,
      "average": 0.18164078996516864
    },
    "v1.4.4": {
      "min": 9.942699998617172,
      "max": 167.68630000948906,
      "average": 14.272486097466201
    },
    "v1.4.3": {
      "min": 11.650700001046062,
      "max": 165.82880000025034,
      "average": 14.090845307501032
    }
  },
  "bulkDocs": {
    "delta": {
      "min": 2.514199985191226,
      "max": 441.336199991405,
      "average": 221.92519998829812
    },
    "v1.4.4": {
      "min": 16.512299984693527,
      "max": 8273.152599990368,
      "average": 4144.832449987531
    },
    "v1.4.3": {
      "min": 13.998099999502301,
      "max": 7831.816399998963,
      "average": 3922.9072499992326
    }
  },
  "saveChanges": {
    "delta": {
      "min": 6.083399990573525,
      "max": 453.225000012666,
      "average": 229.65420000161976
    },
    "v1.4.4": {
      "min": 44.10769999027252,
      "max": 8389.49200001359,
      "average": 4216.799850001931
    },
    "v1.4.3": {
      "min": 38.024299999699,
      "max": 7936.267000000924,
      "average": 3987.1456500003114
    }
  },
  "optimize": {
    "delta": {
      "min": 957.9367999807,
      "max": 957.9367999807,
      "average": 957.9367999807
    },
    "v1.4.4": {
      "min": 23920.622899979353,
      "max": 23920.622899979353,
      "average": 23920.622899979353
    },
    "v1.4.3": {
      "min": 22962.686099998653,
      "max": 22962.686099998653,
      "average": 22962.686099998653
    }
  }
}