{
  "add": {
    "delta": {
      "min": 0.03050001070369035,
      "max": 0.03050001070369035,
      "average": 0.03050001070369035
    },
    "v1.4.4": {
      "min": 0.27000001072883606,
      "max": 0.27000001072883606,
      "average": 0.27000001072883606
    },
    "v1.4.3": {
      "min": 0.2395000000251457,
      "max": 0.2395000000251457,
      "average": 0.2395000000251457
    }
  },
  "bulkDocs": {
    "delta": {
      "min": -0.7678000058513135,
      "max": -0.7678000058513135,
      "average": -0.7678000058513135
    },
    "v1.4.4": {
      "min": 9.457399994134903,
      "max": 9.457399994134903,
      "average": 9.457399994134903
    },
    "v1.4.3": {
      "min": 10.225199999986216,
      "max": 10.225199999986216,
      "average": 10.225199999986216
    }
  },
  "saveChanges": {
    "delta": {
      "min": -0.7667000102810562,
      "max": -0.7667000102810562,
      "average": -0.7667000102810562
    },
    "v1.4.4": {
      "min": 9.659599989652634,
      "max": 9.659599989652634,
      "average": 9.659599989652634
    },
    "v1.4.3": {
      "min": 10.42629999993369,
      "max": 10.42629999993369,
      "average": 10.42629999993369
    }
  }
}