{
  "add": {
    "delta": {
      "min": 0.0013000041944906116,
      "max": -0.3853999899001792,
      "average": 0.0036312998209614283
    },
    "v1.4.4": {
      "min": 0.029300004243850708,
      "max": 0.14320001006126404,
      "average": 0.03566359981894493
    },
    "v1.4.3": {
      "min": 0.028000000049360096,
      "max": 0.5285999999614432,
      "average": 0.0320322999979835
    }
  },
  "bulkDocs": {
    "delta": {
      "min": -0.7328000069828704,
      "max": -3.112999994074926,
      "average": -1.922900000528898
    },
    "v1.4.4": {
      "min": 14.731099992990494,
      "max": 102.15880000591278,
      "average": 58.44494999945164
    },
    "v1.4.3": {
      "min": 15.463899999973364,
      "max": 105.2717999999877,
      "average": 60.367849999980535
    }
  },
  "saveChanges": {
    "delta": {
      "min": -0.817599999718368,
      "max": -3.175999976694584,
      "average": -1.996799988206476
    },
    "v1.4.4": {
      "min": 15.268500000238419,
      "max": 103.63430002331734,
      "average": 59.45140001177788
    },
    "v1.4.3": {
      "min": 16.086099999956787,
      "max": 106.81030000001192,
      "average": 61.448199999984354
    }
  },
  "optimize": {
    "delta": {
      "min": 73.09379998291843,
      "max": 73.09379998291843,
      "average": 73.09379998291843
    },
    "v1.4.4": {
      "min": 612.4628999829292,
      "max": 612.4628999829292,
      "average": 612.4628999829292
    },
    "v1.4.3": {
      "min": 539.3691000000108,
      "max": 539.3691000000108,
      "average": 539.3691000000108
    }
  },
  "all": {
    "delta": {
      "min": 4.321899996837601,
      "max": 4.321899996837601,
      "average": 4.321899996837601
    },
    "v1.4.4": {
      "min": 77.77709999680519,
      "max": 77.77709999680519,
      "average": 77.77709999680519
    },
    "v1.4.3": {
      "min": 73.45519999996759,
      "max": 73.45519999996759,
      "average": 73.45519999996759
    }
  }
}