{
  "link": {
    "delta": {
      "min": 5.540399998426437,
      "max": 5.540399998426437,
      "average": 5.540399998426437
    },
    "v1.4.4": {
      "min": 27.110500007867813,
      "max": 27.110500007867813,
      "average": 27.110500007867813
    },
    "v1.4.3": {
      "min": 21.570100009441376,
      "max": 21.570100009441376,
      "average": 21.570100009441376
    }
  },
  "bulkDocs": {
    "delta": {
      "min": -2.780699998140335,
      "max": -2.780699998140335,
      "average": -2.780699998140335
    },
    "v1.4.4": {
      "min": 18.08280000090599,
      "max": 18.08280000090599,
      "average": 18.08280000090599
    },
    "v1.4.3": {
      "min": 20.863499999046326,
      "max": 20.863499999046326,
      "average": 20.863499999046326
    }
  },
  "saveChanges": {
    "delta": {
      "min": -2.66260002553463,
      "max": -2.66260002553463,
      "average": -2.66260002553463
    },
    "v1.4.4": {
      "min": 18.464299976825714,
      "max": 18.464299976825714,
      "average": 18.464299976825714
    },
    "v1.4.3": {
      "min": 21.126900002360344,
      "max": 21.126900002360344,
      "average": 21.126900002360344
    }
  }
}