{
  "add": {
    "delta": {
      "min": -0.004299985943362117,
      "max": -0.004299985943362117,
      "average": -0.004299985943362117
    },
    "v1.4.4": {
      "min": 0.21650001406669617,
      "max": 0.21650001406669617,
      "average": 0.21650001406669617
    },
    "v1.4.3": {
      "min": 0.22080000001005828,
      "max": 0.22080000001005828,
      "average": 0.22080000001005828
    }
  },
  "bulkDocs": {
    "delta": {
      "min": 0.4882000049110502,
      "max": 2.2174999803537503,
      "average": 1.3528499926324002
    },
    "v1.4.4": {
      "min": 10.289900004863739,
      "max": 14.991799980401993,
      "average": 12.640849992632866
    },
    "v1.4.3": {
      "min": 9.801699999952689,
      "max": 12.774300000048243,
      "average": 11.288000000000466
    }
  },
  "saveChanges": {
    "delta": {
      "min": -1.2659000050043687,
      "max": 4.437700014328584,
      "average": 1.5859000046621077
    },
    "v1.4.4": {
      "min": 11.468899995088577,
      "max": 30.7887000143528,
      "average": 21.128800004720688
    },
    "v1.4.3": {
      "min": 12.734800000092946,
      "max": 26.351000000024214,
      "average": 19.54290000005858
    }
  },
  "remove": {
    "delta": {
      "min": 0.009099982911720872,
      "max": 0.009099982911720872,
      "average": 0.009099982911720872
    },
    "v1.4.4": {
      "min": 0.21289998292922974,
      "max": 0.21289998292922974,
      "average": 0.21289998292922974
    },
    "v1.4.3": {
      "min": 0.20380000001750886,
      "max": 0.20380000001750886,
      "average": 0.20380000001750886
    }
  }
}