{
  "add": {
    "delta": {
      "min": 0.0018999974709004164,
      "max": 15.90220000303816,
      "average": 0.0018968025321053558
    },
    "v1.4.4": {
      "min": 0.02889999747276306,
      "max": 168.12430000305176,
      "average": 0.04698655503168702
    },
    "v1.4.3": {
      "min": 0.027000000001862645,
      "max": 152.2221000000136,
      "average": 0.045089752499581665
    }
  },
  "bulkDocs": {
    "delta": {
      "min": 262.7300999974832,
      "max": 1317.4323999850312,
      "average": 790.0812499912572
    },
    "v1.4.4": {
      "min": 1020.8950999975204,
      "max": 8784.325699985027,
      "average": 4902.610399991274
    },
    "v1.4.3": {
      "min": 758.1650000000373,
      "max": 7466.893299999996,
      "average": 4112.529150000017
    }
  },
  "saveChanges": {
    "delta": {
      "min": 279.9074000038672,
      "max": 1328.0405999987852,
      "average": 803.9740000013262
    },
    "v1.4.4": {
      "min": 1063.40340000391,
      "max": 8877.344999998808,
      "average": 4970.374200001359
    },
    "v1.4.3": {
      "min": 783.4960000000428,
      "max": 7549.304400000023,
      "average": 4166.400200000033
    }
  },
  "optimize": {
    "delta": {
      "min": 2913.6361000180477,
      "max": 2913.6361000180477,
      "average": 2913.6361000180477
    },
    "v1.4.4": {
      "min": 25277.40600001812,
      "max": 25277.40600001812,
      "average": 25277.40600001812
    },
    "v1.4.3": {
      "min": 22363.769900000072,
      "max": 22363.769900000072,
      "average": 22363.769900000072
    }
  },
  "all": {
    "delta": {
      "min": 264.3942999977153,
      "max": 167.80689998203889,
      "average": 232.748999988602
    },
    "v1.4.4": {
      "min": 1950.7348999977112,
      "max": 2103.4249999821186,
      "average": 2030.9044749885798
    },
    "v1.4.3": {
      "min": 1686.340599999996,
      "max": 1935.6181000000797,
      "average": 1798.1554749999777
    }
  }
}