{
  "add": {
    "delta": {
      "min": 0.0018000009004026651,
      "max": 3.149200022802688,
      "average": 0.008096900182194076
    },
    "v1.4.4": {
      "min": 0.029100000858306885,
      "max": 3.668600022792816,
      "average": 0.04535850018262863
    },
    "v1.4.3": {
      "min": 0.02729999995790422,
      "max": 0.519399999990128,
      "average": 0.037261600000434554
    }
  },
  "bulkDocs": {
    "delta": {
      "min": -0.6876000058837235,
      "max": 15.142400019569322,
      "average": 7.2274000068427995
    },
    "v1.4.4": {
      "min": 12.573599994182587,
      "max": 115.88320001959801,
      "average": 64.2284000068903
    },
    "v1.4.3": {
      "min": 13.26120000006631,
      "max": 100.74080000002868,
      "average": 57.0010000000475
    }
  },
  "saveChanges": {
    "delta": {
      "min": -0.49740000895690173,
      "max": 15.22239999845624,
      "average": 7.362499994749669
    },
    "v1.4.4": {
      "min": 13.413199990987778,
      "max": 117.3977999985218,
      "average": 65.40549999475479
    },
    "v1.4.3": {
      "min": 13.91059999994468,
      "max": 102.17540000006557,
      "average": 58.04300000000512
    }
  },
  "optimize": {
    "delta": {
      "min": 34.69080000149552,
      "max": 34.69080000149552,
      "average": 34.69080000149552
    },
    "v1.4.4": {
      "min": 545.6647000014782,
      "max": 545.6647000014782,
      "average": 545.6647000014782
    },
    "v1.4.3": {
      "min": 510.9738999999827,
      "max": 510.9738999999827,
      "average": 510.9738999999827
    }
  }
}