{
  "link": {
    "delta": {
      "min": 0.4686000198125839,
      "max": 0.4686000198125839,
      "average": 0.4686000198125839
    },
    "v1.4.4": {
      "min": 13.556100010871887,
      "max": 13.556100010871887,
      "average": 13.556100010871887
    },
    "v1.4.3": {
      "min": 13.087499991059303,
      "max": 13.087499991059303,
      "average": 13.087499991059303
    }
  },
  "bulkDocs": {
    "delta": {
      "min": 0.4260999858379364,
      "max": 0.4260999858379364,
      "average": 0.4260999858379364
    },
    "v1.4.4": {
      "min": 13.770799994468689,
      "max": 13.770799994468689,
      "average": 13.770799994468689
    },
    "v1.4.3": {
      "min": 13.344700008630753,
      "max": 13.344700008630753,
      "average": 13.344700008630753
    }
  },
  "saveChanges": {
    "delta": {
      "min": 0.5048999935388565,
      "max": 0.5048999935388565,
      "average": 0.5048999935388565
    },
    "v1.4.4": {
      "min": 14.066799998283386,
      "max": 14.066799998283386,
      "average": 14.066799998283386
    },
    "v1.4.3": {
      "min": 13.56190000474453,
      "max": 13.56190000474453,
      "average": 13.56190000474453
    }
  }
}