{
  "add": {
    "delta": {
      "min": 0.0002999973949044943,
      "max": 0.3678999833064154,
      "average": 0.012233900102553888
    },
    "v1.4.4": {
      "min": 0.02889999747276306,
      "max": 0.5174999833106995,
      "average": 0.04675600010156632
    },
    "v1.4.3": {
      "min": 0.028600000077858567,
      "max": 0.14960000000428408,
      "average": 0.03452209999901243
    }
  },
  "bulkDocs": {
    "delta": {
      "min": 0.597899989457801,
      "max": 9.15570002864115,
      "average": 4.876800009049475
    },
    "v1.4.4": {
      "min": 14.507299989461899,
      "max": 99.47880002856255,
      "average": 56.99305000901222
    },
    "v1.4.3": {
      "min": 13.909400000004098,
      "max": 90.3230999999214,
      "average": 52.11624999996275
    }
  },
  "saveChanges": {
    "delta": {
      "min": 1.2995000067166984,
      "max": 9.580199981457554,
      "average": 5.439849994087126
    },
    "v1.4.4": {
      "min": 31.437900006771088,
      "max": 101.36069998145103,
      "average": 66.39929999411106
    },
    "v1.4.3": {
      "min": 30.13840000005439,
      "max": 91.78049999999348,
      "average": 60.959450000023935
    }
  },
  "optimize": {
    "delta": {
      "min": 104.39529999543447,
      "max": 104.39529999543447,
      "average": 104.39529999543447
    },
    "v1.4.4": {
      "min": 652.7910999953747,
      "max": 652.7910999953747,
      "average": 652.7910999953747
    },
    "v1.4.3": {
      "min": 548.3957999999402,
      "max": 548.3957999999402,
      "average": 548.3957999999402
    }
  },
  "all": {
    "delta": {
      "min": 15.962500010035,
      "max": 15.962500010035,
      "average": 15.962500010035
    },
    "v1.4.4": {
      "min": 87.20570001006126,
      "max": 87.20570001006126,
      "average": 87.20570001006126
    },
    "v1.4.3": {
      "min": 71.24320000002626,
      "max": 71.24320000002626,
      "average": 71.24320000002626
    }
  },
  "remove": {
    "delta": {
      "min": 0.03229999600443989,
      "max": 0.03229999600443989,
      "average": 0.03229999600443989
    },
    "v1.4.4": {
      "min": 0.17669999599456787,
      "max": 0.17669999599456787,
      "average": 0.17669999599456787
    },
    "v1.4.3": {
      "min": 0.14439999999012798,
      "max": 0.14439999999012798,
      "average": 0.14439999999012798
    }
  }
}