{
  "add": {
    "delta": {
      "min": 0.0002999940188601613,
      "max": 8.435300016542897,
      "average": 0.012551547455033868
    },
    "v1.4.4": {
      "min": 0.02869999408721924,
      "max": 161.56260001659393,
      "average": 0.054178217454999684
    },
    "v1.4.3": {
      "min": 0.028400000068359077,
      "max": 153.12730000005104,
      "average": 0.04162666999996582
    }
  },
  "bulkDocs": {
    "delta": {
      "min": 199.18739999795798,
      "max": 938.1949000199093,
      "average": 568.6911500089336
    },
    "v1.4.4": {
      "min": 945.1820999979973,
      "max": 8392.821600019932,
      "average": 4669.0018500089645
    },
    "v1.4.3": {
      "min": 745.9947000000393,
      "max": 7454.6267000000225,
      "average": 4100.310700000031
    }
  },
  "saveChanges": {
    "delta": {
      "min": 350.2220000253292,
      "max": 936.8340000063181,
      "average": 643.5280000158236
    },
    "v1.4.4": {
      "min": 2244.20220002532,
      "max": 8465.954600006342,
      "average": 5355.078400015831
    },
    "v1.4.3": {
      "min": 1893.9801999999909,
      "max": 7529.120600000024,
      "average": 4711.550400000007
    }
  },
  "optimize": {
    "delta": {
      "min": 3386.881900021108,
      "max": 3386.881900021108,
      "average": 3386.881900021108
    },
    "v1.4.4": {
      "min": 25414.601600021124,
      "max": 25414.601600021124,
      "average": 25414.601600021124
    },
    "v1.4.3": {
      "min": 22027.719700000016,
      "max": 22027.719700000016,
      "average": 22027.719700000016
    }
  },
  "all": {
    "delta": {
      "min": 177.12920001498424,
      "max": 231.02119999867864,
      "average": 200.21330000337912
    },
    "v1.4.4": {
      "min": 1899.870600014925,
      "max": 2118.621399998665,
      "average": 1995.0917500033975
    },
    "v1.4.3": {
      "min": 1722.7413999999408,
      "max": 1887.6001999999862,
      "average": 1794.8784500000183
    }
  },
  "remove": {
    "delta": {
      "min": 4.927500006975606,
      "max": 3.3454999827081338,
      "average": 5.4625749890110455
    },
    "v1.4.4": {
      "min": 36.38510000705719,
      "max": 178.6943999826908,
      "average": 108.69367498904467
    },
    "v1.4.3": {
      "min": 31.457600000081584,
      "max": 175.34889999998268,
      "average": 103.23110000003362
    }
  }
}