{
  "add": {
    "delta": {
      "min": 0.0010000044712796807,
      "max": 0.6231999788433313,
      "average": 0.006207002413761799
    },
    "v1.4.4": {
      "min": 0.03020000457763672,
      "max": 130.7733999788761,
      "average": 0.047522489913553
    },
    "v1.4.3": {
      "min": 0.029200000106357038,
      "max": 130.15020000003278,
      "average": 0.0413154874997912
    }
  },
  "bulkDocs": {
    "delta": {
      "min": 54.87220002617687,
      "max": 410.1413000073517,
      "average": 232.50675001676427
    },
    "v1.4.4": {
      "min": 794.7938000261784,
      "max": 7757.011000007391,
      "average": 4275.902400016785
    },
    "v1.4.3": {
      "min": 739.9216000000015,
      "max": 7346.869700000039,
      "average": 4043.3956500000204
    }
  },
  "saveChanges": {
    "delta": {
      "min": 65.73429999826476,
      "max": 408.2106000157073,
      "average": 236.97245000698604
    },
    "v1.4.4": {
      "min": 827.6380999982357,
      "max": 7844.908500015736,
      "average": 4336.273300006986
    },
    "v1.4.3": {
      "min": 761.9037999999709,
      "max": 7436.697900000028,
      "average": 4099.30085
    }
  },
  "optimize": {
    "delta": {
      "min": 2657.047100001364,
      "max": 2657.047100001364,
      "average": 2657.047100001364
    },
    "v1.4.4": {
      "min": 24553.191100001335,
      "max": 24553.191100001335,
      "average": 24553.191100001335
    },
    "v1.4.3": {
      "min": 21896.14399999997,
      "max": 21896.14399999997,
      "average": 21896.14399999997
    }
  },
  "all": {
    "delta": {
      "min": 363.2490999944275,
      "max": 475.1189999965718,
      "average": 394.0113500012667
    },
    "v1.4.4": {
      "min": 2095.404599994421,
      "max": 2344.303499996662,
      "average": 2189.6239750012755
    },
    "v1.4.3": {
      "min": 1732.1554999999935,
      "max": 1869.1845000000903,
      "average": 1795.6126250000088
    }
  },
  "remove": {
    "delta": {
      "min": 14.834499998716637,
      "max": 285.29889999050647,
      "average": 138.24884999953792
    },
    "v1.4.4": {
      "min": 156.99639999866486,
      "max": 1230.5812999904156,
      "average": 685.4026999995112
    },
    "v1.4.3": {
      "min": 142.16189999994822,
      "max": 945.2823999999091,
      "average": 547.1538499999733
    }
  },
  "empty": {
    "delta": {
      "min": 624.3218000261113,
      "max": 511.5985999973491,
      "average": 532.3119999956107
    },
    "v1.4.4": {
      "min": 2501.4901000261307,
      "max": 3326.1089999973774,
      "average": 2875.148949995637
    },
    "v1.4.3": {
      "min": 1877.1683000000194,
      "max": 2814.5104000000283,
      "average": 2342.8369500000263
    }
  }
}