{
  "add": {
    "delta": {
      "min": 0.0005000047385692596,
      "max": 53.98319999338128,
      "average": 0.0054822549130883955
    },
    "v1.4.4": {
      "min": 0.03020000457763672,
      "max": 190.04449999332428,
      "average": 0.05023384241387248
    },
    "v1.4.3": {
      "min": 0.02969999983906746,
      "max": 136.061299999943,
      "average": 0.04475158750078408
    }
  },
  "bulkDocs": {
    "delta": {
      "min": 1166.1286000101827,
      "max": 1166.1286000101827,
      "average": 1166.1286000101827
    },
    "v1.4.4": {
      "min": 8734.750600010157,
      "max": 8734.750600010157,
      "average": 8734.750600010157
    },
    "v1.4.3": {
      "min": 7568.621999999974,
      "max": 7568.621999999974,
      "average": 7568.621999999974
    }
  },
  "saveChanges": {
    "delta": {
      "min": 1203.8440999782179,
      "max": 1203.8440999782179,
      "average": 1203.8440999782179
    },
    "v1.4.4": {
      "min": 8840.566499978304,
      "max": 8840.566499978304,
      "average": 8840.566499978304
    },
    "v1.4.3": {
      "min": 7636.722400000086,
      "max": 7636.722400000086,
      "average": 7636.722400000086
    }
  },
  "optimize": {
    "delta": {
      "min": 4418.0794999965,
      "max": 4418.0794999965,
      "average": 4418.0794999965
    },
    "v1.4.4": {
      "min": 26595.42759999633,
      "max": 26595.42759999633,
      "average": 26595.42759999633
    },
    "v1.4.3": {
      "min": 22177.34809999983,
      "max": 22177.34809999983,
      "average": 22177.34809999983
    }
  },
  "all": {
    "delta": {
      "min": 113.87329999962822,
      "max": 113.87329999962822,
      "average": 113.87329999962822
    },
    "v1.4.4": {
      "min": 1964.1328999996185,
      "max": 1964.1328999996185,
      "average": 1964.1328999996185
    },
    "v1.4.3": {
      "min": 1850.2595999999903,
      "max": 1850.2595999999903,
      "average": 1850.2595999999903
    }
  }
}