{
  "add": {
    "delta": {
      "min": 0.000800001434981823,
      "max": 0.2756999870762229,
      "average": 0.0030876998835010425
    },
    "v1.4.4": {
      "min": 0.030900001525878906,
      "max": 0.4023999869823456,
      "average": 0.03755119988322258
    },
    "v1.4.3": {
      "min": 0.030100000090897083,
      "max": 0.12669999990612268,
      "average": 0.034463499999721536
    }
  },
  "bulkDocs": {
    "delta": {
      "min": 5.164700013818219,
      "max": -8.2066000031773,
      "average": -1.5209499946795404
    },
    "v1.4.4": {
      "min": 19.81420001387596,
      "max": 98.23219999670982,
      "average": 59.02320000529289
    },
    "v1.4.3": {
      "min": 14.649500000057742,
      "max": 106.43879999988712,
      "average": 60.54414999997243
    }
  },
  "saveChanges": {
    "delta": {
      "min": 5.387000015471131,
      "max": -9.913999977172352,
      "average": -2.263499980850611
    },
    "v1.4.4": {
      "min": 20.898800015449524,
      "max": 100.17740002274513,
      "average": 60.53810001909733
    },
    "v1.4.3": {
      "min": 15.511799999978393,
      "max": 110.09139999991748,
      "average": 62.80159999994794
    }
  },
  "optimize": {
    "delta": {
      "min": 33.20239999645855,
      "max": 33.20239999645855,
      "average": 33.20239999645855
    },
    "v1.4.4": {
      "min": 611.668799996376,
      "max": 611.668799996376,
      "average": 611.668799996376
    },
    "v1.4.3": {
      "min": 578.4663999999175,
      "max": 578.4663999999175,
      "average": 578.4663999999175
    }
  },
  "all": {
    "delta": {
      "min": 3.9154000030830503,
      "max": 3.9154000030830503,
      "average": 3.9154000030830503
    },
    "v1.4.4": {
      "min": 76.68680000305176,
      "max": 76.68680000305176,
      "average": 76.68680000305176
    },
    "v1.4.3": {
      "min": 72.77139999996871,
      "max": 72.77139999996871,
      "average": 72.77139999996871
    }
  },
  "remove": {
    "delta": {
      "min": -0.03780000063125044,
      "max": -0.03780000063125044,
      "average": -0.03780000063125044
    },
    "v1.4.4": {
      "min": 0.12319999933242798,
      "max": 0.12319999933242798,
      "average": 0.12319999933242798
    },
    "v1.4.3": {
      "min": 0.16099999996367842,
      "max": 0.16099999996367842,
      "average": 0.16099999996367842
    }
  }
}