{
  "link": {
    "delta": {
      "min": -28367.356499999296,
      "max": -28367.356499999296,
      "average": -28367.356499999296
    },
    "v1.4.4": {
      "min": 1151.7791000008583,
      "max": 1151.7791000008583,
      "average": 1151.7791000008583
    },
    "v1.4.3": {
      "min": 29519.135600000154,
      "max": 29519.135600000154,
      "average": 29519.135600000154
    }
  },
  "bulkDocs": {
    "delta": {
      "min": 60.75129999918863,
      "max": 60.75129999918863,
      "average": 60.75129999918863
    },
    "v1.4.4": {
      "min": 294.917199999094,
      "max": 294.917199999094,
      "average": 294.917199999094
    },
    "v1.4.3": {
      "min": 234.16589999990538,
      "max": 234.16589999990538,
      "average": 234.16589999990538
    }
  },
  "saveChanges": {
    "delta": {
      "min": 56.35189999639988,
      "max": 56.35189999639988,
      "average": 56.35189999639988
    },
    "v1.4.4": {
      "min": 298.0886999964714,
      "max": 298.0886999964714,
      "average": 298.0886999964714
    },
    "v1.4.3": {
      "min": 241.73680000007153,
      "max": 241.73680000007153,
      "average": 241.73680000007153
    }
  }
}