{
  "add": {
    "delta": {
      "min": 0.040099991485476494,
      "max": 0.040099991485476494,
      "average": 0.040099991485476494
    },
    "v1.4.4": {
      "min": 0.11919999122619629,
      "max": 0.11919999122619629,
      "average": 0.11919999122619629
    },
    "v1.4.3": {
      "min": 0.0790999997407198,
      "max": 0.0790999997407198,
      "average": 0.0790999997407198
    }
  },
  "upsert": {
    "delta": {
      "min": 0.6310000214725733,
      "max": 0.6310000214725733,
      "average": 0.6310000214725733
    },
    "v1.4.4": {
      "min": 11.630700021982193,
      "max": 11.630700021982193,
      "average": 11.630700021982193
    },
    "v1.4.3": {
      "min": 10.99970000050962,
      "max": 10.99970000050962,
      "average": 10.99970000050962
    }
  },
  "bulkDocs": {
    "delta": {
      "min": -1.141299981623888,
      "max": -1.141299981623888,
      "average": -1.141299981623888
    },
    "v1.4.4": {
      "min": 12.881400018930435,
      "max": 12.881400018930435,
      "average": 12.881400018930435
    },
    "v1.4.3": {
      "min": 14.022700000554323,
      "max": 14.022700000554323,
      "average": 14.022700000554323
    }
  },
  "saveChanges": {
    "delta": {
      "min": -1.1517999805510044,
      "max": -1.1517999805510044,
      "average": -1.1517999805510044
    },
    "v1.4.4": {
      "min": 13.077700018882751,
      "max": 13.077700018882751,
      "average": 13.077700018882751
    },
    "v1.4.3": {
      "min": 14.229499999433756,
      "max": 14.229499999433756,
      "average": 14.229499999433756
    }
  }
}