{
  "add": {
    "delta": {
      "min": 0.003800004720687866,
      "max": 0.5593000017106533,
      "average": 0.0054819005522877
    },
    "v1.4.4": {
      "min": 0.05570000410079956,
      "max": 0.8504000008106232,
      "average": 0.0795857005417347
    },
    "v1.4.3": {
      "min": 0.051899999380111694,
      "max": 0.29109999909996986,
      "average": 0.074103799989447
    }
  },
  "upsert": {
    "delta": {
      "min": -0.8515000101178885,
      "max": 4.515800021588802,
      "average": 0.001173499258236177
    },
    "v1.4.4": {
      "min": 10.195699989795685,
      "max": 25.76000002026558,
      "average": 13.880829999238253
    },
    "v1.4.3": {
      "min": 11.047199999913573,
      "max": 21.244199998676777,
      "average": 13.879656499980017
    }
  },
  "bulkDocs": {
    "delta": {
      "min": -1.9352999776601791,
      "max": 0.24089998751878738,
      "average": -0.8471999950706959
    },
    "v1.4.4": {
      "min": 12.4098000228405,
      "max": 97.1550999879837,
      "average": 54.7824500054121
    },
    "v1.4.3": {
      "min": 14.345100000500679,
      "max": 96.91420000046492,
      "average": 55.6296500004828
    }
  },
  "saveChanges": {
    "delta": {
      "min": -1.84009999781847,
      "max": 1.1228999998420477,
      "average": -0.35859999898821115
    },
    "v1.4.4": {
      "min": 13.22630000114441,
      "max": 99.48939999938011,
      "average": 56.35785000026226
    },
    "v1.4.3": {
      "min": 15.06639999896288,
      "max": 98.36649999953806,
      "average": 56.71644999925047
    }
  },
  "optimize": {
    "delta": {
      "min": 113.70770000852644,
      "max": 113.70770000852644,
      "average": 113.70770000852644
    },
    "v1.4.4": {
      "min": 687.1608000099659,
      "max": 687.1608000099659,
      "average": 687.1608000099659
    },
    "v1.4.3": {
      "min": 573.4531000014395,
      "max": 573.4531000014395,
      "average": 573.4531000014395
    }
  }
}