{
  "add": {
    "delta": {
      "min": 0.0014000176452100277,
      "max": -3.869000002508983,
      "average": 0.002825699739390987
    },
    "v1.4.4": {
      "min": 0.030100017786026,
      "max": 0.15389999747276306,
      "average": 0.041590399742126465
    },
    "v1.4.3": {
      "min": 0.028700000140815973,
      "max": 4.022899999981746,
      "average": 0.03876470000273548
    }
  },
  "bulkDocs": {
    "delta": {
      "min": 15.431000017328188,
      "max": 15.431000017328188,
      "average": 15.431000017328188
    },
    "v1.4.4": {
      "min": 109.76950001716614,
      "max": 109.76950001716614,
      "average": 109.76950001716614
    },
    "v1.4.3": {
      "min": 94.33849999983795,
      "max": 94.33849999983795,
      "average": 94.33849999983795
    }
  },
  "saveChanges": {
    "delta": {
      "min": 19.430399995064363,
      "max": 19.430399995064363,
      "average": 19.430399995064363
    },
    "v1.4.4": {
      "min": 116.02259999513626,
      "max": 116.02259999513626,
      "average": 116.02259999513626
    },
    "v1.4.3": {
      "min": 96.5922000000719,
      "max": 96.5922000000719,
      "average": 96.5922000000719
    }
  },
  "optimize": {
    "delta": {
      "min": 127.89430000726134,
      "max": 127.89430000726134,
      "average": 127.89430000726134
    },
    "v1.4.4": {
      "min": 722.5013000071049,
      "max": 722.5013000071049,
      "average": 722.5013000071049
    },
    "v1.4.3": {
      "min": 594.6069999998435,
      "max": 594.6069999998435,
      "average": 594.6069999998435
    }
  },
  "all": {
    "delta": {
      "min": 9.298799998592585,
      "max": 9.298799998592585,
      "average": 9.298799998592585
    },
    "v1.4.4": {
      "min": 81.16629999876022,
      "max": 81.16629999876022,
      "average": 81.16629999876022
    },
    "v1.4.3": {
      "min": 71.86750000016764,
      "max": 71.86750000016764,
      "average": 71.86750000016764
    }
  }
}