{
  "add": {
    "delta": {
      "min": -0.0716999969445169,
      "max": -0.0716999969445169,
      "average": -0.0716999969445169
    },
    "v1.4.4": {
      "min": 0.1868000030517578,
      "max": 0.1868000030517578,
      "average": 0.1868000030517578
    },
    "v1.4.3": {
      "min": 0.2584999999962747,
      "max": 0.2584999999962747,
      "average": 0.2584999999962747
    }
  },
  "bulkDocs": {
    "delta": {
      "min": -0.2544999966630712,
      "max": 0.2611000034958124,
      "average": 0.0033000034163706005
    },
    "v1.4.4": {
      "min": 8.57150000333786,
      "max": 13.590000003576279,
      "average": 11.08075000345707
    },
    "v1.4.3": {
      "min": 8.826000000000931,
      "max": 13.328900000080466,
      "average": 11.077450000040699
    }
  },
  "saveChanges": {
    "delta": {
      "min": -0.25199997855816036,
      "max": 0.32689999986905605,
      "average": 0.03745001065544784
    },
    "v1.4.4": {
      "min": 8.745100021362305,
      "max": 13.838899999856949,
      "average": 11.292000010609627
    },
    "v1.4.3": {
      "min": 8.997099999920465,
      "max": 13.511999999987893,
      "average": 11.254549999954179
    }
  },
  "remove": {
    "delta": {
      "min": 0.02749998215585947,
      "max": 0.02749998215585947,
      "average": 0.02749998215585947
    },
    "v1.4.4": {
      "min": 0.2911999821662903,
      "max": 0.2911999821662903,
      "average": 0.2911999821662903
    },
    "v1.4.3": {
      "min": 0.2637000000104308,
      "max": 0.2637000000104308,
      "average": 0.2637000000104308
    }
  }
}