{
  "add": {
    "delta": {
      "min": 0.05619997647590935,
      "max": 0.05619997647590935,
      "average": 0.05619997647590935
    },
    "v1.4.4": {
      "min": 0.1508999764919281,
      "max": 0.1508999764919281,
      "average": 0.1508999764919281
    },
    "v1.4.3": {
      "min": 0.09470000001601875,
      "max": 0.09470000001601875,
      "average": 0.09470000001601875
    }
  },
  "bulkDocs": {
    "delta": {
      "min": 3.4037999828578904,
      "max": 1.8418000153033063,
      "average": 2.6227999990805984
    },
    "v1.4.4": {
      "min": 12.926799982786179,
      "max": 13.300200015306473,
      "average": 13.113499999046326
    },
    "v1.4.3": {
      "min": 9.522999999928288,
      "max": 11.458400000003166,
      "average": 10.490699999965727
    }
  },
  "saveChanges": {
    "delta": {
      "min": 3.521700007491745,
      "max": 2.5710000108228996,
      "average": 3.0463500091573223
    },
    "v1.4.4": {
      "min": 13.243400007486343,
      "max": 14.252400010824203,
      "average": 13.747900009155273
    },
    "v1.4.3": {
      "min": 9.721699999994598,
      "max": 11.681400000001304,
      "average": 10.701549999997951
    }
  },
  "first": {
    "delta": {
      "min": -0.15969999961089343,
      "max": -0.15969999961089343,
      "average": -0.15969999961089343
    },
    "v1.4.4": {
      "min": 15.80460000038147,
      "max": 15.80460000038147,
      "average": 15.80460000038147
    },
    "v1.4.3": {
      "min": 15.964299999992363,
      "max": 15.964299999992363,
      "average": 15.964299999992363
    }
  }
}