{
  "bulkDocs": {
    "delta": {
      "min": -237.36039999127388,
      "max": -237.36039999127388,
      "average": -237.36039999127388
    },
    "v1.3.0": {
      "min": 9.861200004816055,
      "max": 9.861200004816055,
      "average": 9.861200004816055
    },
    "v1.2.0": {
      "min": 247.22159999608994,
      "max": 247.22159999608994,
      "average": 247.22159999608994
    }
  },
  "saveChanges": {
    "delta": {
      "min": -242.81180001795292,
      "max": -242.81180001795292,
      "average": -242.81180001795292
    },
    "v1.3.0": {
      "min": 16.80969999730587,
      "max": 16.80969999730587,
      "average": 16.80969999730587
    },
    "v1.2.0": {
      "min": 259.6215000152588,
      "max": 259.6215000152588,
      "average": 259.6215000152588
    }
  }
}