{
  "add": {
    "delta": {
      "min": 0.0021000169217586517,
      "max": 2.3071000203490257,
      "average": 0.002981899905949832
    },
    "v1.3.0": {
      "min": 0.03290000185370445,
      "max": 2.661499999463558,
      "average": 0.06187289996817708
    },
    "v1.2.0": {
      "min": 0.0307999849319458,
      "max": 0.35439997911453247,
      "average": 0.05889100006222725
    }
  },
  "bulkDocs": {
    "delta": {
      "min": 0.20090001821517944,
      "max": 0.20090001821517944,
      "average": 0.20090001821517944
    },
    "v1.3.0": {
      "min": 122.54129999876022,
      "max": 122.54129999876022,
      "average": 122.54129999876022
    },
    "v1.2.0": {
      "min": 122.34039998054504,
      "max": 122.34039998054504,
      "average": 122.34039998054504
    }
  },
  "saveChanges": {
    "delta": {
      "min": -2.6862999983131886,
      "max": -2.6862999983131886,
      "average": -2.6862999983131886
    },
    "v1.3.0": {
      "min": 131.75300000235438,
      "max": 131.75300000235438,
      "average": 131.75300000235438
    },
    "v1.2.0": {
      "min": 134.43930000066757,
      "max": 134.43930000066757,
      "average": 134.43930000066757
    }
  },
  "all": {
    "delta": {
      "min": -38.61280000209808,
      "max": -38.61280000209808,
      "average": -38.61280000209808
    },
    "v1.3.0": {
      "min": 96.97339999675751,
      "max": 96.97339999675751,
      "average": 96.97339999675751
    },
    "v1.2.0": {
      "min": 135.5861999988556,
      "max": 135.5861999988556,
      "average": 135.5861999988556
    }
  },
  "get": {
    "delta": {
      "min": -2.556199986487627,
      "max": -2.556199986487627,
      "average": -2.556199986487627
    },
    "v1.3.0": {
      "min": 31.714200001209974,
      "max": 31.714200001209974,
      "average": 31.714200001209974
    },
    "v1.2.0": {
      "min": 34.2703999876976,
      "max": 34.2703999876976,
      "average": 34.2703999876976
    }
  }
}