{
  "add": {
    "delta": {
      "min": 0.0005999952554702759,
      "max": -14.408000018447638,
      "average": 0.14714123499328258
    },
    "v1.3.0": {
      "min": 0.032600000500679016,
      "max": 157.7258999980986,
      "average": 1.281563327498082
    },
    "v1.2.0": {
      "min": 0.03200000524520874,
      "max": 172.13390001654625,
      "average": 1.1344220925047994
    }
  },
  "bulkDocs": {
    "delta": {
      "min": -305.47560001164675,
      "max": -227.18729998916388,
      "average": -266.3314500004053
    },
    "v1.3.0": {
      "min": 812.5240999981761,
      "max": 8683.20830000192,
      "average": 4747.866200000048
    },
    "v1.2.0": {
      "min": 1117.9997000098228,
      "max": 8910.395599991083,
      "average": 5014.197650000453
    }
  },
  "saveChanges": {
    "delta": {
      "min": -6149.338000003248,
      "max": -208.17210000380874,
      "average": -3178.7550500035286
    },
    "v1.3.0": {
      "min": 2094.450799997896,
      "max": 8770.264699999243,
      "average": 5432.3577499985695
    },
    "v1.2.0": {
      "min": 8243.788800001144,
      "max": 8978.436800003052,
      "average": 8611.112800002098
    }
  },
  "all": {
    "delta": {
      "min": -168.6997999921441,
      "max": -467.2204000093043,
      "average": -216.12944999337196
    },
    "v1.3.0": {
      "min": 1925.7925999984145,
      "max": 2097.0329000018537,
      "average": 2011.7317750006914
    },
    "v1.2.0": {
      "min": 2094.4923999905586,
      "max": 2564.253300011158,
      "average": 2227.8612249940634
    }
  },
  "remove": {
    "delta": {
      "min": 11.598700001835823,
      "max": 147.4636000022292,
      "average": 79.16180001106113
    },
    "v1.3.0": {
      "min": 34.25439999997616,
      "max": 192.909699998796,
      "average": 113.5079499995336
    },
    "v1.2.0": {
      "min": 22.655699998140335,
      "max": 45.44609999656677,
      "average": 34.34614998847246
    }
  }
}