{
  "add": {
    "delta": {
      "min": -0.07119999825954437,
      "max": -0.07119999825954437,
      "average": -0.07119999825954437
    },
    "v1.3.0": {
      "min": 0.19529999792575836,
      "max": 0.19529999792575836,
      "average": 0.19529999792575836
    },
    "v1.2.0": {
      "min": 0.26649999618530273,
      "max": 0.26649999618530273,
      "average": 0.26649999618530273
    }
  },
  "bulkDocs": {
    "delta": {
      "min": -5.538300007581711,
      "max": -5.538300007581711,
      "average": -5.538300007581711
    },
    "v1.3.0": {
      "min": 9.522100001573563,
      "max": 9.522100001573563,
      "average": 9.522100001573563
    },
    "v1.2.0": {
      "min": 15.060400009155273,
      "max": 15.060400009155273,
      "average": 15.060400009155273
    }
  },
  "saveChanges": {
    "delta": {
      "min": -5.615999978035688,
      "max": -5.615999978035688,
      "average": -5.615999978035688
    },
    "v1.3.0": {
      "min": 9.728700000792742,
      "max": 9.728700000792742,
      "average": 9.728700000792742
    },
    "v1.2.0": {
      "min": 15.34469997882843,
      "max": 15.34469997882843,
      "average": 15.34469997882843
    }
  }
}