{
  "add": {
    "delta": {
      "min": 0.002000007778406143,
      "max": -1.6765000000596046,
      "average": 0.0053531995639204966
    },
    "v1.3.0": {
      "min": 0.03319999948143959,
      "max": 4.078000001609325,
      "average": 0.07319809993356466
    },
    "v1.2.0": {
      "min": 0.031199991703033447,
      "max": 5.75450000166893,
      "average": 0.06784490036964416
    }
  },
  "bulkDocs": {
    "delta": {
      "min": -26.094399996101856,
      "max": -26.094399996101856,
      "average": -26.094399996101856
    },
    "v1.3.0": {
      "min": 97.90179999917746,
      "max": 97.90179999917746,
      "average": 97.90179999917746
    },
    "v1.2.0": {
      "min": 123.99619999527931,
      "max": 123.99619999527931,
      "average": 123.99619999527931
    }
  },
  "saveChanges": {
    "delta": {
      "min": -26.032699983567,
      "max": -26.032699983567,
      "average": -26.032699983567
    },
    "v1.3.0": {
      "min": 99.07979999855161,
      "max": 99.07979999855161,
      "average": 99.07979999855161
    },
    "v1.2.0": {
      "min": 125.1124999821186,
      "max": 125.1124999821186,
      "average": 125.1124999821186
    }
  },
  "all": {
    "delta": {
      "min": -31.61020002141595,
      "max": -31.61020002141595,
      "average": -31.61020002141595
    },
    "v1.3.0": {
      "min": 78.74139999970794,
      "max": 78.74139999970794,
      "average": 78.74139999970794
    },
    "v1.2.0": {
      "min": 110.35160002112389,
      "max": 110.35160002112389,
      "average": 110.35160002112389
    }
  }
}