{
  "add": {
    "delta": {
      "min": -0.006499994546175003,
      "max": -3.544299989938736,
      "average": 0.005824100155383351
    },
    "v1.3.0": {
      "min": 0.03099999949336052,
      "max": 0.749099999666214,
      "average": 0.06827470006421209
    },
    "v1.2.0": {
      "min": 0.03749999403953552,
      "max": 4.29339998960495,
      "average": 0.06245059990882874
    }
  },
  "bulkDocs": {
    "delta": {
      "min": -5.5443999990820885,
      "max": -5.5443999990820885,
      "average": -5.5443999990820885
    },
    "v1.3.0": {
      "min": 115.71689999848604,
      "max": 115.71689999848604,
      "average": 115.71689999848604
    },
    "v1.2.0": {
      "min": 121.26129999756813,
      "max": 121.26129999756813,
      "average": 121.26129999756813
    }
  },
  "saveChanges": {
    "delta": {
      "min": -5.514599997550249,
      "max": -5.514599997550249,
      "average": -5.514599997550249
    },
    "v1.3.0": {
      "min": 117.24039999768138,
      "max": 117.24039999768138,
      "average": 117.24039999768138
    },
    "v1.2.0": {
      "min": 122.75499999523163,
      "max": 122.75499999523163,
      "average": 122.75499999523163
    }
  },
  "all": {
    "delta": {
      "min": -39.28270000964403,
      "max": -39.28270000964403,
      "average": -39.28270000964403
    },
    "v1.3.0": {
      "min": 79.91420000046492,
      "max": 79.91420000046492,
      "average": 79.91420000046492
    },
    "v1.2.0": {
      "min": 119.19690001010895,
      "max": 119.19690001010895,
      "average": 119.19690001010895
    }
  }
}