{
  "add": {
    "delta": {
      "min": -0.0029999911785125732,
      "max": -0.7909999899566174,
      "average": 0.012488800089806316
    },
    "v1.3.0": {
      "min": 0.03450000286102295,
      "max": 3.5023999996483326,
      "average": 0.07493939999863505
    },
    "v1.2.0": {
      "min": 0.03749999403953552,
      "max": 4.29339998960495,
      "average": 0.06245059990882874
    }
  },
  "bulkDocs": {
    "delta": {
      "min": -16.8445999994874,
      "max": -16.8445999994874,
      "average": -16.8445999994874
    },
    "v1.3.0": {
      "min": 104.41669999808073,
      "max": 104.41669999808073,
      "average": 104.41669999808073
    },
    "v1.2.0": {
      "min": 121.26129999756813,
      "max": 121.26129999756813,
      "average": 121.26129999756813
    }
  },
  "saveChanges": {
    "delta": {
      "min": -9.378699995577335,
      "max": -9.378699995577335,
      "average": -9.378699995577335
    },
    "v1.3.0": {
      "min": 113.3762999996543,
      "max": 113.3762999996543,
      "average": 113.3762999996543
    },
    "v1.2.0": {
      "min": 122.75499999523163,
      "max": 122.75499999523163,
      "average": 122.75499999523163
    }
  },
  "all": {
    "delta": {
      "min": -43.053800009191036,
      "max": -43.053800009191036,
      "average": -43.053800009191036
    },
    "v1.3.0": {
      "min": 76.14310000091791,
      "max": 76.14310000091791,
      "average": 76.14310000091791
    },
    "v1.2.0": {
      "min": 119.19690001010895,
      "max": 119.19690001010895,
      "average": 119.19690001010895
    }
  }
}