{
  "add": {
    "delta": {
      "min": -0.0007999949157238007,
      "max": 2.184099994599819,
      "average": 0.5505026850151828
    },
    "v1.3.0": {
      "min": 0.02879999950528145,
      "max": 13.675499998033047,
      "average": 1.7978079749981872
    },
    "v1.2.0": {
      "min": 0.02959999442100525,
      "max": 11.491400003433228,
      "average": 1.2473052899830044
    }
  },
  "bulkDocs": {
    "delta": {
      "min": -12.556799989193678,
      "max": -98.13289999961853,
      "average": -55.344849994406104
    },
    "v1.3.0": {
      "min": 18.456800002604723,
      "max": 8635.675999999046,
      "average": 4327.0664000008255
    },
    "v1.2.0": {
      "min": 31.0135999917984,
      "max": 8733.808899998665,
      "average": 4382.411249995232
    }
  },
  "saveChanges": {
    "delta": {
      "min": -3.257800005376339,
      "max": -74.63010000064969,
      "average": -38.943950003013015
    },
    "v1.3.0": {
      "min": 47.34300000220537,
      "max": 8741.580400001258,
      "average": 4394.4617000017315
    },
    "v1.2.0": {
      "min": 50.60080000758171,
      "max": 8816.210500001907,
      "average": 4433.4056500047445
    }
  }
}