{
  "add": {
    "delta": {
      "min": -0.06610000506043434,
      "max": -0.06610000506043434,
      "average": -0.06610000506043434
    },
    "v1.3.0": {
      "min": 0.14460000023245811,
      "max": 0.14460000023245811,
      "average": 0.14460000023245811
    },
    "v1.2.0": {
      "min": 0.21070000529289246,
      "max": 0.21070000529289246,
      "average": 0.21070000529289246
    }
  },
  "bulkDocs": {
    "delta": {
      "min": -8.050899997353554,
      "max": -8.115200001746416,
      "average": -8.083049999549985
    },
    "v1.3.0": {
      "min": 10.446400001645088,
      "max": 14.049499999731779,
      "average": 12.247950000688434
    },
    "v1.2.0": {
      "min": 18.497299998998642,
      "max": 22.164700001478195,
      "average": 20.33100000023842
    }
  },
  "saveChanges": {
    "delta": {
      "min": -5.429999992251396,
      "max": -15.368099994957447,
      "average": -10.399049993604422
    },
    "v1.3.0": {
      "min": 13.371500000357628,
      "max": 29.95279999822378,
      "average": 21.662149999290705
    },
    "v1.2.0": {
      "min": 18.801499992609024,
      "max": 45.32089999318123,
      "average": 32.061199992895126
    }
  },
  "remove": {
    "delta": {
      "min": -0.36069998890161514,
      "max": -0.36069998890161514,
      "average": -0.36069998890161514
    },
    "v1.3.0": {
      "min": 0.32440000027418137,
      "max": 0.32440000027418137,
      "average": 0.32440000027418137
    },
    "v1.2.0": {
      "min": 0.6850999891757965,
      "max": 0.6850999891757965,
      "average": 0.6850999891757965
    }
  }
}