{
  "add": {
    "delta": {
      "min": 0.0027000121772289276,
      "max": 0.27640001848340034,
      "average": 0.005094099938869473
    },
    "v1.3.0": {
      "min": 0.03349999710917473,
      "max": 0.6307999975979328,
      "average": 0.06398510000109672
    },
    "v1.2.0": {
      "min": 0.0307999849319458,
      "max": 0.35439997911453247,
      "average": 0.05889100006222725
    }
  },
  "bulkDocs": {
    "delta": {
      "min": -19.309999980032444,
      "max": -19.309999980032444,
      "average": -19.309999980032444
    },
    "v1.3.0": {
      "min": 103.0304000005126,
      "max": 103.0304000005126,
      "average": 103.0304000005126
    },
    "v1.2.0": {
      "min": 122.34039998054504,
      "max": 122.34039998054504,
      "average": 122.34039998054504
    }
  },
  "saveChanges": {
    "delta": {
      "min": -29.421500001102686,
      "max": -29.421500001102686,
      "average": -29.421500001102686
    },
    "v1.3.0": {
      "min": 105.01779999956489,
      "max": 105.01779999956489,
      "average": 105.01779999956489
    },
    "v1.2.0": {
      "min": 134.43930000066757,
      "max": 134.43930000066757,
      "average": 134.43930000066757
    }
  },
  "all": {
    "delta": {
      "min": -64.2609999962151,
      "max": -64.2609999962151,
      "average": -64.2609999962151
    },
    "v1.3.0": {
      "min": 71.32520000264049,
      "max": 71.32520000264049,
      "average": 71.32520000264049
    },
    "v1.2.0": {
      "min": 135.5861999988556,
      "max": 135.5861999988556,
      "average": 135.5861999988556
    }
  },
  "get": {
    "delta": {
      "min": -11.11889998614788,
      "max": -11.11889998614788,
      "average": -11.11889998614788
    },
    "v1.3.0": {
      "min": 23.15150000154972,
      "max": 23.15150000154972,
      "average": 23.15150000154972
    },
    "v1.2.0": {
      "min": 34.2703999876976,
      "max": 34.2703999876976,
      "average": 34.2703999876976
    }
  }
}