{
  "add": {
    "delta": {
      "min": 0.0026000067591667175,
      "max": -2.0505999997258186,
      "average": 0.004900299727916724
    },
    "v1.3.0": {
      "min": 0.033799998462200165,
      "max": 3.7039000019431114,
      "average": 0.07274520009756089
    },
    "v1.2.0": {
      "min": 0.031199991703033447,
      "max": 5.75450000166893,
      "average": 0.06784490036964416
    }
  },
  "bulkDocs": {
    "delta": {
      "min": -18.967699997127056,
      "max": -18.967699997127056,
      "average": -18.967699997127056
    },
    "v1.3.0": {
      "min": 105.02849999815226,
      "max": 105.02849999815226,
      "average": 105.02849999815226
    },
    "v1.2.0": {
      "min": 123.99619999527931,
      "max": 123.99619999527931,
      "average": 123.99619999527931
    }
  },
  "saveChanges": {
    "delta": {
      "min": -18.608599983155727,
      "max": -18.608599983155727,
      "average": -18.608599983155727
    },
    "v1.3.0": {
      "min": 106.50389999896288,
      "max": 106.50389999896288,
      "average": 106.50389999896288
    },
    "v1.2.0": {
      "min": 125.1124999821186,
      "max": 125.1124999821186,
      "average": 125.1124999821186
    }
  },
  "all": {
    "delta": {
      "min": -32.427500020712614,
      "max": -32.427500020712614,
      "average": -32.427500020712614
    },
    "v1.3.0": {
      "min": 77.92410000041127,
      "max": 77.92410000041127,
      "average": 77.92410000041127
    },
    "v1.2.0": {
      "min": 110.35160002112389,
      "max": 110.35160002112389,
      "average": 110.35160002112389
    }
  }
}