{
  "add": {
    "delta": {
      "min": -0.11920000612735748,
      "max": -0.11920000612735748,
      "average": -0.11920000612735748
    },
    "v1.3.0": {
      "min": 0.09149999916553497,
      "max": 0.09149999916553497,
      "average": 0.09149999916553497
    },
    "v1.2.0": {
      "min": 0.21070000529289246,
      "max": 0.21070000529289246,
      "average": 0.21070000529289246
    }
  },
  "bulkDocs": {
    "delta": {
      "min": -9.790099997073412,
      "max": -10.533700004220009,
      "average": -10.16190000064671
    },
    "v1.3.0": {
      "min": 8.70720000192523,
      "max": 11.630999997258186,
      "average": 10.169099999591708
    },
    "v1.2.0": {
      "min": 18.497299998998642,
      "max": 22.164700001478195,
      "average": 20.33100000023842
    }
  },
  "saveChanges": {
    "delta": {
      "min": -7.60869999229908,
      "max": -21.08049999177456,
      "average": -14.34459999203682
    },
    "v1.3.0": {
      "min": 11.192800000309944,
      "max": 24.24040000140667,
      "average": 17.716600000858307
    },
    "v1.2.0": {
      "min": 18.801499992609024,
      "max": 45.32089999318123,
      "average": 32.061199992895126
    }
  },
  "remove": {
    "delta": {
      "min": -0.4705999903380871,
      "max": -0.4705999903380871,
      "average": -0.4705999903380871
    },
    "v1.3.0": {
      "min": 0.21449999883770943,
      "max": 0.21449999883770943,
      "average": 0.21449999883770943
    },
    "v1.2.0": {
      "min": 0.6850999891757965,
      "max": 0.6850999891757965,
      "average": 0.6850999891757965
    }
  }
}