{
  "add": {
    "delta": {
      "min": -0.00449998676776886,
      "max": -3.9685999900102615,
      "average": -0.0020919998884201055
    },
    "v1.3.0": {
      "min": 0.03300000727176666,
      "max": 0.3247999995946884,
      "average": 0.06035860002040863
    },
    "v1.2.0": {
      "min": 0.03749999403953552,
      "max": 4.29339998960495,
      "average": 0.06245059990882874
    }
  },
  "bulkDocs": {
    "delta": {
      "min": -26.169399991631508,
      "max": -26.169399991631508,
      "average": -26.169399991631508
    },
    "v1.3.0": {
      "min": 95.09190000593662,
      "max": 95.09190000593662,
      "average": 95.09190000593662
    },
    "v1.2.0": {
      "min": 121.26129999756813,
      "max": 121.26129999756813,
      "average": 121.26129999756813
    }
  },
  "saveChanges": {
    "delta": {
      "min": -25.21739998459816,
      "max": -25.21739998459816,
      "average": -25.21739998459816
    },
    "v1.3.0": {
      "min": 97.53760001063347,
      "max": 97.53760001063347,
      "average": 97.53760001063347
    },
    "v1.2.0": {
      "min": 122.75499999523163,
      "max": 122.75499999523163,
      "average": 122.75499999523163
    }
  },
  "all": {
    "delta": {
      "min": -43.76390001177788,
      "max": -43.76390001177788,
      "average": -43.76390001177788
    },
    "v1.3.0": {
      "min": 75.43299999833107,
      "max": 75.43299999833107,
      "average": 75.43299999833107
    },
    "v1.2.0": {
      "min": 119.19690001010895,
      "max": 119.19690001010895,
      "average": 119.19690001010895
    }
  }
}