{
  "add": {
    "delta": {
      "min": -0.0021999962627887726,
      "max": 0.0794999822974205,
      "average": -0.013555599622428416
    },
    "v1.3.0": {
      "min": 0.03460000082850456,
      "max": 0.6447999998927116,
      "average": 0.05848630002886057
    },
    "v1.2.0": {
      "min": 0.036799997091293335,
      "max": 0.5653000175952911,
      "average": 0.07204189965128899
    }
  },
  "bulkDocs": {
    "delta": {
      "min": -19.50790000334382,
      "max": -7.190099980682135,
      "average": -13.348999992012978
    },
    "v1.3.0": {
      "min": 11.392799999564886,
      "max": 104.26740000024438,
      "average": 57.83009999990463
    },
    "v1.2.0": {
      "min": 30.900700002908707,
      "max": 111.45749998092651,
      "average": 71.17909999191761
    }
  },
  "saveChanges": {
    "delta": {
      "min": -20.318899989128113,
      "max": -11.167300008237362,
      "average": -15.743099998682737
    },
    "v1.3.0": {
      "min": 12.119800001382828,
      "max": 105.68779999762774,
      "average": 58.90379999950528
    },
    "v1.2.0": {
      "min": 32.43869999051094,
      "max": 116.8551000058651,
      "average": 74.64689999818802
    }
  }
}