{
  "add": {
    "delta": {
      "min": -0.0028999969363212585,
      "max": 8.509199995547533,
      "average": 0.18682256751377135
    },
    "v1.3.0": {
      "min": 0.02669999748468399,
      "max": 20.00059999898076,
      "average": 1.4341278574967757
    },
    "v1.2.0": {
      "min": 0.02959999442100525,
      "max": 11.491400003433228,
      "average": 1.2473052899830044
    }
  },
  "bulkDocs": {
    "delta": {
      "min": -15.020199991762638,
      "max": -925.1550999991596,
      "average": -470.0876499954611
    },
    "v1.3.0": {
      "min": 15.993400000035763,
      "max": 7808.653799999505,
      "average": 3912.3235999997705
    },
    "v1.2.0": {
      "min": 31.0135999917984,
      "max": 8733.808899998665,
      "average": 4382.411249995232
    }
  },
  "saveChanges": {
    "delta": {
      "min": -9.35020000860095,
      "max": -913.8988000042737,
      "average": -461.6245000064373
    },
    "v1.3.0": {
      "min": 41.25059999898076,
      "max": 7902.311699997634,
      "average": 3971.7811499983072
    },
    "v1.2.0": {
      "min": 50.60080000758171,
      "max": 8816.210500001907,
      "average": 4433.4056500047445
    }
  }
}