{
  "add": {
    "delta": {
      "min": 0.00009998679161071777,
      "max": 0.1825999915599823,
      "average": -0.002252499327063562
    },
    "v1.3.0": {
      "min": 0.032499998807907104,
      "max": 0.4228000044822693,
      "average": 0.05650950001180172
    },
    "v1.2.0": {
      "min": 0.03240001201629639,
      "max": 0.240200012922287,
      "average": 0.05876199933886528
    }
  },
  "bulkDocs": {
    "delta": {
      "min": -10.181400015950203,
      "max": 13.666800007224083,
      "average": 1.74269999563694
    },
    "v1.3.0": {
      "min": 14.659199997782707,
      "max": 129.05290000140667,
      "average": 71.85604999959469
    },
    "v1.2.0": {
      "min": 24.84060001373291,
      "max": 115.38609999418259,
      "average": 70.11335000395775
    }
  },
  "saveChanges": {
    "delta": {
      "min": -9.95049998164177,
      "max": 13.586099997162819,
      "average": 1.8178000077605247
    },
    "v1.3.0": {
      "min": 15.4341000020504,
      "max": 130.8640999943018,
      "average": 73.1490999981761
    },
    "v1.2.0": {
      "min": 25.38459998369217,
      "max": 117.27799999713898,
      "average": 71.33129999041557
    }
  },
  "all": {
    "delta": {
      "min": -27.290299996733665,
      "max": -27.290299996733665,
      "average": -27.290299996733665
    },
    "v1.3.0": {
      "min": 76.00779999792576,
      "max": 76.00779999792576,
      "average": 76.00779999792576
    },
    "v1.2.0": {
      "min": 103.29809999465942,
      "max": 103.29809999465942,
      "average": 103.29809999465942
    }
  },
  "remove": {
    "delta": {
      "min": -0.10660000145435333,
      "max": -0.10660000145435333,
      "average": -0.10660000145435333
    },
    "v1.3.0": {
      "min": 0.1363999992609024,
      "max": 0.1363999992609024,
      "average": 0.1363999992609024
    },
    "v1.2.0": {
      "min": 0.24300000071525574,
      "max": 0.24300000071525574,
      "average": 0.24300000071525574
    }
  }
}