{
  "add": {
    "delta": {
      "min": -0.003300003707408905,
      "max": -15.66729998216033,
      "average": 0.6524864800953305
    },
    "v1.3.0": {
      "min": 0.030299998819828033,
      "max": 175.7470999993384,
      "average": 1.7831035124973393
    },
    "v1.2.0": {
      "min": 0.03360000252723694,
      "max": 191.41439998149872,
      "average": 1.1306170324020088
    }
  },
  "bulkDocs": {
    "delta": {
      "min": -619.2829999998212,
      "max": -619.2829999998212,
      "average": -619.2829999998212
    },
    "v1.3.0": {
      "min": 9019.42119999975,
      "max": 9019.42119999975,
      "average": 9019.42119999975
    },
    "v1.2.0": {
      "min": 9638.70419999957,
      "max": 9638.70419999957,
      "average": 9638.70419999957
    }
  },
  "saveChanges": {
    "delta": {
      "min": -602.2473999895155,
      "max": -602.2473999895155,
      "average": -602.2473999895155
    },
    "v1.3.0": {
      "min": 9112.314500000328,
      "max": 9112.314500000328,
      "average": 9112.314500000328
    },
    "v1.2.0": {
      "min": 9714.561899989843,
      "max": 9714.561899989843,
      "average": 9714.561899989843
    }
  },
  "all": {
    "delta": {
      "min": -256.6368000023067,
      "max": -256.6368000023067,
      "average": -256.6368000023067
    },
    "v1.3.0": {
      "min": 2006.2957000024617,
      "max": 2006.2957000024617,
      "average": 2006.2957000024617
    },
    "v1.2.0": {
      "min": 2262.9325000047684,
      "max": 2262.9325000047684,
      "average": 2262.9325000047684
    }
  }
}