{
  "add": {
    "delta": {
      "min": 0.006800021976232529,
      "max": 6.375000022351742,
      "average": 0.47764779991293327
    },
    "v1.3.0": {
      "min": 0.03629999980330467,
      "max": 143.63960000127554,
      "average": 1.45591119000623
    },
    "v1.2.0": {
      "min": 0.029499977827072144,
      "max": 137.2645999789238,
      "average": 0.9782633900932968
    }
  },
  "bulkDocs": {
    "delta": {
      "min": -251.41459999606013,
      "max": -778.319100022316,
      "average": -514.866850009188
    },
    "v1.3.0": {
      "min": 808.479399997741,
      "max": 8847.407499998808,
      "average": 4827.943449998274
    },
    "v1.2.0": {
      "min": 1059.8939999938011,
      "max": 9625.726600021124,
      "average": 5342.8103000074625
    }
  },
  "saveChanges": {
    "delta": {
      "min": -6130.9523000232875,
      "max": -788.9462999850512,
      "average": -3459.9493000041693
    },
    "v1.3.0": {
      "min": 834.28579999879,
      "max": 8928.372400000691,
      "average": 4881.329099999741
    },
    "v1.2.0": {
      "min": 6965.238100022078,
      "max": 9717.318699985743,
      "average": 8341.27840000391
    }
  },
  "all": {
    "delta": {
      "min": -349.21309999749064,
      "max": -356.2581000290811,
      "average": -350.09654999896884
    },
    "v1.3.0": {
      "min": 1881.4847999997437,
      "max": 2075.441599998623,
      "average": 1986.3457500003278
    },
    "v1.2.0": {
      "min": 2230.6978999972343,
      "max": 2431.6997000277042,
      "average": 2336.4422999992967
    }
  },
  "remove": {
    "delta": {
      "min": 83.60349998623133,
      "max": 445.3300999775529,
      "average": 282.5988999940455
    },
    "v1.3.0": {
      "min": 163.3542999997735,
      "max": 1016.1683999970555,
      "average": 603.8394999988377
    },
    "v1.2.0": {
      "min": 79.75080001354218,
      "max": 570.8383000195026,
      "average": 321.2406000047922
    }
  },
  "empty": {
    "delta": {
      "min": -265.6884000003338,
      "max": 89.03359998390079,
      "average": -67.53195000719279
    },
    "v1.3.0": {
      "min": 2045.0194000005722,
      "max": 3091.662999998778,
      "average": 2590.2744000004604
    },
    "v1.2.0": {
      "min": 2310.707800000906,
      "max": 3002.6294000148773,
      "average": 2657.8063500076532
    }
  }
}