{
  "add": {
    "delta": {
      "min": 0.0034000203013420105,
      "max": 10.97460002079606,
      "average": -0.008683520090207453
    },
    "v1.3.0": {
      "min": 0.032899998128414154,
      "max": 148.23919999971986,
      "average": 0.9695798700030893
    },
    "v1.2.0": {
      "min": 0.029499977827072144,
      "max": 137.2645999789238,
      "average": 0.9782633900932968
    }
  },
  "bulkDocs": {
    "delta": {
      "min": -267.9113999940455,
      "max": -1371.2423000223935,
      "average": -819.5768500082195
    },
    "v1.3.0": {
      "min": 791.9825999997556,
      "max": 8254.48429999873,
      "average": 4523.233449999243
    },
    "v1.2.0": {
      "min": 1059.8939999938011,
      "max": 9625.726600021124,
      "average": 5342.8103000074625
    }
  },
  "saveChanges": {
    "delta": {
      "min": -6127.728200022131,
      "max": -1387.2846999876201,
      "average": -3757.5064500048757
    },
    "v1.3.0": {
      "min": 837.5098999999464,
      "max": 8330.033999998122,
      "average": 4583.771949999034
    },
    "v1.2.0": {
      "min": 6965.238100022078,
      "max": 9717.318699985743,
      "average": 8341.27840000391
    }
  },
  "all": {
    "delta": {
      "min": -370.02479999884963,
      "max": -391.8195000253618,
      "average": -376.1667999997735
    },
    "v1.3.0": {
      "min": 1860.6730999983847,
      "max": 2039.8802000023425,
      "average": 1960.2754999995232
    },
    "v1.2.0": {
      "min": 2230.6978999972343,
      "max": 2431.6997000277042,
      "average": 2336.4422999992967
    }
  },
  "remove": {
    "delta": {
      "min": 12.779599983245134,
      "max": 56.84879998117685,
      "average": 33.5117999939248
    },
    "v1.3.0": {
      "min": 92.53039999678731,
      "max": 627.6871000006795,
      "average": 354.752399998717
    },
    "v1.2.0": {
      "min": 79.75080001354218,
      "max": 570.8383000195026,
      "average": 321.2406000047922
    }
  },
  "empty": {
    "delta": {
      "min": -357.34820000082254,
      "max": -335.0166000165045,
      "average": -342.70157500822097
    },
    "v1.3.0": {
      "min": 1953.3596000000834,
      "max": 2667.612799998373,
      "average": 2315.1047749994323
    },
    "v1.2.0": {
      "min": 2310.707800000906,
      "max": 3002.6294000148773,
      "average": 2657.8063500076532
    }
  }
}