{
  "add": {
    "delta": {
      "min": 0.2339000105857849,
      "max": 0.2339000105857849,
      "average": 0.2339000105857849
    },
    "v1.3.0": {
      "min": 0.5004000067710876,
      "max": 0.5004000067710876,
      "average": 0.5004000067710876
    },
    "v1.2.0": {
      "min": 0.26649999618530273,
      "max": 0.26649999618530273,
      "average": 0.26649999618530273
    }
  },
  "bulkDocs": {
    "delta": {
      "min": -5.111000016331673,
      "max": -5.111000016331673,
      "average": -5.111000016331673
    },
    "v1.3.0": {
      "min": 9.9493999928236,
      "max": 9.9493999928236,
      "average": 9.9493999928236
    },
    "v1.2.0": {
      "min": 15.060400009155273,
      "max": 15.060400009155273,
      "average": 15.060400009155273
    }
  },
  "saveChanges": {
    "delta": {
      "min": -5.203199982643127,
      "max": -5.203199982643127,
      "average": -5.203199982643127
    },
    "v1.3.0": {
      "min": 10.141499996185303,
      "max": 10.141499996185303,
      "average": 10.141499996185303
    },
    "v1.2.0": {
      "min": 15.34469997882843,
      "max": 15.34469997882843,
      "average": 15.34469997882843
    }
  }
}