{
  "add": {
    "delta": {
      "min": 0.0007999986410140991,
      "max": -38.282699983567,
      "average": 0.23421257759593428
    },
    "v1.3.0": {
      "min": 0.03440000116825104,
      "max": 153.13169999793172,
      "average": 1.3648296099979431
    },
    "v1.2.0": {
      "min": 0.03360000252723694,
      "max": 191.41439998149872,
      "average": 1.1306170324020088
    }
  },
  "bulkDocs": {
    "delta": {
      "min": -1465.2878999970853,
      "max": -1465.2878999970853,
      "average": -1465.2878999970853
    },
    "v1.3.0": {
      "min": 8173.4163000024855,
      "max": 8173.4163000024855,
      "average": 8173.4163000024855
    },
    "v1.2.0": {
      "min": 9638.70419999957,
      "max": 9638.70419999957,
      "average": 9638.70419999957
    }
  },
  "saveChanges": {
    "delta": {
      "min": -1469.2951999902725,
      "max": -1469.2951999902725,
      "average": -1469.2951999902725
    },
    "v1.3.0": {
      "min": 8245.26669999957,
      "max": 8245.26669999957,
      "average": 8245.26669999957
    },
    "v1.2.0": {
      "min": 9714.561899989843,
      "max": 9714.561899989843,
      "average": 9714.561899989843
    }
  },
  "all": {
    "delta": {
      "min": -353.0503000020981,
      "max": -353.0503000020981,
      "average": -353.0503000020981
    },
    "v1.3.0": {
      "min": 1909.8822000026703,
      "max": 1909.8822000026703,
      "average": 1909.8822000026703
    },
    "v1.2.0": {
      "min": 2262.9325000047684,
      "max": 2262.9325000047684,
      "average": 2262.9325000047684
    }
  }
}