{
  "add": {
    "delta": {
      "min": -0.10460001230239868,
      "max": -0.10460001230239868,
      "average": -0.10460001230239868
    },
    "v1.3.0": {
      "min": 0.10609999299049377,
      "max": 0.10609999299049377,
      "average": 0.10609999299049377
    },
    "v1.2.0": {
      "min": 0.21070000529289246,
      "max": 0.21070000529289246,
      "average": 0.21070000529289246
    }
  },
  "bulkDocs": {
    "delta": {
      "min": -8.521500006318092,
      "max": -8.299899995326996,
      "average": -8.410700000822544
    },
    "v1.3.0": {
      "min": 9.97579999268055,
      "max": 13.8648000061512,
      "average": 11.920299999415874
    },
    "v1.2.0": {
      "min": 18.497299998998642,
      "max": 22.164700001478195,
      "average": 20.33100000023842
    }
  },
  "saveChanges": {
    "delta": {
      "min": -6.304499998688698,
      "max": -16.246499985456467,
      "average": -11.275499992072582
    },
    "v1.3.0": {
      "min": 12.496999993920326,
      "max": 29.074400007724762,
      "average": 20.785700000822544
    },
    "v1.2.0": {
      "min": 18.801499992609024,
      "max": 45.32089999318123,
      "average": 32.061199992895126
    }
  },
  "remove": {
    "delta": {
      "min": -0.38519997894763947,
      "max": -0.38519997894763947,
      "average": -0.38519997894763947
    },
    "v1.3.0": {
      "min": 0.29990001022815704,
      "max": 0.29990001022815704,
      "average": 0.29990001022815704
    },
    "v1.2.0": {
      "min": 0.6850999891757965,
      "max": 0.6850999891757965,
      "average": 0.6850999891757965
    }
  }
}