{
  "bulkDocs": {
    "delta": {
      "min": 3.362200003117323,
      "max": 3.362200003117323,
      "average": 3.362200003117323
    },
    "v1.3.0": {
      "min": 250.58379999920726,
      "max": 250.58379999920726,
      "average": 250.58379999920726
    },
    "v1.2.0": {
      "min": 247.22159999608994,
      "max": 247.22159999608994,
      "average": 247.22159999608994
    }
  },
  "saveChanges": {
    "delta": {
      "min": 0.646799985319376,
      "max": 0.646799985319376,
      "average": 0.646799985319376
    },
    "v1.3.0": {
      "min": 260.26830000057817,
      "max": 260.26830000057817,
      "average": 260.26830000057817
    },
    "v1.2.0": {
      "min": 259.6215000152588,
      "max": 259.6215000152588,
      "average": 259.6215000152588
    }
  }
}