{
  "add": {
    "delta": {
      "min": -0.0018000006675720215,
      "max": 2.1765999794006348,
      "average": -0.009135799393057822
    },
    "v1.3.0": {
      "min": 0.034999996423721313,
      "max": 2.741899996995926,
      "average": 0.06290610025823117
    },
    "v1.2.0": {
      "min": 0.036799997091293335,
      "max": 0.5653000175952911,
      "average": 0.07204189965128899
    }
  },
  "bulkDocs": {
    "delta": {
      "min": -15.031999990344048,
      "max": -15.150099977850914,
      "average": -15.09104998409748
    },
    "v1.3.0": {
      "min": 15.86870001256466,
      "max": 96.3074000030756,
      "average": 56.08805000782013
    },
    "v1.2.0": {
      "min": 30.900700002908707,
      "max": 111.45749998092651,
      "average": 71.17909999191761
    }
  },
  "saveChanges": {
    "delta": {
      "min": -15.703399986028671,
      "max": -19.254199996590614,
      "average": -17.478799991309643
    },
    "v1.3.0": {
      "min": 16.73530000448227,
      "max": 97.60090000927448,
      "average": 57.168100006878376
    },
    "v1.2.0": {
      "min": 32.43869999051094,
      "max": 116.8551000058651,
      "average": 74.64689999818802
    }
  }
}