{
  "add": {
    "delta": {
      "min": 0.001399993896484375,
      "max": -10.486200019717216,
      "average": -0.29687897753790027
    },
    "v1.3.0": {
      "min": 0.033399999141693115,
      "max": 161.64769999682903,
      "average": 0.8375431149668991
    },
    "v1.2.0": {
      "min": 0.03200000524520874,
      "max": 172.13390001654625,
      "average": 1.1344220925047994
    }
  },
  "bulkDocs": {
    "delta": {
      "min": -327.41720001399517,
      "max": -842.0385999828577,
      "average": -584.7278999984264
    },
    "v1.3.0": {
      "min": 790.5824999958277,
      "max": 8068.357000008225,
      "average": 4429.469750002027
    },
    "v1.2.0": {
      "min": 1117.9997000098228,
      "max": 8910.395599991083,
      "average": 5014.197650000453
    }
  },
  "saveChanges": {
    "delta": {
      "min": -6217.4860000014305,
      "max": -837.102300003171,
      "average": -3527.2941500023007
    },
    "v1.3.0": {
      "min": 2026.302799999714,
      "max": 8141.334499999881,
      "average": 5083.818649999797
    },
    "v1.2.0": {
      "min": 8243.788800001144,
      "max": 8978.436800003052,
      "average": 8611.112800002098
    }
  },
  "all": {
    "delta": {
      "min": -250.9261999875307,
      "max": -551.1143000125885,
      "average": -307.4760499969125
    },
    "v1.3.0": {
      "min": 1843.566200003028,
      "max": 2013.1389999985695,
      "average": 1920.385174997151
    },
    "v1.2.0": {
      "min": 2094.4923999905586,
      "max": 2564.253300011158,
      "average": 2227.8612249940634
    }
  },
  "remove": {
    "delta": {
      "min": 11.587200000882149,
      "max": 147.16169999539852,
      "average": 70.23105000704527
    },
    "v1.3.0": {
      "min": 34.242899999022484,
      "max": 192.6077999919653,
      "average": 104.57719999551773
    },
    "v1.2.0": {
      "min": 22.655699998140335,
      "max": 45.44609999656677,
      "average": 34.34614998847246
    }
  }
}