{
  "add": {
    "delta": {
      "min": 0.006499990820884705,
      "max": 3.0556999891996384,
      "average": 0.022623700637370348
    },
    "v1.3.0": {
      "min": 0.03890000283718109,
      "max": 3.2959000021219254,
      "average": 0.08138569997623563
    },
    "v1.2.0": {
      "min": 0.03240001201629639,
      "max": 0.240200012922287,
      "average": 0.05876199933886528
    }
  },
  "bulkDocs": {
    "delta": {
      "min": -9.688200011849403,
      "max": -10.821999993175268,
      "average": -10.255100002512336
    },
    "v1.3.0": {
      "min": 15.152400001883507,
      "max": 104.56410000100732,
      "average": 59.85825000144541
    },
    "v1.2.0": {
      "min": 24.84060001373291,
      "max": 115.38609999418259,
      "average": 70.11335000395775
    }
  },
  "saveChanges": {
    "delta": {
      "min": -9.52659998089075,
      "max": -10.26519999653101,
      "average": -9.89589998871088
    },
    "v1.3.0": {
      "min": 15.858000002801418,
      "max": 107.01280000060797,
      "average": 61.43540000170469
    },
    "v1.2.0": {
      "min": 25.38459998369217,
      "max": 117.27799999713898,
      "average": 71.33129999041557
    }
  },
  "all": {
    "delta": {
      "min": -17.04009999334812,
      "max": -17.04009999334812,
      "average": -17.04009999334812
    },
    "v1.3.0": {
      "min": 86.2580000013113,
      "max": 86.2580000013113,
      "average": 86.2580000013113
    },
    "v1.2.0": {
      "min": 103.29809999465942,
      "max": 103.29809999465942,
      "average": 103.29809999465942
    }
  },
  "remove": {
    "delta": {
      "min": -0.11720000207424164,
      "max": -0.11720000207424164,
      "average": -0.11720000207424164
    },
    "v1.3.0": {
      "min": 0.1257999986410141,
      "max": 0.1257999986410141,
      "average": 0.1257999986410141
    },
    "v1.2.0": {
      "min": 0.24300000071525574,
      "max": 0.24300000071525574,
      "average": 0.24300000071525574
    }
  }
}