{
  "add": {
    "delta": {
      "min": 0.007900003343820572,
      "max": 1.0807999819517136,
      "average": 0.004876400344073772
    },
    "v1.3.0": {
      "min": 0.04470000043511391,
      "max": 1.6460999995470047,
      "average": 0.07691829999536276
    },
    "v1.2.0": {
      "min": 0.036799997091293335,
      "max": 0.5653000175952911,
      "average": 0.07204189965128899
    }
  },
  "bulkDocs": {
    "delta": {
      "min": -16.884900003671646,
      "max": -17.677199982106686,
      "average": -17.281049992889166
    },
    "v1.3.0": {
      "min": 14.01579999923706,
      "max": 93.78029999881983,
      "average": 53.898049999028444
    },
    "v1.2.0": {
      "min": 30.900700002908707,
      "max": 111.45749998092651,
      "average": 71.17909999191761
    }
  },
  "saveChanges": {
    "delta": {
      "min": -17.84519999101758,
      "max": -19.788400005549192,
      "average": -18.816799998283386
    },
    "v1.3.0": {
      "min": 14.59349999949336,
      "max": 97.0667000003159,
      "average": 55.83009999990463
    },
    "v1.2.0": {
      "min": 32.43869999051094,
      "max": 116.8551000058651,
      "average": 74.64689999818802
    }
  }
}