{
  "add": {
    "delta": {
      "min": 0.1907000057399273,
      "max": 0.1907000057399273,
      "average": 0.1907000057399273
    },
    "v1.3.0": {
      "min": 0.3383000008761883,
      "max": 0.3383000008761883,
      "average": 0.3383000008761883
    },
    "v1.2.0": {
      "min": 0.147599995136261,
      "max": 0.147599995136261,
      "average": 0.147599995136261
    }
  },
  "bulkDocs": {
    "delta": {
      "min": -7.299700006842613,
      "max": -6.2985000014305115,
      "average": -6.799100004136562
    },
    "v1.3.0": {
      "min": 10.694600000977516,
      "max": 15.155699998140335,
      "average": 12.925149999558926
    },
    "v1.2.0": {
      "min": 17.99430000782013,
      "max": 21.454199999570847,
      "average": 19.724250003695488
    }
  },
  "saveChanges": {
    "delta": {
      "min": -7.253799978643656,
      "max": -6.450999986380339,
      "average": -6.852399982511997
    },
    "v1.3.0": {
      "min": 10.972899999469519,
      "max": 15.373100001364946,
      "average": 13.173000000417233
    },
    "v1.2.0": {
      "min": 18.226699978113174,
      "max": 21.824099987745285,
      "average": 20.02539998292923
    }
  },
  "remove": {
    "delta": {
      "min": -0.38760000094771385,
      "max": -0.38760000094771385,
      "average": -0.38760000094771385
    },
    "v1.3.0": {
      "min": 0.29109999909996986,
      "max": 0.29109999909996986,
      "average": 0.29109999909996986
    },
    "v1.2.0": {
      "min": 0.6787000000476837,
      "max": 0.6787000000476837,
      "average": 0.6787000000476837
    }
  }
}