{
  "bulkDocs": {
    "delta": {
      "min": -242.5063999965787,
      "max": -242.5063999965787,
      "average": -242.5063999965787
    },
    "v1.3.0": {
      "min": 4.715199999511242,
      "max": 4.715199999511242,
      "average": 4.715199999511242
    },
    "v1.2.0": {
      "min": 247.22159999608994,
      "max": 247.22159999608994,
      "average": 247.22159999608994
    }
  },
  "saveChanges": {
    "delta": {
      "min": -254.45560001581907,
      "max": -254.45560001581907,
      "average": -254.45560001581907
    },
    "v1.3.0": {
      "min": 5.165899999439716,
      "max": 5.165899999439716,
      "average": 5.165899999439716
    },
    "v1.2.0": {
      "min": 259.6215000152588,
      "max": 259.6215000152588,
      "average": 259.6215000152588
    }
  }
}