{
  "add": {
    "delta": {
      "min": 0.0029000192880630493,
      "max": -0.9159000068902969,
      "average": -0.007940300241112704
    },
    "v1.3.0": {
      "min": 0.0341000109910965,
      "max": 4.838599994778633,
      "average": 0.05990460012853146
    },
    "v1.2.0": {
      "min": 0.031199991703033447,
      "max": 5.75450000166893,
      "average": 0.06784490036964416
    }
  },
  "bulkDocs": {
    "delta": {
      "min": -25.51690000295639,
      "max": -25.51690000295639,
      "average": -25.51690000295639
    },
    "v1.3.0": {
      "min": 98.47929999232292,
      "max": 98.47929999232292,
      "average": 98.47929999232292
    },
    "v1.2.0": {
      "min": 123.99619999527931,
      "max": 123.99619999527931,
      "average": 123.99619999527931
    }
  },
  "saveChanges": {
    "delta": {
      "min": -25.158399984240532,
      "max": -25.158399984240532,
      "average": -25.158399984240532
    },
    "v1.3.0": {
      "min": 99.95409999787807,
      "max": 99.95409999787807,
      "average": 99.95409999787807
    },
    "v1.2.0": {
      "min": 125.1124999821186,
      "max": 125.1124999821186,
      "average": 125.1124999821186
    }
  },
  "all": {
    "delta": {
      "min": -32.55910003185272,
      "max": -32.55910003185272,
      "average": -32.55910003185272
    },
    "v1.3.0": {
      "min": 77.79249998927116,
      "max": 77.79249998927116,
      "average": 77.79249998927116
    },
    "v1.2.0": {
      "min": 110.35160002112389,
      "max": 110.35160002112389,
      "average": 110.35160002112389
    }
  }
}