{
  "add": {
    "delta": {
      "min": -0.0009000003337860107,
      "max": -3.021899998188019,
      "average": -0.07769670995213107
    },
    "v1.3.0": {
      "min": 0.02869999408721924,
      "max": 8.469500005245209,
      "average": 1.1696085800308733
    },
    "v1.2.0": {
      "min": 0.02959999442100525,
      "max": 11.491400003433228,
      "average": 1.2473052899830044
    }
  },
  "bulkDocs": {
    "delta": {
      "min": -12.452899992465973,
      "max": -813.0277999937534,
      "average": -412.7403499931097
    },
    "v1.3.0": {
      "min": 18.560699999332428,
      "max": 7920.781100004911,
      "average": 3969.670900002122
    },
    "v1.2.0": {
      "min": 31.0135999917984,
      "max": 8733.808899998665,
      "average": 4382.411249995232
    }
  },
  "saveChanges": {
    "delta": {
      "min": -7.594300001859665,
      "max": -793.7115999907255,
      "average": -400.6529499962926
    },
    "v1.3.0": {
      "min": 43.006500005722046,
      "max": 8022.498900011182,
      "average": 4032.752700008452
    },
    "v1.2.0": {
      "min": 50.60080000758171,
      "max": 8816.210500001907,
      "average": 4433.4056500047445
    }
  }
}