{
  "add": {
    "delta": {
      "min": 0.03160000592470169,
      "max": 0.03160000592470169,
      "average": 0.03160000592470169
    },
    "v1.3.0": {
      "min": 0.17920000106096268,
      "max": 0.17920000106096268,
      "average": 0.17920000106096268
    },
    "v1.2.0": {
      "min": 0.147599995136261,
      "max": 0.147599995136261,
      "average": 0.147599995136261
    }
  },
  "bulkDocs": {
    "delta": {
      "min": -8.714800007641315,
      "max": -9.291500002145767,
      "average": -9.003150004893541
    },
    "v1.3.0": {
      "min": 9.279500000178814,
      "max": 12.16269999742508,
      "average": 10.721099998801947
    },
    "v1.2.0": {
      "min": 17.99430000782013,
      "max": 21.454199999570847,
      "average": 19.724250003695488
    }
  },
  "saveChanges": {
    "delta": {
      "min": -6.839299980551004,
      "max": -9.438599988818169,
      "average": -8.138949984684587
    },
    "v1.3.0": {
      "min": 11.38739999756217,
      "max": 12.385499998927116,
      "average": 11.886449998244643
    },
    "v1.2.0": {
      "min": 18.226699978113174,
      "max": 21.824099987745285,
      "average": 20.02539998292923
    }
  },
  "remove": {
    "delta": {
      "min": -0.41939999908208847,
      "max": -0.41939999908208847,
      "average": -0.41939999908208847
    },
    "v1.3.0": {
      "min": 0.25930000096559525,
      "max": 0.25930000096559525,
      "average": 0.25930000096559525
    },
    "v1.2.0": {
      "min": 0.6787000000476837,
      "max": 0.6787000000476837,
      "average": 0.6787000000476837
    }
  }
}