{
  "add": {
    "delta": {
      "min": -0.4213999956846237,
      "max": -0.4213999956846237,
      "average": -0.4213999956846237
    },
    "v1.3.0": {
      "min": 0.17520000040531158,
      "max": 0.17520000040531158,
      "average": 0.17520000040531158
    },
    "v1.2.0": {
      "min": 0.5965999960899353,
      "max": 0.5965999960899353,
      "average": 0.5965999960899353
    }
  },
  "bulkDocs": {
    "delta": {
      "min": -14.125299997627735,
      "max": -13.802600007504225,
      "average": -13.96395000256598
    },
    "v1.3.0": {
      "min": 9.877199999988079,
      "max": 12.738400001078844,
      "average": 11.307800000533462
    },
    "v1.2.0": {
      "min": 24.002499997615814,
      "max": 26.54100000858307,
      "average": 25.27175000309944
    }
  },
  "saveChanges": {
    "delta": {
      "min": -14.19429998472333,
      "max": -17.15320000052452,
      "average": -15.673749992623925
    },
    "v1.3.0": {
      "min": 10.058299999684095,
      "max": 13.03880000114441,
      "average": 11.548550000414252
    },
    "v1.2.0": {
      "min": 24.252599984407425,
      "max": 30.19200000166893,
      "average": 27.222299993038177
    }
  },
  "first": {
    "delta": {
      "min": -8.608399994671345,
      "max": -8.608399994671345,
      "average": -8.608399994671345
    },
    "v1.3.0": {
      "min": 17.094700001180172,
      "max": 17.094700001180172,
      "average": 17.094700001180172
    },
    "v1.2.0": {
      "min": 25.703099995851517,
      "max": 25.703099995851517,
      "average": 25.703099995851517
    }
  }
}