{
  "add": {
    "delta": {
      "min": 0.005000010132789612,
      "max": -4.108700007200241,
      "average": -0.013937200531363492
    },
    "v1.3.0": {
      "min": 0.03440000116825104,
      "max": 0.45730000734329224,
      "average": 0.05221870006620884
    },
    "v1.2.0": {
      "min": 0.029399991035461426,
      "max": 4.566000014543533,
      "average": 0.06615590059757233
    }
  },
  "bulkDocs": {
    "delta": {
      "min": -18.168799981474876,
      "max": -18.842799991369247,
      "average": -18.505799986422062
    },
    "v1.3.0": {
      "min": 13.715599998831749,
      "max": 88.93439999222755,
      "average": 51.32499999552965
    },
    "v1.2.0": {
      "min": 31.884399980306625,
      "max": 107.7771999835968,
      "average": 69.83079998195171
    }
  },
  "saveChanges": {
    "delta": {
      "min": -26.25519998371601,
      "max": -18.29330000281334,
      "average": -22.274249993264675
    },
    "v1.3.0": {
      "min": 29.448400005698204,
      "max": 90.5460000038147,
      "average": 59.99720000475645
    },
    "v1.2.0": {
      "min": 55.703599989414215,
      "max": 108.83930000662804,
      "average": 82.27144999802113
    }
  },
  "all": {
    "delta": {
      "min": -47.344399988651276,
      "max": -47.344399988651276,
      "average": -47.344399988651276
    },
    "v1.3.0": {
      "min": 74.05070000886917,
      "max": 74.05070000886917,
      "average": 74.05070000886917
    },
    "v1.2.0": {
      "min": 121.39509999752045,
      "max": 121.39509999752045,
      "average": 121.39509999752045
    }
  },
  "remove": {
    "delta": {
      "min": -0.43609999120235443,
      "max": -0.43609999120235443,
      "average": -0.43609999120235443
    },
    "v1.3.0": {
      "min": 0.1316000074148178,
      "max": 0.1316000074148178,
      "average": 0.1316000074148178
    },
    "v1.2.0": {
      "min": 0.5676999986171722,
      "max": 0.5676999986171722,
      "average": 0.5676999986171722
    }
  }
}