{
  "add": {
    "delta": {
      "min": -0.04959999397397041,
      "max": -0.04959999397397041,
      "average": -0.04959999397397041
    },
    "v1.3.0": {
      "min": 0.21690000221133232,
      "max": 0.21690000221133232,
      "average": 0.21690000221133232
    },
    "v1.2.0": {
      "min": 0.26649999618530273,
      "max": 0.26649999618530273,
      "average": 0.26649999618530273
    }
  },
  "bulkDocs": {
    "delta": {
      "min": -5.575800009071827,
      "max": -5.575800009071827,
      "average": -5.575800009071827
    },
    "v1.3.0": {
      "min": 9.484600000083447,
      "max": 9.484600000083447,
      "average": 9.484600000083447
    },
    "v1.2.0": {
      "min": 15.060400009155273,
      "max": 15.060400009155273,
      "average": 15.060400009155273
    }
  },
  "saveChanges": {
    "delta": {
      "min": -5.555599980056286,
      "max": -5.555599980056286,
      "average": -5.555599980056286
    },
    "v1.3.0": {
      "min": 9.789099998772144,
      "max": 9.789099998772144,
      "average": 9.789099998772144
    },
    "v1.2.0": {
      "min": 15.34469997882843,
      "max": 15.34469997882843,
      "average": 15.34469997882843
    }
  }
}