{
  "add": {
    "delta": {
      "min": 0,
      "max": -34.292599976062775,
      "average": -0.1393157149169595
    },
    "v1.3.0": {
      "min": 0.03360000252723694,
      "max": 157.12180000543594,
      "average": 0.9913013174850493
    },
    "v1.2.0": {
      "min": 0.03360000252723694,
      "max": 191.41439998149872,
      "average": 1.1306170324020088
    }
  },
  "bulkDocs": {
    "delta": {
      "min": -1754.607099995017,
      "max": -1754.607099995017,
      "average": -1754.607099995017
    },
    "v1.3.0": {
      "min": 7884.097100004554,
      "max": 7884.097100004554,
      "average": 7884.097100004554
    },
    "v1.2.0": {
      "min": 9638.70419999957,
      "max": 9638.70419999957,
      "average": 9638.70419999957
    }
  },
  "saveChanges": {
    "delta": {
      "min": -1743.9278999865055,
      "max": -1743.9278999865055,
      "average": -1743.9278999865055
    },
    "v1.3.0": {
      "min": 7970.634000003338,
      "max": 7970.634000003338,
      "average": 7970.634000003338
    },
    "v1.2.0": {
      "min": 9714.561899989843,
      "max": 9714.561899989843,
      "average": 9714.561899989843
    }
  },
  "all": {
    "delta": {
      "min": -343.69660000503063,
      "max": -343.69660000503063,
      "average": -343.69660000503063
    },
    "v1.3.0": {
      "min": 1919.2358999997377,
      "max": 1919.2358999997377,
      "average": 1919.2358999997377
    },
    "v1.2.0": {
      "min": 2262.9325000047684,
      "max": 2262.9325000047684,
      "average": 2262.9325000047684
    }
  }
}