{
  "add": {
    "delta": {
      "min": 0.0017000064253807068,
      "max": -10.214000005275011,
      "average": 0.0926443549253978
    },
    "v1.3.0": {
      "min": 0.032899998128414154,
      "max": 149.73000000044703,
      "average": 1.0171189350032248
    },
    "v1.2.0": {
      "min": 0.031199991703033447,
      "max": 159.94400000572205,
      "average": 0.924474580077827
    }
  },
  "bulkDocs": {
    "delta": {
      "min": -458.9512000232935,
      "max": -458.9512000232935,
      "average": -458.9512000232935
    },
    "v1.3.0": {
      "min": 8576.854800000787,
      "max": 8576.854800000787,
      "average": 8576.854800000787
    },
    "v1.2.0": {
      "min": 9035.80600002408,
      "max": 9035.80600002408,
      "average": 9035.80600002408
    }
  },
  "saveChanges": {
    "delta": {
      "min": -456.5795999839902,
      "max": -456.5795999839902,
      "average": -456.5795999839902
    },
    "v1.3.0": {
      "min": 8654.06289999932,
      "max": 8654.06289999932,
      "average": 8654.06289999932
    },
    "v1.2.0": {
      "min": 9110.64249998331,
      "max": 9110.64249998331,
      "average": 9110.64249998331
    }
  },
  "all": {
    "delta": {
      "min": -312.85440000891685,
      "max": -312.85440000891685,
      "average": -312.85440000891685
    },
    "v1.3.0": {
      "min": 1945.57310000062,
      "max": 1945.57310000062,
      "average": 1945.57310000062
    },
    "v1.2.0": {
      "min": 2258.4275000095367,
      "max": 2258.4275000095367,
      "average": 2258.4275000095367
    }
  },
  "get": {
    "delta": {
      "min": 32.607200011610985,
      "max": 32.607200011610985,
      "average": 32.607200011610985
    },
    "v1.3.0": {
      "min": 399.25530000030994,
      "max": 399.25530000030994,
      "average": 399.25530000030994
    },
    "v1.2.0": {
      "min": 366.64809998869896,
      "max": 366.64809998869896,
      "average": 366.64809998869896
    }
  }
}