{
  "add": {
    "delta": {
      "min": 0.0893000066280365,
      "max": 0.0893000066280365,
      "average": 0.0893000066280365
    },
    "v1.3.0": {
      "min": 0.23690000176429749,
      "max": 0.23690000176429749,
      "average": 0.23690000176429749
    },
    "v1.2.0": {
      "min": 0.147599995136261,
      "max": 0.147599995136261,
      "average": 0.147599995136261
    }
  },
  "bulkDocs": {
    "delta": {
      "min": -8.106700018048286,
      "max": -7.888799995183945,
      "average": -7.997750006616116
    },
    "v1.3.0": {
      "min": 9.887599989771843,
      "max": 13.565400004386902,
      "average": 11.726499997079372
    },
    "v1.2.0": {
      "min": 17.99430000782013,
      "max": 21.454199999570847,
      "average": 19.724250003695488
    }
  },
  "saveChanges": {
    "delta": {
      "min": -8.153099969029427,
      "max": -8.067299991846085,
      "average": -8.110199980437756
    },
    "v1.3.0": {
      "min": 10.073600009083748,
      "max": 13.7567999958992,
      "average": 11.915200002491474
    },
    "v1.2.0": {
      "min": 18.226699978113174,
      "max": 21.824099987745285,
      "average": 20.02539998292923
    }
  },
  "remove": {
    "delta": {
      "min": -0.3950999975204468,
      "max": -0.3950999975204468,
      "average": -0.3950999975204468
    },
    "v1.3.0": {
      "min": 0.28360000252723694,
      "max": 0.28360000252723694,
      "average": 0.28360000252723694
    },
    "v1.2.0": {
      "min": 0.6787000000476837,
      "max": 0.6787000000476837,
      "average": 0.6787000000476837
    }
  }
}