{
  "add": {
    "delta": {
      "min": 0.0001999884843826294,
      "max": 3.0297999903559685,
      "average": -0.0035177993401885044
    },
    "v1.3.0": {
      "min": 0.032600000500679016,
      "max": 3.2700000032782555,
      "average": 0.055244199998676774
    },
    "v1.2.0": {
      "min": 0.03240001201629639,
      "max": 0.240200012922287,
      "average": 0.05876199933886528
    }
  },
  "bulkDocs": {
    "delta": {
      "min": -8.28940001130104,
      "max": -19.16949999332428,
      "average": -13.72945000231266
    },
    "v1.3.0": {
      "min": 16.55120000243187,
      "max": 96.2166000008583,
      "average": 56.38390000164509
    },
    "v1.2.0": {
      "min": 24.84060001373291,
      "max": 115.38609999418259,
      "average": 70.11335000395775
    }
  },
  "saveChanges": {
    "delta": {
      "min": -8.035299982875586,
      "max": -19.472199998795986,
      "average": -13.753749990835786
    },
    "v1.3.0": {
      "min": 17.349300000816584,
      "max": 97.80579999834299,
      "average": 57.57754999957979
    },
    "v1.2.0": {
      "min": 25.38459998369217,
      "max": 117.27799999713898,
      "average": 71.33129999041557
    }
  },
  "all": {
    "delta": {
      "min": -22.363099992275238,
      "max": -22.363099992275238,
      "average": -22.363099992275238
    },
    "v1.3.0": {
      "min": 80.93500000238419,
      "max": 80.93500000238419,
      "average": 80.93500000238419
    },
    "v1.2.0": {
      "min": 103.29809999465942,
      "max": 103.29809999465942,
      "average": 103.29809999465942
    }
  },
  "remove": {
    "delta": {
      "min": -0.11430000141263008,
      "max": -0.11430000141263008,
      "average": -0.11430000141263008
    },
    "v1.3.0": {
      "min": 0.12869999930262566,
      "max": 0.12869999930262566,
      "average": 0.12869999930262566
    },
    "v1.2.0": {
      "min": 0.24300000071525574,
      "max": 0.24300000071525574,
      "average": 0.24300000071525574
    }
  }
}