{
  "add": {
    "delta": {
      "min": 0.0045000165700912476,
      "max": -1.876599982380867,
      "average": 0.3228003199212254
    },
    "v1.3.0": {
      "min": 0.03399999439716339,
      "max": 135.38799999654293,
      "average": 1.3010637100145221
    },
    "v1.2.0": {
      "min": 0.029499977827072144,
      "max": 137.2645999789238,
      "average": 0.9782633900932968
    }
  },
  "bulkDocs": {
    "delta": {
      "min": -275.6211999952793,
      "max": -1605.5501000136137,
      "average": -940.5856500044465
    },
    "v1.3.0": {
      "min": 784.2727999985218,
      "max": 8020.17650000751,
      "average": 4402.224650003016
    },
    "v1.2.0": {
      "min": 1059.8939999938011,
      "max": 9625.726600021124,
      "average": 5342.8103000074625
    }
  },
  "saveChanges": {
    "delta": {
      "min": -6147.811100021005,
      "max": -1601.7853999882936,
      "average": -3874.798250004649
    },
    "v1.3.0": {
      "min": 817.4270000010729,
      "max": 8115.533299997449,
      "average": 4466.480149999261
    },
    "v1.2.0": {
      "min": 6965.238100022078,
      "max": 9717.318699985743,
      "average": 8341.27840000391
    }
  },
  "all": {
    "delta": {
      "min": -396.78069999814034,
      "max": -444.28920002281666,
      "average": -434.4686999954283
    },
    "v1.3.0": {
      "min": 1833.917199999094,
      "max": 1987.4105000048876,
      "average": 1901.9736000038683
    },
    "v1.2.0": {
      "min": 2230.6978999972343,
      "max": 2431.6997000277042,
      "average": 2336.4422999992967
    }
  },
  "remove": {
    "delta": {
      "min": 12.483499988913536,
      "max": 120.74609997868538,
      "average": 67.03724999725819
    },
    "v1.3.0": {
      "min": 92.23430000245571,
      "max": 691.584399998188,
      "average": 388.2778500020504
    },
    "v1.2.0": {
      "min": 79.75080001354218,
      "max": 570.8383000195026,
      "average": 321.2406000047922
    }
  },
  "empty": {
    "delta": {
      "min": -380.53689999878407,
      "max": -323.5852000117302,
      "average": -367.47987500578165
    },
    "v1.3.0": {
      "min": 1930.170900002122,
      "max": 2679.044200003147,
      "average": 2290.3264750018716
    },
    "v1.2.0": {
      "min": 2310.707800000906,
      "max": 3002.6294000148773,
      "average": 2657.8063500076532
    }
  }
}