{
  "add": {
    "delta": {
      "min": 0.0036999955773353577,
      "max": -4.50440001860261,
      "average": 0.5473372424896805
    },
    "v1.3.0": {
      "min": 0.0357000008225441,
      "max": 167.62949999794364,
      "average": 1.68175933499448
    },
    "v1.2.0": {
      "min": 0.03200000524520874,
      "max": 172.13390001654625,
      "average": 1.1344220925047994
    }
  },
  "bulkDocs": {
    "delta": {
      "min": -351.8043000102043,
      "max": -802.8082999922335,
      "average": -577.3063000012189
    },
    "v1.3.0": {
      "min": 766.1953999996185,
      "max": 8107.58729999885,
      "average": 4436.891349999234
    },
    "v1.2.0": {
      "min": 1117.9997000098228,
      "max": 8910.395599991083,
      "average": 5014.197650000453
    }
  },
  "saveChanges": {
    "delta": {
      "min": -6223.625800002366,
      "max": -792.3802000023425,
      "average": -3508.0030000023544
    },
    "v1.3.0": {
      "min": 2020.162999998778,
      "max": 8186.056600000709,
      "average": 5103.109799999744
    },
    "v1.2.0": {
      "min": 8243.788800001144,
      "max": 8978.436800003052,
      "average": 8611.112800002098
    }
  },
  "all": {
    "delta": {
      "min": -285.7813999913633,
      "max": -565.1727000102401,
      "average": -298.74657499510795
    },
    "v1.3.0": {
      "min": 1808.7109999991953,
      "max": 1999.080600000918,
      "average": 1929.1146499989554
    },
    "v1.2.0": {
      "min": 2094.4923999905586,
      "max": 2564.253300011158,
      "average": 2227.8612249940634
    }
  },
  "remove": {
    "delta": {
      "min": 14.384500000625849,
      "max": 136.65130000188947,
      "average": 76.25275001116097
    },
    "v1.3.0": {
      "min": 37.040199998766184,
      "max": 182.09739999845624,
      "average": 110.59889999963343
    },
    "v1.2.0": {
      "min": 22.655699998140335,
      "max": 45.44609999656677,
      "average": 34.34614998847246
    }
  }
}