{
  "add": {
    "delta": {
      "min": 0.00010001659393310547,
      "max": 2.547300010919571,
      "average": -0.005227400094270709
    },
    "v1.3.0": {
      "min": 0.030900001525878906,
      "max": 2.9016999900341034,
      "average": 0.05366359996795654
    },
    "v1.2.0": {
      "min": 0.0307999849319458,
      "max": 0.35439997911453247,
      "average": 0.05889100006222725
    }
  },
  "bulkDocs": {
    "delta": {
      "min": -22.106299981474876,
      "max": -22.106299981474876,
      "average": -22.106299981474876
    },
    "v1.3.0": {
      "min": 100.23409999907017,
      "max": 100.23409999907017,
      "average": 100.23409999907017
    },
    "v1.2.0": {
      "min": 122.34039998054504,
      "max": 122.34039998054504,
      "average": 122.34039998054504
    }
  },
  "saveChanges": {
    "delta": {
      "min": -26.367399990558624,
      "max": -26.367399990558624,
      "average": -26.367399990558624
    },
    "v1.3.0": {
      "min": 108.07190001010895,
      "max": 108.07190001010895,
      "average": 108.07190001010895
    },
    "v1.2.0": {
      "min": 134.43930000066757,
      "max": 134.43930000066757,
      "average": 134.43930000066757
    }
  },
  "all": {
    "delta": {
      "min": -63.9442999958992,
      "max": -63.9442999958992,
      "average": -63.9442999958992
    },
    "v1.3.0": {
      "min": 71.64190000295639,
      "max": 71.64190000295639,
      "average": 71.64190000295639
    },
    "v1.2.0": {
      "min": 135.5861999988556,
      "max": 135.5861999988556,
      "average": 135.5861999988556
    }
  },
  "get": {
    "delta": {
      "min": -9.863199979066849,
      "max": -9.863199979066849,
      "average": -9.863199979066849
    },
    "v1.3.0": {
      "min": 24.407200008630753,
      "max": 24.407200008630753,
      "average": 24.407200008630753
    },
    "v1.2.0": {
      "min": 34.2703999876976,
      "max": 34.2703999876976,
      "average": 34.2703999876976
    }
  }
}