{
  "add": {
    "delta": {
      "min": -0.4844000041484833,
      "max": -0.4844000041484833,
      "average": -0.4844000041484833
    },
    "v1.3.0": {
      "min": 0.11219999194145203,
      "max": 0.11219999194145203,
      "average": 0.11219999194145203
    },
    "v1.2.0": {
      "min": 0.5965999960899353,
      "max": 0.5965999960899353,
      "average": 0.5965999960899353
    }
  },
  "bulkDocs": {
    "delta": {
      "min": -14.580699995160103,
      "max": -13.108000010251999,
      "average": -13.84435000270605
    },
    "v1.3.0": {
      "min": 9.421800002455711,
      "max": 13.43299999833107,
      "average": 11.42740000039339
    },
    "v1.2.0": {
      "min": 24.002499997615814,
      "max": 26.54100000858307,
      "average": 25.27175000309944
    }
  },
  "saveChanges": {
    "delta": {
      "min": -14.659799993038177,
      "max": -16.485500007867813,
      "average": -15.572650000452995
    },
    "v1.3.0": {
      "min": 9.592799991369247,
      "max": 13.706499993801117,
      "average": 11.649649992585182
    },
    "v1.2.0": {
      "min": 24.252599984407425,
      "max": 30.19200000166893,
      "average": 27.222299993038177
    }
  },
  "first": {
    "delta": {
      "min": -10.89699999988079,
      "max": -10.89699999988079,
      "average": -10.89699999988079
    },
    "v1.3.0": {
      "min": 14.806099995970726,
      "max": 14.806099995970726,
      "average": 14.806099995970726
    },
    "v1.2.0": {
      "min": 25.703099995851517,
      "max": 25.703099995851517,
      "average": 25.703099995851517
    }
  }
}