{
  "add": {
    "delta": {
      "min": -0.004600007086992264,
      "max": -4.66729998588562,
      "average": -0.022693800203502187
    },
    "v1.3.0": {
      "min": 0.03259999677538872,
      "max": 3.222000002861023,
      "average": 0.0672791000381112
    },
    "v1.2.0": {
      "min": 0.03720000386238098,
      "max": 7.889299988746643,
      "average": 0.08997290024161339
    }
  },
  "bulkDocs": {
    "delta": {
      "min": -15.006899993866682,
      "max": -176.82539999485016,
      "average": -95.91614999435842
    },
    "v1.3.0": {
      "min": 12.57210000231862,
      "max": 105.84610000252724,
      "average": 59.20910000242293
    },
    "v1.2.0": {
      "min": 27.578999996185303,
      "max": 282.6714999973774,
      "average": 155.12524999678135
    }
  },
  "saveChanges": {
    "delta": {
      "min": -15.081399995833635,
      "max": -177.60359997674823,
      "average": -96.34249998629093
    },
    "v1.3.0": {
      "min": 13.274000000208616,
      "max": 107.21900000050664,
      "average": 60.24650000035763
    },
    "v1.2.0": {
      "min": 28.35539999604225,
      "max": 284.82259997725487,
      "average": 156.58899998664856
    }
  },
  "all": {
    "delta": {
      "min": -48.71230000257492,
      "max": -48.71230000257492,
      "average": -48.71230000257492
    },
    "v1.3.0": {
      "min": 77.58100000023842,
      "max": 77.58100000023842,
      "average": 77.58100000023842
    },
    "v1.2.0": {
      "min": 126.29330000281334,
      "max": 126.29330000281334,
      "average": 126.29330000281334
    }
  }
}