{
  "add": {
    "delta": {
      "min": 0.0027000010013580322,
      "max": -53.03000000119209,
      "average": -0.16369770488934576
    },
    "v1.3.0": {
      "min": 0.032499998807907104,
      "max": 143.54240000247955,
      "average": 1.0891804274949246
    },
    "v1.2.0": {
      "min": 0.029799997806549072,
      "max": 196.57240000367165,
      "average": 1.2528781323842704
    }
  },
  "bulkDocs": {
    "delta": {
      "min": -171.63349998369813,
      "max": -522.1074999831617,
      "average": -346.8704999834299
    },
    "v1.3.0": {
      "min": 953.8912000022829,
      "max": 8670.400299999863,
      "average": 4812.145750001073
    },
    "v1.2.0": {
      "min": 1125.524699985981,
      "max": 9192.507799983025,
      "average": 5159.016249984503
    }
  },
  "saveChanges": {
    "delta": {
      "min": -169.4757999777794,
      "max": -526.8039999976754,
      "average": -348.1398999877274
    },
    "v1.3.0": {
      "min": 982.5230000019073,
      "max": 8750.636900000274,
      "average": 4866.579950001091
    },
    "v1.2.0": {
      "min": 1151.9987999796867,
      "max": 9277.44089999795,
      "average": 5214.719849988818
    }
  },
  "all": {
    "delta": {
      "min": -165.15960001200438,
      "max": 96.82919999212027,
      "average": 13.84337499178946
    },
    "v1.3.0": {
      "min": 1977.4219999983907,
      "max": 2441.683600001037,
      "average": 2285.785724999383
    },
    "v1.2.0": {
      "min": 2142.581600010395,
      "max": 2344.854400008917,
      "average": 2271.9423500075936
    }
  }
}