{
  "add": {
    "delta": {
      "min": -0.4276999942958355,
      "max": -0.4276999942958355,
      "average": -0.4276999942958355
    },
    "v1.3.0": {
      "min": 0.1689000017940998,
      "max": 0.1689000017940998,
      "average": 0.1689000017940998
    },
    "v1.2.0": {
      "min": 0.5965999960899353,
      "max": 0.5965999960899353,
      "average": 0.5965999960899353
    }
  },
  "bulkDocs": {
    "delta": {
      "min": -13.960299998521805,
      "max": -14.799400009214878,
      "average": -14.379850003868341
    },
    "v1.3.0": {
      "min": 10.04219999909401,
      "max": 11.74159999936819,
      "average": 10.8918999992311
    },
    "v1.2.0": {
      "min": 24.002499997615814,
      "max": 26.54100000858307,
      "average": 25.27175000309944
    }
  },
  "saveChanges": {
    "delta": {
      "min": -13.96569998562336,
      "max": -18.17460000142455,
      "average": -16.070149993523955
    },
    "v1.3.0": {
      "min": 10.286899998784065,
      "max": 12.017400000244379,
      "average": 11.152149999514222
    },
    "v1.2.0": {
      "min": 24.252599984407425,
      "max": 30.19200000166893,
      "average": 27.222299993038177
    }
  },
  "first": {
    "delta": {
      "min": -9.982399996370077,
      "max": -9.982399996370077,
      "average": -9.982399996370077
    },
    "v1.3.0": {
      "min": 15.72069999948144,
      "max": 15.72069999948144,
      "average": 15.72069999948144
    },
    "v1.2.0": {
      "min": 25.703099995851517,
      "max": 25.703099995851517,
      "average": 25.703099995851517
    }
  }
}