{
  "add": {
    "delta": {
      "min": 0.0014000087976455688,
      "max": -18.642600003629923,
      "average": 0.928491414928902
    },
    "v1.3.0": {
      "min": 0.032600000500679016,
      "max": 141.30140000209212,
      "average": 1.852965995006729
    },
    "v1.2.0": {
      "min": 0.031199991703033447,
      "max": 159.94400000572205,
      "average": 0.924474580077827
    }
  },
  "bulkDocs": {
    "delta": {
      "min": -1278.9977000243962,
      "max": -1278.9977000243962,
      "average": -1278.9977000243962
    },
    "v1.3.0": {
      "min": 7756.808299999684,
      "max": 7756.808299999684,
      "average": 7756.808299999684
    },
    "v1.2.0": {
      "min": 9035.80600002408,
      "max": 9035.80600002408,
      "average": 9035.80600002408
    }
  },
  "saveChanges": {
    "delta": {
      "min": -1262.0584999844432,
      "max": -1262.0584999844432,
      "average": -1262.0584999844432
    },
    "v1.3.0": {
      "min": 7848.5839999988675,
      "max": 7848.5839999988675,
      "average": 7848.5839999988675
    },
    "v1.2.0": {
      "min": 9110.64249998331,
      "max": 9110.64249998331,
      "average": 9110.64249998331
    }
  },
  "all": {
    "delta": {
      "min": -399.4535000100732,
      "max": -399.4535000100732,
      "average": -399.4535000100732
    },
    "v1.3.0": {
      "min": 1858.9739999994636,
      "max": 1858.9739999994636,
      "average": 1858.9739999994636
    },
    "v1.2.0": {
      "min": 2258.4275000095367,
      "max": 2258.4275000095367,
      "average": 2258.4275000095367
    }
  },
  "get": {
    "delta": {
      "min": -24.379099987447262,
      "max": -24.379099987447262,
      "average": -24.379099987447262
    },
    "v1.3.0": {
      "min": 342.2690000012517,
      "max": 342.2690000012517,
      "average": 342.2690000012517
    },
    "v1.2.0": {
      "min": 366.64809998869896,
      "max": 366.64809998869896,
      "average": 366.64809998869896
    }
  }
}