{
  "add": {
    "delta": {
      "min": -0.0012000054121017456,
      "max": -7.5127999894320965,
      "average": -0.014300600349903103
    },
    "v1.3.0": {
      "min": 0.035999998450279236,
      "max": 0.3764999993145466,
      "average": 0.07567229989171029
    },
    "v1.2.0": {
      "min": 0.03720000386238098,
      "max": 7.889299988746643,
      "average": 0.08997290024161339
    }
  },
  "bulkDocs": {
    "delta": {
      "min": -12.861899994313717,
      "max": -112.30629999563098,
      "average": -62.58409999497235
    },
    "v1.3.0": {
      "min": 14.717100001871586,
      "max": 170.36520000174642,
      "average": 92.541150001809
    },
    "v1.2.0": {
      "min": 27.578999996185303,
      "max": 282.6714999973774,
      "average": 155.12524999678135
    }
  },
  "saveChanges": {
    "delta": {
      "min": -13.041199997067451,
      "max": -113.20529997721314,
      "average": -63.1232499871403
    },
    "v1.3.0": {
      "min": 15.3141999989748,
      "max": 171.61730000004172,
      "average": 93.46574999950826
    },
    "v1.2.0": {
      "min": 28.35539999604225,
      "max": 284.82259997725487,
      "average": 156.58899998664856
    }
  },
  "all": {
    "delta": {
      "min": -42.36600000411272,
      "max": -42.36600000411272,
      "average": -42.36600000411272
    },
    "v1.3.0": {
      "min": 83.92729999870062,
      "max": 83.92729999870062,
      "average": 83.92729999870062
    },
    "v1.2.0": {
      "min": 126.29330000281334,
      "max": 126.29330000281334,
      "average": 126.29330000281334
    }
  }
}