{
  "add": {
    "delta": {
      "min": 0.0025000087916851044,
      "max": -0.5526000149548054,
      "average": 0.005384499408304683
    },
    "v1.3.0": {
      "min": 0.03189999982714653,
      "max": 4.013399999588728,
      "average": 0.07154040000587701
    },
    "v1.2.0": {
      "min": 0.029399991035461426,
      "max": 4.566000014543533,
      "average": 0.06615590059757233
    }
  },
  "bulkDocs": {
    "delta": {
      "min": -17.18709997832775,
      "max": -13.585199981927872,
      "average": -15.386149980127811
    },
    "v1.3.0": {
      "min": 14.697300001978874,
      "max": 94.19200000166893,
      "average": 54.4446500018239
    },
    "v1.2.0": {
      "min": 31.884399980306625,
      "max": 107.7771999835968,
      "average": 69.83079998195171
    }
  },
  "saveChanges": {
    "delta": {
      "min": -23.85429998859763,
      "max": -12.546800009906292,
      "average": -18.20054999925196
    },
    "v1.3.0": {
      "min": 31.849300000816584,
      "max": 96.29249999672174,
      "average": 64.07089999876916
    },
    "v1.2.0": {
      "min": 55.703599989414215,
      "max": 108.83930000662804,
      "average": 82.27144999802113
    }
  },
  "all": {
    "delta": {
      "min": -46.66759999841452,
      "max": -46.66759999841452,
      "average": -46.66759999841452
    },
    "v1.3.0": {
      "min": 74.72749999910593,
      "max": 74.72749999910593,
      "average": 74.72749999910593
    },
    "v1.2.0": {
      "min": 121.39509999752045,
      "max": 121.39509999752045,
      "average": 121.39509999752045
    }
  },
  "remove": {
    "delta": {
      "min": -0.3555999994277954,
      "max": -0.3555999994277954,
      "average": -0.3555999994277954
    },
    "v1.3.0": {
      "min": 0.21209999918937683,
      "max": 0.21209999918937683,
      "average": 0.21209999918937683
    },
    "v1.2.0": {
      "min": 0.5676999986171722,
      "max": 0.5676999986171722,
      "average": 0.5676999986171722
    }
  }
}