{
  "add": {
    "delta": {
      "min": 0.003000006079673767,
      "max": -41.54440000653267,
      "average": -0.4557410573679953
    },
    "v1.3.0": {
      "min": 0.03280000388622284,
      "max": 155.02799999713898,
      "average": 0.7971370750162751
    },
    "v1.2.0": {
      "min": 0.029799997806549072,
      "max": 196.57240000367165,
      "average": 1.2528781323842704
    }
  },
  "bulkDocs": {
    "delta": {
      "min": -288.5144999921322,
      "max": -543.3508999794722,
      "average": -415.9326999858022
    },
    "v1.3.0": {
      "min": 837.0101999938488,
      "max": 8649.156900003552,
      "average": 4743.083549998701
    },
    "v1.2.0": {
      "min": 1125.524699985981,
      "max": 9192.507799983025,
      "average": 5159.016249984503
    }
  },
  "saveChanges": {
    "delta": {
      "min": -284.57149997353554,
      "max": -550.460199996829,
      "average": -417.5158499851823
    },
    "v1.3.0": {
      "min": 867.4273000061512,
      "max": 8726.98070000112,
      "average": 4797.204000003636
    },
    "v1.2.0": {
      "min": 1151.9987999796867,
      "max": 9277.44089999795,
      "average": 5214.719849988818
    }
  },
  "all": {
    "delta": {
      "min": -307.588500007987,
      "max": -325.76690001785755,
      "average": -351.84477500990033
    },
    "v1.3.0": {
      "min": 1834.993100002408,
      "max": 2019.0874999910593,
      "average": 1920.0975749976933
    },
    "v1.2.0": {
      "min": 2142.581600010395,
      "max": 2344.854400008917,
      "average": 2271.9423500075936
    }
  }
}