{
  "add": {
    "delta": {
      "min": 0.0028000101447105408,
      "max": -4.289300013333559,
      "average": -0.013603300590068104
    },
    "v1.3.0": {
      "min": 0.03220000118017197,
      "max": 0.2767000012099743,
      "average": 0.052552600007504224
    },
    "v1.2.0": {
      "min": 0.029399991035461426,
      "max": 4.566000014543533,
      "average": 0.06615590059757233
    }
  },
  "bulkDocs": {
    "delta": {
      "min": -18.453199978917837,
      "max": -15.380199983716011,
      "average": -16.916699981316924
    },
    "v1.3.0": {
      "min": 13.431200001388788,
      "max": 92.39699999988079,
      "average": 52.91410000063479
    },
    "v1.2.0": {
      "min": 31.884399980306625,
      "max": 107.7771999835968,
      "average": 69.83079998195171
    }
  },
  "saveChanges": {
    "delta": {
      "min": -27.624299991875887,
      "max": -14.930000007152557,
      "average": -21.277149999514222
    },
    "v1.3.0": {
      "min": 28.079299997538328,
      "max": 93.90929999947548,
      "average": 60.994299998506904
    },
    "v1.2.0": {
      "min": 55.703599989414215,
      "max": 108.83930000662804,
      "average": 82.27144999802113
    }
  },
  "all": {
    "delta": {
      "min": -43.25049999728799,
      "max": -43.25049999728799,
      "average": -43.25049999728799
    },
    "v1.3.0": {
      "min": 78.14460000023246,
      "max": 78.14460000023246,
      "average": 78.14460000023246
    },
    "v1.2.0": {
      "min": 121.39509999752045,
      "max": 121.39509999752045,
      "average": 121.39509999752045
    }
  },
  "remove": {
    "delta": {
      "min": -0.4092999957501888,
      "max": -0.4092999957501888,
      "average": -0.4092999957501888
    },
    "v1.3.0": {
      "min": 0.1584000028669834,
      "max": 0.1584000028669834,
      "average": 0.1584000028669834
    },
    "v1.2.0": {
      "min": 0.5676999986171722,
      "max": 0.5676999986171722,
      "average": 0.5676999986171722
    }
  }
}