{
  "add": {
    "delta": {
      "min": -0.003300011157989502,
      "max": -2.794999986886978,
      "average": -0.027173400178551674
    },
    "v1.3.0": {
      "min": 0.03389999270439148,
      "max": 5.094300001859665,
      "average": 0.06279950006306172
    },
    "v1.2.0": {
      "min": 0.03720000386238098,
      "max": 7.889299988746643,
      "average": 0.08997290024161339
    }
  },
  "bulkDocs": {
    "delta": {
      "min": -13.393799990415573,
      "max": -179.79279999434948,
      "average": -96.59329999238253
    },
    "v1.3.0": {
      "min": 14.18520000576973,
      "max": 102.87870000302792,
      "average": 58.53195000439882
    },
    "v1.2.0": {
      "min": 27.578999996185303,
      "max": 282.6714999973774,
      "average": 155.12524999678135
    }
  },
  "saveChanges": {
    "delta": {
      "min": -13.657299995422363,
      "max": -180.10009998083115,
      "average": -96.87869998812675
    },
    "v1.3.0": {
      "min": 14.698100000619888,
      "max": 104.72249999642372,
      "average": 59.710299998521805
    },
    "v1.2.0": {
      "min": 28.35539999604225,
      "max": 284.82259997725487,
      "average": 156.58899998664856
    }
  },
  "all": {
    "delta": {
      "min": -47.64020000398159,
      "max": -47.64020000398159,
      "average": -47.64020000398159
    },
    "v1.3.0": {
      "min": 78.65309999883175,
      "max": 78.65309999883175,
      "average": 78.65309999883175
    },
    "v1.2.0": {
      "min": 126.29330000281334,
      "max": 126.29330000281334,
      "average": 126.29330000281334
    }
  }
}