{
  "add": {
    "delta": {
      "min": 0.0023000091314315796,
      "max": -16.787599995732307,
      "average": -0.12752278508357706
    },
    "v1.3.0": {
      "min": 0.03350000083446503,
      "max": 143.15640000998974,
      "average": 0.79695179499425
    },
    "v1.2.0": {
      "min": 0.031199991703033447,
      "max": 159.94400000572205,
      "average": 0.924474580077827
    }
  },
  "bulkDocs": {
    "delta": {
      "min": -776.7931000292301,
      "max": -776.7931000292301,
      "average": -776.7931000292301
    },
    "v1.3.0": {
      "min": 8259.01289999485,
      "max": 8259.01289999485,
      "average": 8259.01289999485
    },
    "v1.2.0": {
      "min": 9035.80600002408,
      "max": 9035.80600002408,
      "average": 9035.80600002408
    }
  },
  "saveChanges": {
    "delta": {
      "min": -775.2777999937534,
      "max": -775.2777999937534,
      "average": -775.2777999937534
    },
    "v1.3.0": {
      "min": 8335.364699989557,
      "max": 8335.364699989557,
      "average": 8335.364699989557
    },
    "v1.2.0": {
      "min": 9110.64249998331,
      "max": 9110.64249998331,
      "average": 9110.64249998331
    }
  },
  "all": {
    "delta": {
      "min": -400.93810001015663,
      "max": -400.93810001015663,
      "average": -400.93810001015663
    },
    "v1.3.0": {
      "min": 1857.48939999938,
      "max": 1857.48939999938,
      "average": 1857.48939999938
    },
    "v1.2.0": {
      "min": 2258.4275000095367,
      "max": 2258.4275000095367,
      "average": 2258.4275000095367
    }
  },
  "get": {
    "delta": {
      "min": -50.30639998614788,
      "max": -50.30639998614788,
      "average": -50.30639998614788
    },
    "v1.3.0": {
      "min": 316.3417000025511,
      "max": 316.3417000025511,
      "average": 316.3417000025511
    },
    "v1.2.0": {
      "min": 366.64809998869896,
      "max": 366.64809998869896,
      "average": 366.64809998869896
    }
  }
}