{
  "add": {
    "delta": {
      "min": 0.007900003343820572,
      "max": -38.031800005584955,
      "average": 0.35902077512564134
    },
    "v1.3.0": {
      "min": 0.037700001150369644,
      "max": 158.5405999980867,
      "average": 1.6118989075099117
    },
    "v1.2.0": {
      "min": 0.029799997806549072,
      "max": 196.57240000367165,
      "average": 1.2528781323842704
    }
  },
  "bulkDocs": {
    "delta": {
      "min": -334.98559998720884,
      "max": -1198.680999983102,
      "average": -766.8332999851555
    },
    "v1.3.0": {
      "min": 790.5390999987721,
      "max": 7993.8267999999225,
      "average": 4392.182949999347
    },
    "v1.2.0": {
      "min": 1125.524699985981,
      "max": 9192.507799983025,
      "average": 5159.016249984503
    }
  },
  "saveChanges": {
    "delta": {
      "min": -326.87029998004436,
      "max": -1204.3535999991,
      "average": -765.6119499895722
    },
    "v1.3.0": {
      "min": 825.1284999996424,
      "max": 8073.08729999885,
      "average": 4449.107899999246
    },
    "v1.2.0": {
      "min": 1151.9987999796867,
      "max": 9277.44089999795,
      "average": 5214.719849988818
    }
  },
  "all": {
    "delta": {
      "min": -351.3847000077367,
      "max": -376.7753000110388,
      "average": -398.6256750067696
    },
    "v1.3.0": {
      "min": 1791.1969000026584,
      "max": 1968.079099997878,
      "average": 1873.316675000824
    },
    "v1.2.0": {
      "min": 2142.581600010395,
      "max": 2344.854400008917,
      "average": 2271.9423500075936
    }
  }
}