{
  "add": {
    "min": 0.02969999983906746,
    "max": 136.061299999943,
    "average": 0.04475158750078408
  },
  "bulkDocs": {
    "min": 7568.621999999974,
    "max": 7568.621999999974,
    "average": 7568.621999999974,
    "times": [
      7568.621999999974
    ]
  },
  "saveChanges": {
    "min": 7636.722400000086,
    "max": 7636.722400000086,
    "average": 7636.722400000086,
    "times": [
      7636.722400000086
    ]
  },
  "optimize": {
    "min": 22177.34809999983,
    "max": 22177.34809999983,
    "average": 22177.34809999983,
    "times": [
      22177.34809999983
    ]
  },
  "all": {
    "min": 1850.2595999999903,
    "max": 1850.2595999999903,
    "average": 1850.2595999999903,
    "times": [
      1850.2595999999903
    ]
  }
}