{
  "add": {
    "min": 0.0790999997407198,
    "max": 0.0790999997407198,
    "average": 0.0790999997407198
  },
  "upsert": {
    "min": 10.99970000050962,
    "max": 10.99970000050962,
    "average": 10.99970000050962,
    "times": [
      10.99970000050962
    ]
  },
  "bulkDocs": {
    "min": 14.022700000554323,
    "max": 14.022700000554323,
    "average": 14.022700000554323,
    "times": [
      14.022700000554323
    ]
  },
  "saveChanges": {
    "min": 14.229499999433756,
    "max": 14.229499999433756,
    "average": 14.229499999433756,
    "times": [
      14.229499999433756
    ]
  }
}