{
  "add": {
    "min": 0.09470000001601875,
    "max": 0.09470000001601875,
    "average": 0.09470000001601875
  },
  "bulkDocs": {
    "min": 9.522999999928288,
    "max": 11.458400000003166,
    "average": 10.490699999965727,
    "times": [
      9.522999999928288,
      11.458400000003166
    ]
  },
  "saveChanges": {
    "min": 9.721699999994598,
    "max": 11.681400000001304,
    "average": 10.701549999997951,
    "times": [
      9.721699999994598,
      11.681400000001304
    ]
  },
  "first": {
    "min": 15.964299999992363,
    "max": 15.964299999992363,
    "average": 15.964299999992363,
    "times": [
      15.964299999992363
    ]
  }
}