{
  "link": {
    "min": 29519.135600000154,
    "max": 29519.135600000154,
    "average": 29519.135600000154,
    "times": [
      29519.135600000154
    ]
  },
  "bulkDocs": {
    "min": 234.16589999990538,
    "max": 234.16589999990538,
    "average": 234.16589999990538,
    "times": [
      234.16589999990538
    ]
  },
  "saveChanges": {
    "min": 241.73680000007153,
    "max": 241.73680000007153,
    "average": 241.73680000007153,
    "times": [
      241.73680000007153
    ]
  }
}