{
  "add": {
    "min": 0.02839999971911311,
    "max": 4.797600000165403,
    "average": 0.045239499998744576
  },
  "bulkDocs": {
    "min": 105.46510000014678,
    "max": 105.46510000014678,
    "average": 105.46510000014678,
    "times": [
      105.46510000014678
    ]
  },
  "saveChanges": {
    "min": 107.11890000011772,
    "max": 107.11890000011772,
    "average": 107.11890000011772,
    "times": [
      107.11890000011772
    ]
  },
  "optimize": {
    "min": 574.9783000000753,
    "max": 574.9783000000753,
    "average": 574.9783000000753,
    "times": [
      574.9783000000753
    ]
  },
  "all": {
    "min": 75.70830000005662,
    "max": 75.70830000005662,
    "average": 75.70830000005662,
    "times": [
      75.70830000005662
    ]
  }
}