{
  "add": {
    "min": 0.02729999995790422,
    "max": 0.519399999990128,
    "average": 0.037261600000434554
  },
  "bulkDocs": {
    "min": 13.26120000006631,
    "max": 100.74080000002868,
    "average": 57.0010000000475,
    "times": [
      100.74080000002868,
      13.26120000006631
    ]
  },
  "saveChanges": {
    "min": 13.91059999994468,
    "max": 102.17540000006557,
    "average": 58.04300000000512,
    "times": [
      102.17540000006557,
      13.91059999994468
    ]
  },
  "optimize": {
    "min": 510.9738999999827,
    "max": 510.9738999999827,
    "average": 510.9738999999827,
    "times": [
      510.9738999999827
    ]
  }
}