{
  "add": {
    "min": 0.028700000140815973,
    "max": 4.022899999981746,
    "average": 0.03876470000273548
  },
  "bulkDocs": {
    "min": 94.33849999983795,
    "max": 94.33849999983795,
    "average": 94.33849999983795,
    "times": [
      94.33849999983795
    ]
  },
  "saveChanges": {
    "min": 96.5922000000719,
    "max": 96.5922000000719,
    "average": 96.5922000000719,
    "times": [
      96.5922000000719
    ]
  },
  "optimize": {
    "min": 594.6069999998435,
    "max": 594.6069999998435,
    "average": 594.6069999998435,
    "times": [
      594.6069999998435
    ]
  },
  "all": {
    "min": 71.86750000016764,
    "max": 71.86750000016764,
    "average": 71.86750000016764,
    "times": [
      71.86750000016764
    ]
  }
}