{
  "add": {
    "min": 0.2584999999962747,
    "max": 0.2584999999962747,
    "average": 0.2584999999962747
  },
  "bulkDocs": {
    "min": 8.826000000000931,
    "max": 13.328900000080466,
    "average": 11.077450000040699,
    "times": [
      8.826000000000931,
      13.328900000080466
    ]
  },
  "saveChanges": {
    "min": 8.997099999920465,
    "max": 13.511999999987893,
    "average": 11.254549999954179,
    "times": [
      8.997099999920465,
      13.511999999987893
    ]
  },
  "remove": {
    "min": 0.2637000000104308,
    "max": 0.2637000000104308,
    "average": 0.2637000000104308
  }
}