{
  "link": {
    "min": 13.087499991059303,
    "max": 13.087499991059303,
    "average": 13.087499991059303,
    "times": [
      13.087499991059303
    ]
  },
  "bulkDocs": {
    "min": 13.344700008630753,
    "max": 13.344700008630753,
    "average": 13.344700008630753,
    "times": [
      13.344700008630753
    ]
  },
  "saveChanges": {
    "min": 13.56190000474453,
    "max": 13.56190000474453,
    "average": 13.56190000474453,
    "times": [
      13.56190000474453
    ]
  }
}