{
  "add": {
    "min": 0.2395000000251457,
    "max": 0.2395000000251457,
    "average": 0.2395000000251457
  },
  "bulkDocs": {
    "min": 10.225199999986216,
    "max": 10.225199999986216,
    "average": 10.225199999986216,
    "times": [
      10.225199999986216
    ]
  },
  "saveChanges": {
    "min": 10.42629999993369,
    "max": 10.42629999993369,
    "average": 10.42629999993369,
    "times": [
      10.42629999993369
    ]
  }
}