{
  "add": {
    "min": 0.028300000121816993,
    "max": 138.48440000019036,
    "average": 0.04182655750028207
  },
  "bulkDocs": {
    "min": 7592.350899999961,
    "max": 7592.350899999961,
    "average": 7592.350899999961,
    "times": [
      7592.350899999961
    ]
  },
  "saveChanges": {
    "min": 7678.871799999848,
    "max": 7678.871799999848,
    "average": 7678.871799999848,
    "times": [
      7678.871799999848
    ]
  },
  "optimize": {
    "min": 21848.396899999818,
    "max": 21848.396899999818,
    "average": 21848.396899999818,
    "times": [
      21848.396899999818
    ]
  },
  "all": {
    "min": 1704.034500000067,
    "max": 1704.034500000067,
    "average": 1704.034500000067,
    "times": [
      1704.034500000067
    ]
  },
  "get": {
    "min": 301.3326000000816,
    "max": 301.3326000000816,
    "average": 301.3326000000816,
    "times": [
      301.3326000000816
    ]
  }
}