{
  "add": {
    "min": 0.030100000090897083,
    "max": 0.12669999990612268,
    "average": 0.034463499999721536
  },
  "bulkDocs": {
    "min": 14.649500000057742,
    "max": 106.43879999988712,
    "average": 60.54414999997243,
    "times": [
      106.43879999988712,
      14.649500000057742
    ]
  },
  "saveChanges": {
    "min": 15.511799999978393,
    "max": 110.09139999991748,
    "average": 62.80159999994794,
    "times": [
      110.09139999991748,
      15.511799999978393
    ]
  },
  "optimize": {
    "min": 578.4663999999175,
    "max": 578.4663999999175,
    "average": 578.4663999999175,
    "times": [
      578.4663999999175
    ]
  },
  "all": {
    "min": 72.77139999996871,
    "max": 72.77139999996871,
    "average": 72.77139999996871,
    "times": [
      72.77139999996871
    ]
  },
  "remove": {
    "min": 0.16099999996367842,
    "max": 0.16099999996367842,
    "average": 0.16099999996367842
  }
}