{
  "add": {
    "min": 0.023599999956786633,
    "max": 7.463300000061281,
    "average": 0.03787640500010166
  },
  "bulkDocs": {
    "min": 17.507199999992736,
    "max": 7766.397200000007,
    "average": 3891.9521999999997,
    "times": [
      7766.397200000007,
      17.507199999992736
    ]
  },
  "saveChanges": {
    "min": 44.55229999998119,
    "max": 7880.286800000002,
    "average": 3962.4195499999914,
    "times": [
      7880.286800000002,
      44.55229999998119
    ]
  },
  "optimize": {
    "min": 22747.578800000018,
    "max": 22747.578800000018,
    "average": 22747.578800000018,
    "times": [
      22747.578800000018
    ]
  }
}