{
  "add": {
    "min": 0.028600000077858567,
    "max": 0.14960000000428408,
    "average": 0.03452209999901243
  },
  "bulkDocs": {
    "min": 13.909400000004098,
    "max": 90.3230999999214,
    "average": 52.11624999996275,
    "times": [
      90.3230999999214,
      13.909400000004098
    ]
  },
  "saveChanges": {
    "min": 30.13840000005439,
    "max": 91.78049999999348,
    "average": 60.959450000023935,
    "times": [
      91.78049999999348,
      30.13840000005439
    ]
  },
  "optimize": {
    "min": 548.3957999999402,
    "max": 548.3957999999402,
    "average": 548.3957999999402,
    "times": [
      548.3957999999402
    ]
  },
  "all": {
    "min": 71.24320000002626,
    "max": 71.24320000002626,
    "average": 71.24320000002626,
    "times": [
      71.24320000002626
    ]
  },
  "remove": {
    "min": 0.14439999999012798,
    "max": 0.14439999999012798,
    "average": 0.14439999999012798
  }
}