{
  "add": {
    "min": 0.028000000049360096,
    "max": 0.5285999999614432,
    "average": 0.0320322999979835
  },
  "bulkDocs": {
    "min": 15.463899999973364,
    "max": 105.2717999999877,
    "average": 60.367849999980535,
    "times": [
      105.2717999999877,
      15.463899999973364
    ]
  },
  "saveChanges": {
    "min": 16.086099999956787,
    "max": 106.81030000001192,
    "average": 61.448199999984354,
    "times": [
      106.81030000001192,
      16.086099999956787
    ]
  },
  "optimize": {
    "min": 539.3691000000108,
    "max": 539.3691000000108,
    "average": 539.3691000000108,
    "times": [
      539.3691000000108
    ]
  },
  "all": {
    "min": 73.45519999996759,
    "max": 73.45519999996759,
    "average": 73.45519999996759,
    "times": [
      73.45519999996759
    ]
  }
}