{
  "add": {
    "min": 0.027000000001862645,
    "max": 152.2221000000136,
    "average": 0.045089752499581665
  },
  "bulkDocs": {
    "min": 758.1650000000373,
    "max": 7466.893299999996,
    "average": 4112.529150000017,
    "times": [
      7466.893299999996,
      758.1650000000373
    ]
  },
  "saveChanges": {
    "min": 783.4960000000428,
    "max": 7549.304400000023,
    "average": 4166.400200000033,
    "times": [
      7549.304400000023,
      783.4960000000428
    ]
  },
  "optimize": {
    "min": 22363.769900000072,
    "max": 22363.769900000072,
    "average": 22363.769900000072,
    "times": [
      22363.769900000072
    ]
  },
  "all": {
    "min": 1686.340599999996,
    "max": 1935.6181000000797,
    "average": 1798.1554749999777,
    "times": [
      1835.5738999999594,
      1686.340599999996,
      1935.6181000000797,
      1735.089299999876
    ]
  }
}