{
  "add": {
    "min": 0.22080000001005828,
    "max": 0.22080000001005828,
    "average": 0.22080000001005828
  },
  "bulkDocs": {
    "min": 9.801699999952689,
    "max": 12.774300000048243,
    "average": 11.288000000000466,
    "times": [
      9.801699999952689,
      12.774300000048243
    ]
  },
  "saveChanges": {
    "min": 12.734800000092946,
    "max": 26.351000000024214,
    "average": 19.54290000005858,
    "times": [
      12.734800000092946,
      26.351000000024214
    ]
  },
  "remove": {
    "min": 0.20380000001750886,
    "max": 0.20380000001750886,
    "average": 0.20380000001750886
  }
}