{
  "link": {
    "min": 21.570100009441376,
    "max": 21.570100009441376,
    "average": 21.570100009441376,
    "times": [
      21.570100009441376
    ]
  },
  "bulkDocs": {
    "min": 20.863499999046326,
    "max": 20.863499999046326,
    "average": 20.863499999046326,
    "times": [
      20.863499999046326
    ]
  },
  "saveChanges": {
    "min": 21.126900002360344,
    "max": 21.126900002360344,
    "average": 21.126900002360344,
    "times": [
      21.126900002360344
    ]
  }
}