{
  "add": {
    "min": 0.028399999951943755,
    "max": 3.4553000000305474,
    "average": 0.03749919999879785
  },
  "bulkDocs": {
    "min": 94.71390000008978,
    "max": 94.71390000008978,
    "average": 94.71390000008978,
    "times": [
      94.71390000008978
    ]
  },
  "saveChanges": {
    "min": 96.84979999996722,
    "max": 96.84979999996722,
    "average": 96.84979999996722,
    "times": [
      96.84979999996722
    ]
  },
  "optimize": {
    "min": 560.7053000000305,
    "max": 560.7053000000305,
    "average": 560.7053000000305,
    "times": [
      560.7053000000305
    ]
  },
  "all": {
    "min": 73.3300000000745,
    "max": 73.3300000000745,
    "average": 73.3300000000745,
    "times": [
      73.3300000000745
    ]
  },
  "get": {
    "min": 26.567700000014156,
    "max": 26.567700000014156,
    "average": 26.567700000014156,
    "times": [
      26.567700000014156
    ]
  }
}