{
  "add": {
    "min": 0.029200000106357038,
    "max": 130.15020000003278,
    "average": 0.0413154874997912
  },
  "bulkDocs": {
    "min": 739.9216000000015,
    "max": 7346.869700000039,
    "average": 4043.3956500000204,
    "times": [
      7346.869700000039,
      739.9216000000015
    ]
  },
  "saveChanges": {
    "min": 761.9037999999709,
    "max": 7436.697900000028,
    "average": 4099.30085,
    "times": [
      7436.697900000028,
      761.9037999999709
    ]
  },
  "optimize": {
    "min": 21896.14399999997,
    "max": 21896.14399999997,
    "average": 21896.14399999997,
    "times": [
      21896.14399999997
    ]
  },
  "all": {
    "min": 1732.1554999999935,
    "max": 1869.1845000000903,
    "average": 1795.6126250000088,
    "times": [
      1734.8626999999397,
      1846.247800000012,
      1732.1554999999935,
      1869.1845000000903
    ]
  },
  "remove": {
    "min": 142.16189999994822,
    "max": 945.2823999999091,
    "average": 547.1538499999733
  },
  "empty": {
    "min": 1877.1683000000194,
    "max": 2814.5104000000283,
    "average": 2342.8369500000263,
    "times": [
      1877.1683000000194,
      2249.315900000045,
      2430.3532000000123,
      2814.5104000000283
    ]
  }
}