{
  "add": {
    "min": 0.028400000068359077,
    "max": 153.12730000005104,
    "average": 0.04162666999996582
  },
  "bulkDocs": {
    "min": 745.9947000000393,
    "max": 7454.6267000000225,
    "average": 4100.310700000031,
    "times": [
      7454.6267000000225,
      745.9947000000393
    ]
  },
  "saveChanges": {
    "min": 1893.9801999999909,
    "max": 7529.120600000024,
    "average": 4711.550400000007,
    "times": [
      7529.120600000024,
      1893.9801999999909
    ]
  },
  "optimize": {
    "min": 22027.719700000016,
    "max": 22027.719700000016,
    "average": 22027.719700000016,
    "times": [
      22027.719700000016
    ]
  },
  "all": {
    "min": 1722.7413999999408,
    "max": 1887.6001999999862,
    "average": 1794.8784500000183,
    "times": [
      1727.8794000000926,
      1841.2928000000538,
      1722.7413999999408,
      1887.6001999999862
    ]
  },
  "remove": {
    "min": 31.457600000081584,
    "max": 175.34889999998268,
    "average": 103.23110000003362
  }
}