{
  "add": {
    "min": 0.030599981546401978,
    "max": 3.8488999903202057,
    "average": 0.05553970032930374
  },
  "bulkDocs": {
    "min": 38.06879997253418,
    "max": 99.08550000190735,
    "average": 68.57714998722076
  },
  "saveChanges": {
    "min": 42.87009999155998,
    "max": 100.60580000281334,
    "average": 71.73794999718666
  },
  "generateDocumentTypeIndex": {
    "min": 622.6967000067234,
    "max": 622.6967000067234,
    "average": 622.6967000067234
  },
  "all": {
    "min": 77.04129999876022,
    "max": 86.40270000696182,
    "average": 81.59572499990463
  },
  "remove": {
    "min": 0.47189998626708984,
    "max": 2.1727000176906586,
    "average": 1.1336750015616417
  },
  "empty": {
    "min": 77.78360000252724,
    "max": 88.6124999821186,
    "average": 82.78720000386238
  }
}