{
  "add": {
    "min": 0.034699976444244385,
    "max": 4.358700007200241,
    "average": 0.05929099994897842
  },
  "bulkDocs": {
    "min": 24.174800008535385,
    "max": 111.91759997606277,
    "average": 68.04619999229908
  },
  "saveChanges": {
    "min": 24.655000001192093,
    "max": 113.48160001635551,
    "average": 69.0683000087738
  },
  "createDocumentTypeIndex": {
    "min": 773.0473999977112,
    "max": 773.0473999977112,
    "average": 773.0473999977112
  },
  "all": {
    "min": 113.7030000090599,
    "max": 113.7030000090599,
    "average": 113.7030000090599
  }
}