{
  "add": {
    "min": 0.029699981212615967,
    "max": 4.376399993896484,
    "average": 0.05929700031876564
  },
  "bulkDocs": {
    "min": 148.46690002083778,
    "max": 148.46690002083778,
    "average": 148.46690002083778
  },
  "saveChanges": {
    "min": 156.77689999341965,
    "max": 156.77689999341965,
    "average": 156.77689999341965
  },
  "generateDocumentTypeIndex": {
    "min": 768.9569000005722,
    "max": 768.9569000005722,
    "average": 768.9569000005722
  },
  "all": {
    "min": 86.78769999742508,
    "max": 86.78769999742508,
    "average": 86.78769999742508
  },
  "get": {
    "min": 26.90540000796318,
    "max": 26.90540000796318,
    "average": 26.90540000796318
  }
}