{
  "add": {
    "min": 0.2661000192165375,
    "max": 0.2661000192165375,
    "average": 0.2661000192165375
  },
  "bulkDocs": {
    "min": 10.232100009918213,
    "max": 19.817299991846085,
    "average": 15.024700000882149
  },
  "saveChanges": {
    "min": 10.438400000333786,
    "max": 36.8899000287056,
    "average": 23.66415001451969
  },
  "remove": {
    "min": 0.1721000075340271,
    "max": 0.1721000075340271,
    "average": 0.1721000075340271
  }
}