{
  "add": {
    "min": 0.21660000085830688,
    "max": 0.21660000085830688,
    "average": 0.21660000085830688
  },
  "bulkDocs": {
    "min": 11.241200000047684,
    "max": 13.447200000286102,
    "average": 12.344200000166893
  },
  "saveChanges": {
    "min": 11.506900012493134,
    "max": 13.641300022602081,
    "average": 12.574100017547607
  },
  "remove": {
    "min": 0.2304999828338623,
    "max": 0.2304999828338623,
    "average": 0.2304999828338623
  }
}