{
  "add": {
    "min": 0.20640000700950623,
    "max": 0.20640000700950623,
    "average": 0.20640000700950623
  },
  "bulkDocs": {
    "min": 21.78150001168251,
    "max": 21.78150001168251,
    "average": 21.78150001168251
  },
  "saveChanges": {
    "min": 22.033999979496002,
    "max": 22.033999979496002,
    "average": 22.033999979496002
  }
}