{
  "add": {
    "min": 0.03020000457763672,
    "max": 0.23899999260902405,
    "average": 0.054472200453281404
  },
  "bulkDocs": {
    "min": 15.874300003051758,
    "max": 92.34810000658035,
    "average": 54.111200004816055
  },
  "saveChanges": {
    "min": 16.610100001096725,
    "max": 93.86210000514984,
    "average": 55.23610000312328
  },
  "generateDocumentTypeIndex": {
    "min": 759.0900000035763,
    "max": 759.0900000035763,
    "average": 759.0900000035763
  },
  "all": {
    "min": 76.65829998254776,
    "max": 76.65829998254776,
    "average": 76.65829998254776
  }
}