{
  "add": {
    "min": 0.029499977827072144,
    "max": 133.2538999915123,
    "average": 1.093153989942372
  },
  "bulkDocs": {
    "min": 7982.860500007868,
    "max": 7982.860500007868,
    "average": 7982.860500007868
  },
  "saveChanges": {
    "min": 8057.1482999920845,
    "max": 8057.1482999920845,
    "average": 8057.1482999920845
  },
  "generateDocumentTypeIndex": {
    "min": 24868.78100001812,
    "max": 24868.78100001812,
    "average": 24868.78100001812
  },
  "all": {
    "min": 1921.2439999878407,
    "max": 1921.2439999878407,
    "average": 1921.2439999878407
  }
}