{
  "add": {
    "min": 0.02989998459815979,
    "max": 4.496899992227554,
    "average": 0.0678502002954483
  },
  "bulkDocs": {
    "min": 16.352700024843216,
    "max": 94.27450001239777,
    "average": 55.31360001862049
  },
  "saveChanges": {
    "min": 33.589800000190735,
    "max": 95.64689999818802,
    "average": 64.61834999918938
  },
  "generateDocumentTypeIndex": {
    "min": 680.2055000066757,
    "max": 680.2055000066757,
    "average": 680.2055000066757
  },
  "all": {
    "min": 86.80519998073578,
    "max": 86.80519998073578,
    "average": 86.80519998073578
  },
  "remove": {
    "min": 0.2362000048160553,
    "max": 0.2362000048160553,
    "average": 0.2362000048160553
  }
}