{
  "add": {
    "min": 0.03139999508857727,
    "max": 183.25930002331734,
    "average": 1.283025197505951
  },
  "bulkDocs": {
    "min": 940.1396999955177,
    "max": 9098.184699982405,
    "average": 5019.162199988961
  },
  "saveChanges": {
    "min": 9175.378600001335,
    "max": 9184.055099993944,
    "average": 9179.71684999764
  },
  "createDocumentTypeIndex": {
    "min": 27318.889699995518,
    "max": 27318.889699995518,
    "average": 27318.889699995518
  },
  "all": {
    "min": 2107.104299992323,
    "max": 2275.277200013399,
    "average": 2216.5065999999642
  },
  "remove": {
    "min": 20.141499996185303,
    "max": 41.540700018405914,
    "average": 31.79780000448227
  }
}