{
  "add": {
    "min": 0.08889999985694885,
    "max": 0.08889999985694885,
    "average": 0.08889999985694885
  },
  "bulkDocs": {
    "min": 18.86489999294281,
    "max": 21.085900008678436,
    "average": 19.975400000810623
  },
  "saveChanges": {
    "min": 19.02520000934601,
    "max": 44.934300005435944,
    "average": 31.979750007390976
  },
  "remove": {
    "min": 0.18689998984336853,
    "max": 0.18689998984336853,
    "average": 0.18689998984336853
  }
}