{
  "add": {
    "min": 0.032499998807907104,
    "max": 8.802599996328354,
    "average": 0.4959169891441019
  },
  "reinitialize": {
    "min": 0.7110999971628189,
    "max": 6.750799998641014,
    "average": 3.7309499979019165
  },
  "saveChanges": {
    "min": 38.370899990200996,
    "max": 2894.267499998212,
    "average": 1466.3191999942064
  },
  "createDocumentTypeIndex": {
    "min": 12645.859899997711,
    "max": 12645.859899997711,
    "average": 12645.859899997711
  },
  "all": {
    "min": 1177.6803999990225,
    "max": 1209.1772000044584,
    "average": 1193.4288000017405
  },
  "allDocs": {
    "min": 3599.7630999982357,
    "max": 3599.7630999982357,
    "average": 3599.7630999982357
  },
  "remove": {
    "min": 0.2645000070333481,
    "max": 0.537200003862381,
    "average": 0.40085000544786453
  }
}