{
  "add": {
    "min": 0.03139999508857727,
    "max": 156.84119999408722,
    "average": 1.0026548575021326
  },
  "bulkDocs": {
    "min": 876.7858999967575,
    "max": 8649.051999986172,
    "average": 4762.918949991465
  },
  "saveChanges": {
    "min": 900.8959999978542,
    "max": 8731.375099986792,
    "average": 4816.135549992323
  },
  "createDocumentTypeIndex": {
    "min": 27066.060799986124,
    "max": 27066.060799986124,
    "average": 27066.060799986124
  },
  "all": {
    "min": 2145.421199977398,
    "max": 2325.117699980736,
    "average": 2211.1382999941707
  }
}