{
  "add": {
    "min": 0.12189999222755432,
    "max": 0.12189999222755432,
    "average": 0.12189999222755432
  },
  "bulkDocs": {
    "min": 14.583600014448166,
    "max": 20.049400001764297,
    "average": 17.31650000810623
  },
  "saveChanges": {
    "min": 14.870700001716614,
    "max": 20.3163999915123,
    "average": 17.593549996614456
  },
  "first": {
    "min": 24.551400005817413,
    "max": 24.551400005817413,
    "average": 24.551400005817413
  }
}