{
  "add": {
    "min": 0.02950000762939453,
    "max": 2.8991000056266785,
    "average": 0.05483479982614517
  },
  "bulkDocs": {
    "min": 35.08830001950264,
    "max": 95.19979998469353,
    "average": 65.14405000209808
  },
  "saveChanges": {
    "min": 78.674899995327,
    "max": 97.10119998455048,
    "average": 87.88804998993874
  },
  "generateDocumentTypeIndex": {
    "min": 665.1256999969482,
    "max": 665.1256999969482,
    "average": 665.1256999969482
  },
  "all": {
    "min": 74.45780000090599,
    "max": 85.71989998221397,
    "average": 81.1288499981165
  },
  "remove": {
    "min": 0.4602000117301941,
    "max": 0.7239999771118164,
    "average": 0.5820999965071678
  }
}