{
  "add": {
    "min": 0.02619999647140503,
    "max": 16.24229997396469,
    "average": 1.378133525095135
  },
  "bulkDocs": {
    "min": 27.20899999141693,
    "max": 11171.511500000954,
    "average": 5599.360249996185
  },
  "saveChanges": {
    "min": 47.0276999771595,
    "max": 11311.871700018644,
    "average": 5679.449699997902
  },
  "createDocumentTypeIndex": {
    "min": 28482.47040000558,
    "max": 28482.47040000558,
    "average": 28482.47040000558
  }
}