{
  "add": {
    "min": 0.037099987268447876,
    "max": 0.7901000082492828,
    "average": 0.0654068001806736
  },
  "bulkDocs": {
    "min": 33.066899985075,
    "max": 117.78410002589226,
    "average": 75.42550000548363
  },
  "saveChanges": {
    "min": 34.298099994659424,
    "max": 120.81859999895096,
    "average": 77.55834999680519
  },
  "createDocumentTypeIndex": {
    "min": 716.7293000221252,
    "max": 716.7293000221252,
    "average": 716.7293000221252
  }
}