{
  "add": {
    "min": 0.035800009965896606,
    "max": 160.45890000462532,
    "average": 0.9801154650770127
  },
  "bulkDocs": {
    "min": 9467.088099986315,
    "max": 9467.088099986315,
    "average": 9467.088099986315
  },
  "saveChanges": {
    "min": 9531.381500005722,
    "max": 9531.381500005722,
    "average": 9531.381500005722
  },
  "createDocumentTypeIndex": {
    "min": 29850.958999991417,
    "max": 29850.958999991417,
    "average": 29850.958999991417
  },
  "all": {
    "min": 2276.167300015688,
    "max": 2276.167300015688,
    "average": 2276.167300015688
  }
}