{
  "add": {
    "min": 0.029799997806549072,
    "max": 0.1135999858379364,
    "average": 0.038299499303102495
  },
  "bulkDocs": {
    "min": 31.32710000872612,
    "max": 31.32710000872612,
    "average": 31.32710000872612
  },
  "saveChanges": {
    "min": 31.77070000767708,
    "max": 31.77070000767708,
    "average": 31.77070000767708
  },
  "generateDocumentTypeIndex": {
    "min": 148.0087000131607,
    "max": 148.0087000131607,
    "average": 148.0087000131607
  },
  "all": {
    "min": 38.92789998650551,
    "max": 38.92789998650551,
    "average": 38.92789998650551
  }
}