{
  "add": {
    "min": 0.031899988651275635,
    "max": 0.11599999666213989,
    "average": 0.04120899856090546
  },
  "bulkDocs": {
    "min": 15.891000002622604,
    "max": 24.373600006103516,
    "average": 20.13230000436306
  },
  "saveChanges": {
    "min": 16.17460000514984,
    "max": 24.66269999742508,
    "average": 20.41865000128746
  },
  "generateDocumentTypeIndex": {
    "min": 78.95430001616478,
    "max": 78.95430001616478,
    "average": 78.95430001616478
  }
}