{
  "add": {
    "min": 0.03049999475479126,
    "max": 4.955099999904633,
    "average": 0.07521250036358833
  },
  "bulkDocs": {
    "min": 126.83169999718666,
    "max": 126.83169999718666,
    "average": 126.83169999718666
  },
  "saveChanges": {
    "min": 130.63890001177788,
    "max": 130.63890001177788,
    "average": 130.63890001177788
  },
  "createDocumentTypeIndex": {
    "min": 1067.8939000070095,
    "max": 1067.8939000070095,
    "average": 1067.8939000070095
  },
  "all": {
    "min": 122.27419999241829,
    "max": 122.27419999241829,
    "average": 122.27419999241829
  },
  "get": {
    "min": 37.73649999499321,
    "max": 37.73649999499321,
    "average": 37.73649999499321
  }
}