{
  "add": {
    "min": 0.029399991035461426,
    "max": 0.31120002269744873,
    "average": 0.054289300143718716
  },
  "bulkDocs": {
    "min": 105.95850002765656,
    "max": 105.95850002765656,
    "average": 105.95850002765656
  },
  "saveChanges": {
    "min": 107.183100014925,
    "max": 107.183100014925,
    "average": 107.183100014925
  },
  "createDocumentTypeIndex": {
    "min": 757.2055000066757,
    "max": 757.2055000066757,
    "average": 757.2055000066757
  },
  "all": {
    "min": 133.76140001416206,
    "max": 133.76140001416206,
    "average": 133.76140001416206
  }
}