{
  "attach": {
    "min": 8.923800021409988,
    "max": 8.923800021409988,
    "average": 8.923800021409988
  },
  "bulkDocs": {
    "min": 111.30189999938011,
    "max": 111.30189999938011,
    "average": 111.30189999938011
  },
  "saveChanges": {
    "min": 112.76150000095367,
    "max": 112.76150000095367,
    "average": 112.76150000095367
  }
}