{
  "add": {
    "min": 0.03049999475479126,
    "max": 3.0138999819755554,
    "average": 0.06114629924297333
  },
  "bulkDocs": {
    "min": 23.816199988126755,
    "max": 101.73420000076294,
    "average": 62.77519999444485
  },
  "saveChanges": {
    "min": 55.04910001158714,
    "max": 102.99989998340607,
    "average": 79.0244999974966
  },
  "createDocumentTypeIndex": {
    "min": 704.9503000080585,
    "max": 704.9503000080585,
    "average": 704.9503000080585
  },
  "all": {
    "min": 118.11429998278618,
    "max": 118.11429998278618,
    "average": 118.11429998278618
  },
  "remove": {
    "min": 0.16040000319480896,
    "max": 0.16040000319480896,
    "average": 0.16040000319480896
  }
}