{
  "add": {
    "min": 0.06309998035430908,
    "max": 0.5640999972820282,
    "average": 0.10400770017504692
  },
  "bulkDocs": {
    "min": 24.967700004577637,
    "max": 24.97920000553131,
    "average": 24.973450005054474
  },
  "reinitialize": {
    "min": 0.07049998641014099,
    "max": 0.07049998641014099,
    "average": 0.07049998641014099
  },
  "saveChanges": {
    "min": 975.4300999939442,
    "max": 975.4300999939442,
    "average": 975.4300999939442
  },
  "createDocumentTypeIndex": {
    "min": 873.1718000173569,
    "max": 873.1718000173569,
    "average": 873.1718000173569
  },
  "all": {
    "min": 49.228300005197525,
    "max": 49.228300005197525,
    "average": 49.228300005197525
  }
}