{
  "add": {
    "min": 0.03130000829696655,
    "max": 3.3888999819755554,
    "average": 0.05706200021505356
  },
  "bulkDocs": {
    "min": 16.01570001244545,
    "max": 102.82600000500679,
    "average": 59.42085000872612
  },
  "saveChanges": {
    "min": 16.703199982643127,
    "max": 104.18780001997948,
    "average": 60.4455000013113
  },
  "generateDocumentTypeIndex": {
    "min": 757.5834000110626,
    "max": 757.5834000110626,
    "average": 757.5834000110626
  },
  "all": {
    "min": 78.93900001049042,
    "max": 78.93900001049042,
    "average": 78.93900001049042
  },
  "remove": {
    "min": 0.2004999816417694,
    "max": 0.2004999816417694,
    "average": 0.2004999816417694
  }
}