{
  "add": {
    "min": 0.029100000858306885,
    "max": 166.89120000600815,
    "average": 1.2120371849261224
  },
  "bulkDocs": {
    "min": 8059.8231999874115,
    "max": 8059.8231999874115,
    "average": 8059.8231999874115
  },
  "saveChanges": {
    "min": 8130.385899990797,
    "max": 8130.385899990797,
    "average": 8130.385899990797
  },
  "generateDocumentTypeIndex": {
    "min": 25090.417199999094,
    "max": 25090.417199999094,
    "average": 25090.417199999094
  },
  "all": {
    "min": 2001.7026000022888,
    "max": 2001.7026000022888,
    "average": 2001.7026000022888
  },
  "get": {
    "min": 321.9995999932289,
    "max": 321.9995999932289,
    "average": 321.9995999932289
  }
}