{
  "add": {
    "min": 0.3006000220775604,
    "max": 0.3006000220775604,
    "average": 0.3006000220775604
  },
  "bulkDocs": {
    "min": 20.068500012159348,
    "max": 20.068500012159348,
    "average": 20.068500012159348
  },
  "saveChanges": {
    "min": 20.35809999704361,
    "max": 20.35809999704361,
    "average": 20.35809999704361
  }
}