{
  "add": {
    "min": 0.08649998903274536,
    "max": 0.08649998903274536,
    "average": 0.08649998903274536
  },
  "bulkDocs": {
    "min": 11.042899996042252,
    "max": 11.05469998717308,
    "average": 11.048799991607666
  },
  "saveChanges": {
    "min": 11.201499998569489,
    "max": 11.223999977111816,
    "average": 11.212749987840652
  },
  "first": {
    "min": 14.886099994182587,
    "max": 14.886099994182587,
    "average": 14.886099994182587
  }
}