{
  "add": {
    "min": 0.030600011348724365,
    "max": 2.684299975633621,
    "average": 0.05564950031042099
  },
  "bulkDocs": {
    "min": 32.88410001993179,
    "max": 91.0882000029087,
    "average": 61.98615001142025
  },
  "saveChanges": {
    "min": 33.57049998641014,
    "max": 92.87310001254082,
    "average": 63.22179999947548
  },
  "generateDocumentTypeIndex": {
    "min": 626.3100000023842,
    "max": 626.3100000023842,
    "average": 626.3100000023842
  },
  "all": {
    "min": 74.68250000476837,
    "max": 84.00450000166893,
    "average": 80.73747500777245
  }
}