{
  "add": {
    "min": 0.0559999942779541,
    "max": 184.63449999690056,
    "average": 0.10521818249449134
  },
  "bulkDocs": {
    "min": 1.8540000021457672,
    "max": 2.3684000074863434,
    "average": 2.1083000004291534
  },
  "reinitialize": {
    "min": 2.882400006055832,
    "max": 6410.349600017071,
    "average": 3206.6160000115633
  },
  "saveChanges": {
    "min": 14623.432300001383,
    "max": 33722.749899983406,
    "average": 24173.091099992394
  },
  "createDocumentTypeIndex": {
    "min": 32151.830000013113,
    "max": 32151.830000013113,
    "average": 32151.830000013113
  },
  "all": {
    "min": 2139.2585999965668,
    "max": 2614.5449000000954,
    "average": 2333.475924998522
  },
  "remove": {
    "min": 20.800799995660782,
    "max": 80.5435999929905,
    "average": 49.17300000041723
  }
}