{
  "add": {
    "min": 0.02950000762939453,
    "max": 0.2971999943256378,
    "average": 0.05632089987397194
  },
  "bulkDocs": {
    "min": 175.56410002708435,
    "max": 175.56410002708435,
    "average": 175.56410002708435
  },
  "saveChanges": {
    "min": 178.1099000275135,
    "max": 178.1099000275135,
    "average": 178.1099000275135
  },
  "createDocumentTypeIndex": {
    "min": 827.1850000023842,
    "max": 827.1850000023842,
    "average": 827.1850000023842
  },
  "all": {
    "min": 160.58460000157356,
    "max": 160.58460000157356,
    "average": 160.58460000157356
  }
}