{
  "add": {
    "min": 0.02890002727508545,
    "max": 161.59270000457764,
    "average": 0.997522782433778
  },
  "bulkDocs": {
    "min": 10433.882099986076,
    "max": 10433.882099986076,
    "average": 10433.882099986076
  },
  "saveChanges": {
    "min": 10514.721899986267,
    "max": 10514.721899986267,
    "average": 10514.721899986267
  },
  "createDocumentTypeIndex": {
    "min": 32262.050500005484,
    "max": 32262.050500005484,
    "average": 32262.050500005484
  },
  "all": {
    "min": 2433.295800000429,
    "max": 2433.295800000429,
    "average": 2433.295800000429
  },
  "get": {
    "min": 425.9311999976635,
    "max": 425.9311999976635,
    "average": 425.9311999976635
  }
}