{
  "add": {
    "min": 0.03180000185966492,
    "max": 3.820600003004074,
    "average": 0.0660578002333641
  },
  "bulkDocs": {
    "min": 24.41159999370575,
    "max": 113.1613000035286,
    "average": 68.78644999861717
  },
  "saveChanges": {
    "min": 24.981000006198883,
    "max": 115.15520000457764,
    "average": 70.06810000538826
  },
  "createDocumentTypeIndex": {
    "min": 711.7837000191212,
    "max": 711.7837000191212,
    "average": 711.7837000191212
  },
  "all": {
    "min": 97.6583999991417,
    "max": 97.6583999991417,
    "average": 97.6583999991417
  },
  "remove": {
    "min": 0.14880001544952393,
    "max": 0.14880001544952393,
    "average": 0.14880001544952393
  }
}