{
  "createDocumentTypeIndex": {
    "min": 27.80799999833107,
    "max": 27.80799999833107,
    "average": 27.80799999833107
  },
  "getIndexes": {
    "min": 1.3448999971151352,
    "max": 1.3448999971151352,
    "average": 1.3448999971151352
  },
  "add": {
    "min": 0.0617000013589859,
    "max": 8.740099996328354,
    "average": 0.09554574734364685
  },
  "reinitialize": {
    "min": 2.8984000086784363,
    "max": 3.4760999977588654,
    "average": 3.187250003218651
  },
  "saveChanges": {
    "min": 15.633000001311302,
    "max": 13918.74089999497,
    "average": 6967.18694999814
  },
  "all": {
    "min": 13020.412699997425,
    "max": 13020.412699997425,
    "average": 13020.412699997425
  },
  "remove": {
    "min": 0.15530000627040863,
    "max": 0.23799999058246613,
    "average": 0.19664999842643738
  }
}