{
  "add": {
    "min": 0.03459998965263367,
    "max": 148.4447000026703,
    "average": 0.9828409475818276
  },
  "bulkDocs": {
    "min": 1036.4663999974728,
    "max": 9721.665399998426,
    "average": 5379.06589999795
  },
  "saveChanges": {
    "min": 6242.318399995565,
    "max": 9804.107799977064,
    "average": 8023.213099986315
  },
  "createDocumentTypeIndex": {
    "min": 28138.33939999342,
    "max": 28138.33939999342,
    "average": 28138.33939999342
  },
  "all": {
    "min": 2105.210700005293,
    "max": 2164.31740000844,
    "average": 2137.4528750032187
  },
  "remove": {
    "min": 80.66150000691414,
    "max": 502.06619998812675,
    "average": 291.3211249932647
  },
  "empty": {
    "min": 2186.0922999978065,
    "max": 2619.6879999935627,
    "average": 2428.8863499984145
  }
}