{
  "add": {
    "min": 0.056199997663497925,
    "max": 0.6199000179767609,
    "average": 0.07896000036597252
  },
  "bulkDocs": {
    "min": 0.5970999896526337,
    "max": 12.320600003004074,
    "average": 6.458125002682209
  },
  "reinitialize": {
    "min": 0.13930001854896545,
    "max": 0.31349998712539673,
    "average": 0.2264000028371811
  },
  "saveChanges": {
    "min": 3.442300021648407,
    "max": 780.665600001812,
    "average": 392.0539500117302
  },
  "createDocumentTypeIndex": {
    "min": 800.8925999999046,
    "max": 800.8925999999046,
    "average": 800.8925999999046
  },
  "all": {
    "min": 51.783099979162216,
    "max": 51.783099979162216,
    "average": 51.783099979162216
  },
  "remove": {
    "min": 0.12250000238418579,
    "max": 0.12250000238418579,
    "average": 0.12250000238418579
  }
}