{
  "attach": {
    "min": 26.02489998936653,
    "max": 26.02489998936653,
    "average": 26.02489998936653
  },
  "bulkDocs": {
    "min": 255.86550000309944,
    "max": 255.86550000309944,
    "average": 255.86550000309944
  },
  "saveChanges": {
    "min": 268.2542999982834,
    "max": 268.2542999982834,
    "average": 268.2542999982834
  }
}