{
  "add": {
    "min": 0.030600011348724365,
    "max": 0.7055999934673309,
    "average": 0.05158029970526695
  },
  "bulkDocs": {
    "min": 93.5988000035286,
    "max": 93.5988000035286,
    "average": 93.5988000035286
  },
  "saveChanges": {
    "min": 95.38209998607635,
    "max": 95.38209998607635,
    "average": 95.38209998607635
  },
  "generateDocumentTypeIndex": {
    "min": 618.2501000165939,
    "max": 618.2501000165939,
    "average": 618.2501000165939
  },
  "all": {
    "min": 76.99349999427795,
    "max": 76.99349999427795,
    "average": 76.99349999427795
  }
}