{
  "add": {
    "min": 0.03020000457763672,
    "max": 10.856399983167648,
    "average": 1.1626089999079705
  },
  "bulkDocs": {
    "min": 22.27480000257492,
    "max": 7912.35150000453,
    "average": 3967.3131500035524
  },
  "saveChanges": {
    "min": 35.571200013160706,
    "max": 7998.3704000115395,
    "average": 4016.97080001235
  },
  "generateDocumentTypeIndex": {
    "min": 24814.564899981022,
    "max": 24814.564899981022,
    "average": 24814.564899981022
  }
}