{
  "add": {
    "min": 0.04520002007484436,
    "max": 96.81849998235703,
    "average": 0.08285916252285241
  },
  "bulkDocs": {
    "min": 1.2126000225543976,
    "max": 3.5694999992847443,
    "average": 2.3918750062584877
  },
  "reinitialize": {
    "min": 6.779300004243851,
    "max": 7.90039998292923,
    "average": 7.33984999358654
  },
  "saveChanges": {
    "min": 15.915700018405914,
    "max": 33159.23449999094,
    "average": 16587.575100004673
  },
  "createDocumentTypeIndex": {
    "min": 30205.537699997425,
    "max": 30205.537699997425,
    "average": 30205.537699997425
  }
}