{
  "add": {
    "min": 0.21660000085830688,
    "max": 0.21660000085830688,
    "average": 0.21660000085830688
  },
  "bulkDocs": {
    "min": 17.032400012016296,
    "max": 20.90920001268387,
    "average": 18.970800012350082
  },
  "saveChanges": {
    "min": 17.39089998602867,
    "max": 21.216500014066696,
    "average": 19.303700000047684
  },
  "remove": {
    "min": 0.3270999789237976,
    "max": 0.3270999789237976,
    "average": 0.3270999789237976
  }
}