{
  "add": {
    "delta": {
      "min": -0.001199960708618164,
      "max": 0.35860002040863037,
      "average": -0.000229897499084461
    },
    "v1.4.1": {
      "min": 0.039200007915496826,
      "max": 3.055999994277954,
      "average": 0.07594830131530762
    },
    "v1.4.0": {
      "min": 0.04039996862411499,
      "max": 2.6973999738693237,
      "average": 0.07617819881439208
    }
  },
  "bulkDocs": {
    "delta": {
      "min": 0.11860001087188721,
      "max": 4.400000035762787,
      "average": 2.259300023317337
    },
    "v1.4.1": {
      "min": 14.320299983024597,
      "max": 97.65170001983643,
      "average": 55.98600000143051
    },
    "v1.4.0": {
      "min": 14.20169997215271,
      "max": 93.25169998407364,
      "average": 53.726699978113174
    }
  },
  "saveChanges": {
    "delta": {
      "min": -0.17030000686645508,
      "max": 6.076600015163422,
      "average": 2.9531500041484833
    },
    "v1.4.1": {
      "min": 14.936699986457825,
      "max": 100.64270001649857,
      "average": 57.789700001478195
    },
    "v1.4.0": {
      "min": 15.10699999332428,
      "max": 94.56610000133514,
      "average": 54.83654999732971
    }
  },
  "optimize": {
    "delta": {
      "min": 0.8743999600410461,
      "max": 0.8743999600410461,
      "average": 0.8743999600410461
    },
    "v1.4.1": {
      "min": 535.0327000021935,
      "max": 535.0327000021935,
      "average": 535.0327000021935
    },
    "v1.4.0": {
      "min": 534.1583000421524,
      "max": 534.1583000421524,
      "average": 534.1583000421524
    }
  }
}