{
  "add": {
    "delta": {
      "min": -0.05810004472732544,
      "max": -0.05810004472732544,
      "average": -0.05810004472732544
    },
    "v1.4.1": {
      "min": 0.10469996929168701,
      "max": 0.10469996929168701,
      "average": 0.10469996929168701
    },
    "v1.4.0": {
      "min": 0.16280001401901245,
      "max": 0.16280001401901245,
      "average": 0.16280001401901245
    }
  },
  "bulkDocs": {
    "delta": {
      "min": 0.6939000487327576,
      "max": 0.7714999914169312,
      "average": 0.7327000200748444
    },
    "v1.4.1": {
      "min": 10.004299998283386,
      "max": 12.948899984359741,
      "average": 11.476599991321564
    },
    "v1.4.0": {
      "min": 9.310399949550629,
      "max": 12.17739999294281,
      "average": 10.74389997124672
    }
  },
  "saveChanges": {
    "delta": {
      "min": 0.6965999603271484,
      "max": 0.9140000343322754,
      "average": 0.8052999973297119
    },
    "v1.4.1": {
      "min": 12.556500017642975,
      "max": 27.11489999294281,
      "average": 19.835700005292892
    },
    "v1.4.0": {
      "min": 11.859900057315826,
      "max": 26.200899958610535,
      "average": 19.03040000796318
    }
  },
  "remove": {
    "delta": {
      "min": -0.06099998950958252,
      "max": -0.06099998950958252,
      "average": -0.06099998950958252
    },
    "v1.4.1": {
      "min": 0.2419000267982483,
      "max": 0.2419000267982483,
      "average": 0.2419000267982483
    },
    "v1.4.0": {
      "min": 0.3029000163078308,
      "max": 0.3029000163078308,
      "average": 0.3029000163078308
    }
  }
}