{
  "add": {
    "delta": {
      "min": 0,
      "max": 0.0002999305725097656,
      "average": 0.004081501007080088
    },
    "v1.4.1": {
      "min": 0.03519999980926514,
      "max": 2.851799964904785,
      "average": 0.0699397008419037
    },
    "v1.4.0": {
      "min": 0.03519999980926514,
      "max": 2.8515000343322754,
      "average": 0.0658581998348236
    }
  },
  "bulkDocs": {
    "delta": {
      "min": 0.24880003929138184,
      "max": 1.402500033378601,
      "average": 0.8256500363349915
    },
    "v1.4.1": {
      "min": 13.620800018310547,
      "max": 96.9122000336647,
      "average": 55.266500025987625
    },
    "v1.4.0": {
      "min": 13.371999979019165,
      "max": 95.5097000002861,
      "average": 54.440849989652634
    }
  },
  "saveChanges": {
    "delta": {
      "min": -0.054099977016448975,
      "max": 1.375499963760376,
      "average": 0.6606999933719635
    },
    "v1.4.1": {
      "min": 14.436800003051758,
      "max": 98.47339999675751,
      "average": 56.45509999990463
    },
    "v1.4.0": {
      "min": 14.490899980068207,
      "max": 97.09790003299713,
      "average": 55.79440000653267
    }
  },
  "optimize": {
    "delta": {
      "min": 9.629100024700165,
      "max": 9.629100024700165,
      "average": 9.629100024700165
    },
    "v1.4.1": {
      "min": 573.7786000370979,
      "max": 573.7786000370979,
      "average": 573.7786000370979
    },
    "v1.4.0": {
      "min": 564.1495000123978,
      "max": 564.1495000123978,
      "average": 564.1495000123978
    }
  },
  "all": {
    "delta": {
      "min": 5.516000032424927,
      "max": 5.516000032424927,
      "average": 5.516000032424927
    },
    "v1.4.1": {
      "min": 76.4718000292778,
      "max": 76.4718000292778,
      "average": 76.4718000292778
    },
    "v1.4.0": {
      "min": 70.95579999685287,
      "max": 70.95579999685287,
      "average": 70.95579999685287
    }
  },
  "remove": {
    "delta": {
      "min": -0.05480003356933594,
      "max": -0.05480003356933594,
      "average": -0.05480003356933594
    },
    "v1.4.1": {
      "min": 0.116100013256073,
      "max": 0.116100013256073,
      "average": 0.116100013256073
    },
    "v1.4.0": {
      "min": 0.17090004682540894,
      "max": 0.17090004682540894,
      "average": 0.17090004682540894
    }
  }
}