{
  "bulkDocs": {
    "delta": {
      "min": 0.09499996900558472,
      "max": 0.09499996900558472,
      "average": 0.09499996900558472
    },
    "v1.4.1": {
      "min": 8.389999985694885,
      "max": 8.389999985694885,
      "average": 8.389999985694885
    },
    "v1.4.0": {
      "min": 8.2950000166893,
      "max": 8.2950000166893,
      "average": 8.2950000166893
    }
  },
  "saveChanges": {
    "delta": {
      "min": 0.2808000445365906,
      "max": 0.2808000445365906,
      "average": 0.2808000445365906
    },
    "v1.4.1": {
      "min": 15.498600006103516,
      "max": 15.498600006103516,
      "average": 15.498600006103516
    },
    "v1.4.0": {
      "min": 15.217799961566925,
      "max": 15.217799961566925,
      "average": 15.217799961566925
    }
  }
}