{
  "add": {
    "delta": {
      "min": -0.001699984073638916,
      "max": -0.001699984073638916,
      "average": -0.001699984073638916
    },
    "v1.4.1": {
      "min": 0.15839999914169312,
      "max": 0.15839999914169312,
      "average": 0.15839999914169312
    },
    "v1.4.0": {
      "min": 0.16009998321533203,
      "max": 0.16009998321533203,
      "average": 0.16009998321533203
    }
  },
  "bulkDocs": {
    "delta": {
      "min": 1.1009999513626099,
      "max": 0.03900003433227539,
      "average": 0.5699999928474426
    },
    "v1.4.1": {
      "min": 9.75900000333786,
      "max": 13.487500011920929,
      "average": 11.623250007629395
    },
    "v1.4.0": {
      "min": 8.65800005197525,
      "max": 13.448499977588654,
      "average": 11.053250014781952
    }
  },
  "saveChanges": {
    "delta": {
      "min": 1.0842000246047974,
      "max": 0.05059999227523804,
      "average": 0.5674000084400177
    },
    "v1.4.1": {
      "min": 11.903400003910065,
      "max": 13.714899957180023,
      "average": 12.809149980545044
    },
    "v1.4.0": {
      "min": 10.819199979305267,
      "max": 13.664299964904785,
      "average": 12.241749972105026
    }
  },
  "remove": {
    "delta": {
      "min": 0.008599996566772461,
      "max": 0.008599996566772461,
      "average": 0.008599996566772461
    },
    "v1.4.1": {
      "min": 0.28939998149871826,
      "max": 0.28939998149871826,
      "average": 0.28939998149871826
    },
    "v1.4.0": {
      "min": 0.2807999849319458,
      "max": 0.2807999849319458,
      "average": 0.2807999849319458
    }
  }
}