{
  "add": {
    "delta": {
      "min": 0.0009999871253967285,
      "max": -3.223699986934662,
      "average": 0.0018481996655464045
    },
    "v1.4.1": {
      "min": 0.03329998254776001,
      "max": 0.2671999931335449,
      "average": 0.06960970032215118
    },
    "v1.4.0": {
      "min": 0.03229999542236328,
      "max": 3.490899980068207,
      "average": 0.06776150065660477
    }
  },
  "bulkDocs": {
    "delta": {
      "min": 1.2692999839782715,
      "max": 5.561900019645691,
      "average": 3.415600001811981
    },
    "v1.4.1": {
      "min": 14.091699957847595,
      "max": 99.94179999828339,
      "average": 57.01674997806549
    },
    "v1.4.0": {
      "min": 12.822399973869324,
      "max": 94.3798999786377,
      "average": 53.60114997625351
    }
  },
  "saveChanges": {
    "delta": {
      "min": 1.2867000102996826,
      "max": 6.376599967479706,
      "average": 3.831649988889694
    },
    "v1.4.1": {
      "min": 14.641400039196014,
      "max": 102.0421000123024,
      "average": 58.34175002574921
    },
    "v1.4.0": {
      "min": 13.354700028896332,
      "max": 95.66550004482269,
      "average": 54.51010003685951
    }
  },
  "optimize": {
    "delta": {
      "min": 23.554699957370758,
      "max": 23.554699957370758,
      "average": 23.554699957370758
    },
    "v1.4.1": {
      "min": 585.1414999961853,
      "max": 585.1414999961853,
      "average": 585.1414999961853
    },
    "v1.4.0": {
      "min": 561.5868000388145,
      "max": 561.5868000388145,
      "average": 561.5868000388145
    }
  },
  "all": {
    "delta": {
      "min": 1.5037999749183655,
      "max": 1.5037999749183655,
      "average": 1.5037999749183655
    },
    "v1.4.1": {
      "min": 78.11379998922348,
      "max": 78.11379998922348,
      "average": 78.11379998922348
    },
    "v1.4.0": {
      "min": 76.61000001430511,
      "max": 76.61000001430511,
      "average": 76.61000001430511
    }
  }
}