{
  "add": {
    "delta": {
      "min": 0.03220003843307495,
      "max": 0.03220003843307495,
      "average": 0.03220003843307495
    },
    "v1.4.1": {
      "min": 0.23420000076293945,
      "max": 0.23420000076293945,
      "average": 0.23420000076293945
    },
    "v1.4.0": {
      "min": 0.2019999623298645,
      "max": 0.2019999623298645,
      "average": 0.2019999623298645
    }
  },
  "bulkDocs": {
    "delta": {
      "min": 3.079100012779236,
      "max": 3.079100012779236,
      "average": 3.079100012779236
    },
    "v1.4.1": {
      "min": 12.643400013446808,
      "max": 12.643400013446808,
      "average": 12.643400013446808
    },
    "v1.4.0": {
      "min": 9.564300000667572,
      "max": 9.564300000667572,
      "average": 9.564300000667572
    }
  },
  "saveChanges": {
    "delta": {
      "min": 3.104699969291687,
      "max": 3.104699969291687,
      "average": 3.104699969291687
    },
    "v1.4.1": {
      "min": 12.858399987220764,
      "max": 12.858399987220764,
      "average": 12.858399987220764
    },
    "v1.4.0": {
      "min": 9.753700017929077,
      "max": 9.753700017929077,
      "average": 9.753700017929077
    }
  }
}