{
  "add": {
    "delta": {
      "min": -0.000599980354309082,
      "max": 2.030299961566925,
      "average": 0.05800382000356907
    },
    "v1.4.1": {
      "min": 0.029799997806549072,
      "max": 10.576299965381622,
      "average": 1.611981115026772
    },
    "v1.4.0": {
      "min": 0.030399978160858154,
      "max": 8.546000003814697,
      "average": 1.553977295023203
    }
  },
  "bulkDocs": {
    "delta": {
      "min": -1.3271999955177307,
      "max": 119.7756000161171,
      "average": 59.22420001029968
    },
    "v1.4.1": {
      "min": 14.879799962043762,
      "max": 7457.866600036621,
      "average": 3736.3731999993324
    },
    "v1.4.0": {
      "min": 16.206999957561493,
      "max": 7338.091000020504,
      "average": 3677.1489999890327
    }
  },
  "saveChanges": {
    "delta": {
      "min": 3.05759996175766,
      "max": 123.79670000076294,
      "average": 63.4271499812603
    },
    "v1.4.1": {
      "min": 43.50419998168945,
      "max": 7554.239099979401,
      "average": 3798.871649980545
    },
    "v1.4.0": {
      "min": 40.44660001993179,
      "max": 7430.442399978638,
      "average": 3735.4444999992847
    }
  },
  "optimize": {
    "delta": {
      "min": 541.5415000319481,
      "max": 541.5415000319481,
      "average": 541.5415000319481
    },
    "v1.4.1": {
      "min": 22032.757000029087,
      "max": 22032.757000029087,
      "average": 22032.757000029087
    },
    "v1.4.0": {
      "min": 21491.21549999714,
      "max": 21491.21549999714,
      "average": 21491.21549999714
    }
  }
}