{
  "add": {
    "delta": {
      "min": 0.003300011157989502,
      "max": 2.500599980354309,
      "average": 0.0028232997655868453
    },
    "v1.4.1": {
      "min": 0.03579998016357422,
      "max": 2.747600018978119,
      "average": 0.07200439983606338
    },
    "v1.4.0": {
      "min": 0.03249996900558472,
      "max": 0.24700003862380981,
      "average": 0.06918110007047654
    }
  },
  "bulkDocs": {
    "delta": {
      "min": 12.578700006008148,
      "max": 12.578700006008148,
      "average": 12.578700006008148
    },
    "v1.4.1": {
      "min": 108.09790003299713,
      "max": 108.09790003299713,
      "average": 108.09790003299713
    },
    "v1.4.0": {
      "min": 95.51920002698898,
      "max": 95.51920002698898,
      "average": 95.51920002698898
    }
  },
  "saveChanges": {
    "delta": {
      "min": 17.335299968719482,
      "max": 17.335299968719482,
      "average": 17.335299968719482
    },
    "v1.4.1": {
      "min": 120.59719997644424,
      "max": 120.59719997644424,
      "average": 120.59719997644424
    },
    "v1.4.0": {
      "min": 103.26190000772476,
      "max": 103.26190000772476,
      "average": 103.26190000772476
    }
  },
  "optimize": {
    "delta": {
      "min": 110.9747000336647,
      "max": 110.9747000336647,
      "average": 110.9747000336647
    },
    "v1.4.1": {
      "min": 634.8537999987602,
      "max": 634.8537999987602,
      "average": 634.8537999987602
    },
    "v1.4.0": {
      "min": 523.8790999650955,
      "max": 523.8790999650955,
      "average": 523.8790999650955
    }
  },
  "all": {
    "delta": {
      "min": 2.132200002670288,
      "max": 2.132200002670288,
      "average": 2.132200002670288
    },
    "v1.4.1": {
      "min": 77.27369999885559,
      "max": 77.27369999885559,
      "average": 77.27369999885559
    },
    "v1.4.0": {
      "min": 75.1414999961853,
      "max": 75.1414999961853,
      "average": 75.1414999961853
    }
  },
  "get": {
    "delta": {
      "min": 4.17110002040863,
      "max": 4.17110002040863,
      "average": 4.17110002040863
    },
    "v1.4.1": {
      "min": 26.026600003242493,
      "max": 26.026600003242493,
      "average": 26.026600003242493
    },
    "v1.4.0": {
      "min": 21.855499982833862,
      "max": 21.855499982833862,
      "average": 21.855499982833862
    }
  }
}