{
  "add": {
    "delta": {
      "min": -0.0018000006675720215,
      "max": 5.989999949932098,
      "average": 0.06113152014315126
    },
    "v1.4.1": {
      "min": 0.03240001201629639,
      "max": 160.4235000014305,
      "average": 1.4892258525669575
    },
    "v1.4.0": {
      "min": 0.03420001268386841,
      "max": 154.4335000514984,
      "average": 1.4280943324238062
    }
  },
  "bulkDocs": {
    "delta": {
      "min": 1197.7666000127792,
      "max": 1197.7666000127792,
      "average": 1197.7666000127792
    },
    "v1.4.1": {
      "min": 8644.411400020123,
      "max": 8644.411400020123,
      "average": 8644.411400020123
    },
    "v1.4.0": {
      "min": 7446.644800007343,
      "max": 7446.644800007343,
      "average": 7446.644800007343
    }
  },
  "saveChanges": {
    "delta": {
      "min": 1212.60849994421,
      "max": 1212.60849994421,
      "average": 1212.60849994421
    },
    "v1.4.1": {
      "min": 8740.590199947357,
      "max": 8740.590199947357,
      "average": 8740.590199947357
    },
    "v1.4.0": {
      "min": 7527.981700003147,
      "max": 7527.981700003147,
      "average": 7527.981700003147
    }
  },
  "optimize": {
    "delta": {
      "min": 2665.9101999998093,
      "max": 2665.9101999998093,
      "average": 2665.9101999998093
    },
    "v1.4.1": {
      "min": 24198.06209999323,
      "max": 24198.06209999323,
      "average": 24198.06209999323
    },
    "v1.4.0": {
      "min": 21532.15189999342,
      "max": 21532.15189999342,
      "average": 21532.15189999342
    }
  },
  "all": {
    "delta": {
      "min": 193.55370002985,
      "max": 193.55370002985,
      "average": 193.55370002985
    },
    "v1.4.1": {
      "min": 2035.1597999930382,
      "max": 2035.1597999930382,
      "average": 2035.1597999930382
    },
    "v1.4.0": {
      "min": 1841.6060999631882,
      "max": 1841.6060999631882,
      "average": 1841.6060999631882
    }
  }
}