{
  "add": {
    "delta": {
      "min": 0.0020000338554382324,
      "max": -4.123800039291382,
      "average": -0.14996276482045667
    },
    "v1.4.1": {
      "min": 0.034600019454956055,
      "max": 152.25089997053146,
      "average": 1.4044125127673148
    },
    "v1.4.0": {
      "min": 0.03259998559951782,
      "max": 156.37470000982285,
      "average": 1.5543752775877715
    }
  },
  "bulkDocs": {
    "delta": {
      "min": -47.27759999036789,
      "max": 379.7249999642372,
      "average": 166.22369998693466
    },
    "v1.4.1": {
      "min": 712.8043000102043,
      "max": 7863.017399966717,
      "average": 4287.9108499884605
    },
    "v1.4.0": {
      "min": 760.0819000005722,
      "max": 7483.29240000248,
      "average": 4121.687150001526
    }
  },
  "saveChanges": {
    "delta": {
      "min": -48.902300000190735,
      "max": 382.487900018692,
      "average": 166.79280000925064
    },
    "v1.4.1": {
      "min": 1872.5753999948502,
      "max": 7945.532800018787,
      "average": 4909.054100006819
    },
    "v1.4.0": {
      "min": 1921.477699995041,
      "max": 7563.044900000095,
      "average": 4742.261299997568
    }
  },
  "optimize": {
    "delta": {
      "min": 471.965499997139,
      "max": 471.965499997139,
      "average": 471.965499997139
    },
    "v1.4.1": {
      "min": 22030.146799981594,
      "max": 22030.146799981594,
      "average": 22030.146799981594
    },
    "v1.4.0": {
      "min": 21558.181299984455,
      "max": 21558.181299984455,
      "average": 21558.181299984455
    }
  },
  "all": {
    "delta": {
      "min": 24.855299949645996,
      "max": 8.979999959468842,
      "average": 42.553299993276596
    },
    "v1.4.1": {
      "min": 1770.7095999717712,
      "max": 1895.7064999938011,
      "average": 1847.517399996519
    },
    "v1.4.0": {
      "min": 1745.8543000221252,
      "max": 1886.7265000343323,
      "average": 1804.9641000032425
    }
  },
  "remove": {
    "delta": {
      "min": 2.8585000038146973,
      "max": 19.91080003976822,
      "average": 10.300875023007393
    },
    "v1.4.1": {
      "min": 35.47130000591278,
      "max": 189.8404000401497,
      "average": 109.60287502408028
    },
    "v1.4.0": {
      "min": 32.61280000209808,
      "max": 169.92960000038147,
      "average": 99.30200000107288
    }
  }
}