{
  "add": {
    "delta": {
      "min": 0.0037999749183654785,
      "max": 21.598999977111816,
      "average": -0.19869562001377328
    },
    "v1.4.1": {
      "min": 0.035899996757507324,
      "max": 159.00229996442795,
      "average": 1.4969687873765827
    },
    "v1.4.0": {
      "min": 0.032100021839141846,
      "max": 137.40329998731613,
      "average": 1.695664407390356
    }
  },
  "bulkDocs": {
    "delta": {
      "min": 362.23379999399185,
      "max": 362.23379999399185,
      "average": 362.23379999399185
    },
    "v1.4.1": {
      "min": 8466.49840003252,
      "max": 8466.49840003252,
      "average": 8466.49840003252
    },
    "v1.4.0": {
      "min": 8104.264600038528,
      "max": 8104.264600038528,
      "average": 8104.264600038528
    }
  },
  "saveChanges": {
    "delta": {
      "min": 356.2242999076843,
      "max": 356.2242999076843,
      "average": 356.2242999076843
    },
    "v1.4.1": {
      "min": 8544.836299955845,
      "max": 8544.836299955845,
      "average": 8544.836299955845
    },
    "v1.4.0": {
      "min": 8188.612000048161,
      "max": 8188.612000048161,
      "average": 8188.612000048161
    }
  },
  "optimize": {
    "delta": {
      "min": 1079.7889999747276,
      "max": 1079.7889999747276,
      "average": 1079.7889999747276
    },
    "v1.4.1": {
      "min": 24456.79589998722,
      "max": 24456.79589998722,
      "average": 24456.79589998722
    },
    "v1.4.0": {
      "min": 23377.006900012493,
      "max": 23377.006900012493,
      "average": 23377.006900012493
    }
  },
  "all": {
    "delta": {
      "min": -63.877199947834015,
      "max": -63.877199947834015,
      "average": -63.877199947834015
    },
    "v1.4.1": {
      "min": 1825.6607000231743,
      "max": 1825.6607000231743,
      "average": 1825.6607000231743
    },
    "v1.4.0": {
      "min": 1889.5378999710083,
      "max": 1889.5378999710083,
      "average": 1889.5378999710083
    }
  },
  "get": {
    "delta": {
      "min": -56.2121000289917,
      "max": -56.2121000289917,
      "average": -56.2121000289917
    },
    "v1.4.1": {
      "min": 304.91979998350143,
      "max": 304.91979998350143,
      "average": 304.91979998350143
    },
    "v1.4.0": {
      "min": 361.13190001249313,
      "max": 361.13190001249313,
      "average": 361.13190001249313
    }
  }
}