{
  "add": {
    "delta": {
      "min": 0.0012999773025512695,
      "max": -12.082599997520447,
      "average": -0.4747967873066663
    },
    "v1.4.1": {
      "min": 0.03359997272491455,
      "max": 145.36349999904633,
      "average": 1.2732509950622917
    },
    "v1.4.0": {
      "min": 0.03229999542236328,
      "max": 157.44609999656677,
      "average": 1.748047782368958
    }
  },
  "bulkDocs": {
    "delta": {
      "min": -20.218500018119812,
      "max": 3.1613999605178833,
      "average": -8.528550028800964
    },
    "v1.4.1": {
      "min": 756.4032999873161,
      "max": 7570.057399988174,
      "average": 4163.230349987745
    },
    "v1.4.0": {
      "min": 776.621800005436,
      "max": 7566.896000027657,
      "average": 4171.758900016546
    }
  },
  "saveChanges": {
    "delta": {
      "min": 1.597000002861023,
      "max": -5.084399998188019,
      "average": -1.743699997663498
    },
    "v1.4.1": {
      "min": 814.3467000126839,
      "max": 7647.600600004196,
      "average": 4230.97365000844
    },
    "v1.4.0": {
      "min": 812.7497000098228,
      "max": 7652.685000002384,
      "average": 4232.7173500061035
    }
  },
  "optimize": {
    "delta": {
      "min": 376.149699985981,
      "max": 376.149699985981,
      "average": 376.149699985981
    },
    "v1.4.1": {
      "min": 22464.03219997883,
      "max": 22464.03219997883,
      "average": 22464.03219997883
    },
    "v1.4.0": {
      "min": 22087.882499992847,
      "max": 22087.882499992847,
      "average": 22087.882499992847
    }
  },
  "all": {
    "delta": {
      "min": 50.5667000412941,
      "max": 38.701099932193756,
      "average": 43.28447498381138
    },
    "v1.4.1": {
      "min": 1748.92199999094,
      "max": 1927.2019999623299,
      "average": 1835.7794749885798
    },
    "v1.4.0": {
      "min": 1698.355299949646,
      "max": 1888.500900030136,
      "average": 1792.4950000047684
    }
  }
}