{
  "add": {
    "delta": {
      "min": 0.0004000067710876465,
      "max": -3.930500030517578,
      "average": 0.03793774971961983
    },
    "v1.4.1": {
      "min": 0.0340999960899353,
      "max": 128.62049996852875,
      "average": 1.241298459854722
    },
    "v1.4.0": {
      "min": 0.033699989318847656,
      "max": 132.55099999904633,
      "average": 1.2033607101351023
    }
  },
  "bulkDocs": {
    "delta": {
      "min": 24.21509999036789,
      "max": 17.358399987220764,
      "average": 20.786749988794327
    },
    "v1.4.1": {
      "min": 723.8946999907494,
      "max": 7515.662999987602,
      "average": 4119.778849989176
    },
    "v1.4.0": {
      "min": 699.6796000003815,
      "max": 7498.3046000003815,
      "average": 4098.9921000003815
    }
  },
  "saveChanges": {
    "delta": {
      "min": 24.216800034046173,
      "max": 20.412200033664703,
      "average": 22.31450003385544
    },
    "v1.4.1": {
      "min": 747.4696000218391,
      "max": 7593.584500014782,
      "average": 4170.527050018311
    },
    "v1.4.0": {
      "min": 723.252799987793,
      "max": 7573.172299981117,
      "average": 4148.212549984455
    }
  },
  "optimize": {
    "delta": {
      "min": 298.65059995651245,
      "max": 298.65059995651245,
      "average": 298.65059995651245
    },
    "v1.4.1": {
      "min": 21791.27699995041,
      "max": 21791.27699995041,
      "average": 21791.27699995041
    },
    "v1.4.0": {
      "min": 21492.626399993896,
      "max": 21492.626399993896,
      "average": 21492.626399993896
    }
  },
  "all": {
    "delta": {
      "min": 31.180299997329712,
      "max": 26.614799976348877,
      "average": 32.90889999270439
    },
    "v1.4.1": {
      "min": 1749.7883999943733,
      "max": 1878.0611000061035,
      "average": 1806.4726749956608
    },
    "v1.4.0": {
      "min": 1718.6080999970436,
      "max": 1851.4463000297546,
      "average": 1773.5637750029564
    }
  },
  "remove": {
    "delta": {
      "min": -8.095200061798096,
      "max": -46.965800046920776,
      "average": -18.03905002772808
    },
    "v1.4.1": {
      "min": 133.8189999461174,
      "max": 911.4764999747276,
      "average": 526.971499979496
    },
    "v1.4.0": {
      "min": 141.9142000079155,
      "max": 958.4423000216484,
      "average": 545.0105500072241
    }
  },
  "empty": {
    "delta": {
      "min": 20.68539994955063,
      "max": -20.576300024986267,
      "average": 14.806699976325035
    },
    "v1.4.1": {
      "min": 1883.7418999671936,
      "max": 2789.5993000268936,
      "average": 2333.5148999989033
    },
    "v1.4.0": {
      "min": 1863.056500017643,
      "max": 2810.17560005188,
      "average": 2318.7082000225782
    }
  }
}