{
  "add": {
    "delta": {
      "min": 0.000500023365020752,
      "max": -0.47939997911453247,
      "average": -0.001974900960922246
    },
    "v1.4.1": {
      "min": 0.03380000591278076,
      "max": 3.5185999870300293,
      "average": 0.06854109990596771
    },
    "v1.4.0": {
      "min": 0.03329998254776001,
      "max": 3.9979999661445618,
      "average": 0.07051600086688996
    }
  },
  "bulkDocs": {
    "delta": {
      "min": -0.5410000085830688,
      "max": -0.5410000085830688,
      "average": -0.5410000085830688
    },
    "v1.4.1": {
      "min": 94.90469998121262,
      "max": 94.90469998121262,
      "average": 94.90469998121262
    },
    "v1.4.0": {
      "min": 95.44569998979568,
      "max": 95.44569998979568,
      "average": 95.44569998979568
    }
  },
  "saveChanges": {
    "delta": {
      "min": -0.7258999347686768,
      "max": -0.7258999347686768,
      "average": -0.7258999347686768
    },
    "v1.4.1": {
      "min": 96.22510004043579,
      "max": 96.22510004043579,
      "average": 96.22510004043579
    },
    "v1.4.0": {
      "min": 96.95099997520447,
      "max": 96.95099997520447,
      "average": 96.95099997520447
    }
  },
  "optimize": {
    "delta": {
      "min": -68.65740007162094,
      "max": -68.65740007162094,
      "average": -68.65740007162094
    },
    "v1.4.1": {
      "min": 563.4656999707222,
      "max": 563.4656999707222,
      "average": 563.4656999707222
    },
    "v1.4.0": {
      "min": 632.1231000423431,
      "max": 632.1231000423431,
      "average": 632.1231000423431
    }
  },
  "all": {
    "delta": {
      "min": 3.3209999799728394,
      "max": 3.3209999799728394,
      "average": 3.3209999799728394
    },
    "v1.4.1": {
      "min": 78.0048999786377,
      "max": 78.0048999786377,
      "average": 78.0048999786377
    },
    "v1.4.0": {
      "min": 74.68389999866486,
      "max": 74.68389999866486,
      "average": 74.68389999866486
    }
  }
}