{
  "add": {
    "delta": {
      "min": -0.0004000067710876465,
      "max": -4.052799999713898,
      "average": -0.012444500982761383
    },
    "v1.4.1": {
      "min": 0.03429996967315674,
      "max": 0.19530004262924194,
      "average": 0.06750329971313476
    },
    "v1.4.0": {
      "min": 0.034699976444244385,
      "max": 4.24810004234314,
      "average": 0.07994780069589615
    }
  },
  "bulkDocs": {
    "delta": {
      "min": 7.684200048446655,
      "max": 7.684200048446655,
      "average": 7.684200048446655
    },
    "v1.4.1": {
      "min": 108.52390003204346,
      "max": 108.52390003204346,
      "average": 108.52390003204346
    },
    "v1.4.0": {
      "min": 100.8396999835968,
      "max": 100.8396999835968,
      "average": 100.8396999835968
    }
  },
  "saveChanges": {
    "delta": {
      "min": 7.115700006484985,
      "max": 7.115700006484985,
      "average": 7.115700006484985
    },
    "v1.4.1": {
      "min": 110.08619999885559,
      "max": 110.08619999885559,
      "average": 110.08619999885559
    },
    "v1.4.0": {
      "min": 102.9704999923706,
      "max": 102.9704999923706,
      "average": 102.9704999923706
    }
  },
  "optimize": {
    "delta": {
      "min": -39.12219995260239,
      "max": -39.12219995260239,
      "average": -39.12219995260239
    },
    "v1.4.1": {
      "min": 699.3828000426292,
      "max": 699.3828000426292,
      "average": 699.3828000426292
    },
    "v1.4.0": {
      "min": 738.5049999952316,
      "max": 738.5049999952316,
      "average": 738.5049999952316
    }
  },
  "all": {
    "delta": {
      "min": -16.17519998550415,
      "max": -16.17519998550415,
      "average": -16.17519998550415
    },
    "v1.4.1": {
      "min": 73.11980003118515,
      "max": 73.11980003118515,
      "average": 73.11980003118515
    },
    "v1.4.0": {
      "min": 89.2950000166893,
      "max": 89.2950000166893,
      "average": 89.2950000166893
    }
  }
}