{
  "add": {
    "delta": {
      "min": 0.07610005140304565,
      "max": 0.07610005140304565,
      "average": 0.07610005140304565
    },
    "v1.4.1": {
      "min": 0.18240004777908325,
      "max": 0.18240004777908325,
      "average": 0.18240004777908325
    },
    "v1.4.0": {
      "min": 0.1062999963760376,
      "max": 0.1062999963760376,
      "average": 0.1062999963760376
    }
  },
  "bulkDocs": {
    "delta": {
      "min": 0.596500039100647,
      "max": 1.9840999841690063,
      "average": 1.2903000116348267
    },
    "v1.4.1": {
      "min": 9.838500022888184,
      "max": 13.141799986362457,
      "average": 11.49015000462532
    },
    "v1.4.0": {
      "min": 9.241999983787537,
      "max": 11.157700002193451,
      "average": 10.199849992990494
    }
  },
  "saveChanges": {
    "delta": {
      "min": 0.5956000089645386,
      "max": 2.028599977493286,
      "average": 1.3120999932289124
    },
    "v1.4.1": {
      "min": 10.033900022506714,
      "max": 13.422100007534027,
      "average": 11.72800001502037
    },
    "v1.4.0": {
      "min": 9.438300013542175,
      "max": 11.393500030040741,
      "average": 10.415900021791458
    }
  },
  "first": {
    "delta": {
      "min": -0.48250001668930054,
      "max": -0.48250001668930054,
      "average": -0.48250001668930054
    },
    "v1.4.1": {
      "min": 15.916700005531311,
      "max": 15.916700005531311,
      "average": 15.916700005531311
    },
    "v1.4.0": {
      "min": 16.39920002222061,
      "max": 16.39920002222061,
      "average": 16.39920002222061
    }
  }
}