{
  "add": {
    "delta": {
      "min": 0.001600027084350586,
      "max": 0,
      "average": 0.0017454995512962285
    },
    "v1.4.1": {
      "min": 0.03549998998641968,
      "max": 0.5406000018119812,
      "average": 0.06671890038251876
    },
    "v1.4.0": {
      "min": 0.03389996290206909,
      "max": 0.5406000018119812,
      "average": 0.06497340083122254
    }
  },
  "bulkDocs": {
    "delta": {
      "min": -1.0044000148773193,
      "max": 5.817599952220917,
      "average": 2.4065999686717987
    },
    "v1.4.1": {
      "min": 13.591499984264374,
      "max": 91.68919998407364,
      "average": 52.640349984169006
    },
    "v1.4.0": {
      "min": 14.595899999141693,
      "max": 85.87160003185272,
      "average": 50.23375001549721
    }
  },
  "saveChanges": {
    "delta": {
      "min": -2.3648999333381653,
      "max": 6.038199961185455,
      "average": 1.836650013923645
    },
    "v1.4.1": {
      "min": 29.750200033187866,
      "max": 93.23989999294281,
      "average": 61.49505001306534
    },
    "v1.4.0": {
      "min": 32.11509996652603,
      "max": 87.20170003175735,
      "average": 59.65839999914169
    }
  },
  "optimize": {
    "delta": {
      "min": 50.11830002069473,
      "max": 50.11830002069473,
      "average": 50.11830002069473
    },
    "v1.4.1": {
      "min": 585.8424000144005,
      "max": 585.8424000144005,
      "average": 585.8424000144005
    },
    "v1.4.0": {
      "min": 535.7240999937057,
      "max": 535.7240999937057,
      "average": 535.7240999937057
    }
  },
  "all": {
    "delta": {
      "min": 2.252900004386902,
      "max": 2.252900004386902,
      "average": 2.252900004386902
    },
    "v1.4.1": {
      "min": 75.45579999685287,
      "max": 75.45579999685287,
      "average": 75.45579999685287
    },
    "v1.4.0": {
      "min": 73.20289999246597,
      "max": 73.20289999246597,
      "average": 73.20289999246597
    }
  },
  "remove": {
    "delta": {
      "min": 0.12709999084472656,
      "max": 0.12709999084472656,
      "average": 0.12709999084472656
    },
    "v1.4.1": {
      "min": 0.24819999933242798,
      "max": 0.24819999933242798,
      "average": 0.24819999933242798
    },
    "v1.4.0": {
      "min": 0.12110000848770142,
      "max": 0.12110000848770142,
      "average": 0.12110000848770142
    }
  }
}