{
  "add": {
    "delta": {
      "min": 0.00020000338554382324,
      "max": -14.960100024938583,
      "average": -0.003913044968992474
    },
    "v1.4.5": {
      "min": 0.029100000858306885,
      "max": 153.16419997811317,
      "average": 0.043073510062694546
    },
    "v1.4.4": {
      "min": 0.02889999747276306,
      "max": 168.12430000305176,
      "average": 0.04698655503168702
    }
  },
  "bulkDocs": {
    "delta": {
      "min": -123.91380000114441,
      "max": -798.8856999874115,
      "average": -461.39974999427795
    },
    "v1.4.5": {
      "min": 896.981299996376,
      "max": 7985.439999997616,
      "average": 4441.210649996996
    },
    "v1.4.4": {
      "min": 1020.8950999975204,
      "max": 8784.325699985027,
      "average": 4902.610399991274
    }
  },
  "saveChanges": {
    "delta": {
      "min": -93.7751000225544,
      "max": -796.1204999983311,
      "average": -444.94780001044273
    },
    "v1.4.5": {
      "min": 969.6282999813557,
      "max": 8081.224500000477,
      "average": 4525.426399990916
    },
    "v1.4.4": {
      "min": 1063.40340000391,
      "max": 8877.344999998808,
      "average": 4970.374200001359
    }
  },
  "optimize": {
    "delta": {
      "min": -2534.284900009632,
      "max": -2534.284900009632,
      "average": -2534.284900009632
    },
    "v1.4.5": {
      "min": 22743.121100008488,
      "max": 22743.121100008488,
      "average": 22743.121100008488
    },
    "v1.4.4": {
      "min": 25277.40600001812,
      "max": 25277.40600001812,
      "average": 25277.40600001812
    }
  },
  "all": {
    "delta": {
      "min": -177.64130002260208,
      "max": -176.64909997582436,
      "average": -208.34640000015497
    },
    "v1.4.5": {
      "min": 1773.093599975109,
      "max": 1926.7759000062943,
      "average": 1822.5580749884248
    },
    "v1.4.4": {
      "min": 1950.7348999977112,
      "max": 2103.4249999821186,
      "average": 2030.9044749885798
    }
  }
}