{
  "add": {
    "delta": {
      "min": -0.003800004720687866,
      "max": -0.003800004720687866,
      "average": -0.003800004720687866
    },
    "v1.4.5": {
      "min": 0.14709997177124023,
      "max": 0.14709997177124023,
      "average": 0.14709997177124023
    },
    "v1.4.4": {
      "min": 0.1508999764919281,
      "max": 0.1508999764919281,
      "average": 0.1508999764919281
    }
  },
  "bulkDocs": {
    "delta": {
      "min": -0.7396999895572662,
      "max": -0.2729000151157379,
      "average": -0.5063000023365021
    },
    "v1.4.5": {
      "min": 12.187099993228912,
      "max": 13.027300000190735,
      "average": 12.607199996709824
    },
    "v1.4.4": {
      "min": 12.926799982786179,
      "max": 13.300200015306473,
      "average": 13.113499999046326
    }
  },
  "saveChanges": {
    "delta": {
      "min": -0.8637000024318695,
      "max": 1.9713000059127808,
      "average": 0.5538000017404556
    },
    "v1.4.5": {
      "min": 12.379700005054474,
      "max": 16.223700016736984,
      "average": 14.301700010895729
    },
    "v1.4.4": {
      "min": 13.243400007486343,
      "max": 14.252400010824203,
      "average": 13.747900009155273
    }
  },
  "first": {
    "delta": {
      "min": -0.9505000114440918,
      "max": -0.9505000114440918,
      "average": -0.9505000114440918
    },
    "v1.4.5": {
      "min": 14.854099988937378,
      "max": 14.854099988937378,
      "average": 14.854099988937378
    },
    "v1.4.4": {
      "min": 15.80460000038147,
      "max": 15.80460000038147,
      "average": 15.80460000038147
    }
  }
}