{
  "add": {
    "delta": {
      "min": 0.0014999806880950928,
      "max": -0.053499966859817505,
      "average": -0.009975999414920812
    },
    "v1.4.5": {
      "min": 0.030399978160858154,
      "max": 0.46400001645088196,
      "average": 0.036780000686645505
    },
    "v1.4.4": {
      "min": 0.02889999747276306,
      "max": 0.5174999833106995,
      "average": 0.04675600010156632
    }
  },
  "bulkDocs": {
    "delta": {
      "min": 0.23660001158714294,
      "max": -5.648700028657913,
      "average": -2.706050008535385
    },
    "v1.4.5": {
      "min": 14.743900001049042,
      "max": 93.83009999990463,
      "average": 54.28700000047684
    },
    "v1.4.4": {
      "min": 14.507299989461899,
      "max": 99.47880002856255,
      "average": 56.99305000901222
    }
  },
  "saveChanges": {
    "delta": {
      "min": -0.6536999940872192,
      "max": -6.099299967288971,
      "average": -3.376499980688095
    },
    "v1.4.5": {
      "min": 30.78420001268387,
      "max": 95.26140001416206,
      "average": 63.022800013422966
    },
    "v1.4.4": {
      "min": 31.437900006771088,
      "max": 101.36069998145103,
      "average": 66.39929999411106
    }
  },
  "optimize": {
    "delta": {
      "min": -92.20979997515678,
      "max": -92.20979997515678,
      "average": -92.20979997515678
    },
    "v1.4.5": {
      "min": 560.5813000202179,
      "max": 560.5813000202179,
      "average": 560.5813000202179
    },
    "v1.4.4": {
      "min": 652.7910999953747,
      "max": 652.7910999953747,
      "average": 652.7910999953747
    }
  },
  "all": {
    "delta": {
      "min": -8.509600013494492,
      "max": -8.509600013494492,
      "average": -8.509600013494492
    },
    "v1.4.5": {
      "min": 78.69609999656677,
      "max": 78.69609999656677,
      "average": 78.69609999656677
    },
    "v1.4.4": {
      "min": 87.20570001006126,
      "max": 87.20570001006126,
      "average": 87.20570001006126
    }
  },
  "remove": {
    "delta": {
      "min": -0.05459997057914734,
      "max": -0.05459997057914734,
      "average": -0.05459997057914734
    },
    "v1.4.5": {
      "min": 0.12210002541542053,
      "max": 0.12210002541542053,
      "average": 0.12210002541542053
    },
    "v1.4.4": {
      "min": 0.17669999599456787,
      "max": 0.17669999599456787,
      "average": 0.17669999599456787
    }
  }
}