{
  "link": {
    "delta": {
      "min": -127.34079998731613,
      "max": -127.34079998731613,
      "average": -127.34079998731613
    },
    "v1.4.5": {
      "min": 1024.4383000135422,
      "max": 1024.4383000135422,
      "average": 1024.4383000135422
    },
    "v1.4.4": {
      "min": 1151.7791000008583,
      "max": 1151.7791000008583,
      "average": 1151.7791000008583
    }
  },
  "bulkDocs": {
    "delta": {
      "min": -115.51919999718666,
      "max": -115.51919999718666,
      "average": -115.51919999718666
    },
    "v1.4.5": {
      "min": 179.39800000190735,
      "max": 179.39800000190735,
      "average": 179.39800000190735
    },
    "v1.4.4": {
      "min": 294.917199999094,
      "max": 294.917199999094,
      "average": 294.917199999094
    }
  },
  "saveChanges": {
    "delta": {
      "min": -115.87560001015663,
      "max": -115.87560001015663,
      "average": -115.87560001015663
    },
    "v1.4.5": {
      "min": 182.21309998631477,
      "max": 182.21309998631477,
      "average": 182.21309998631477
    },
    "v1.4.4": {
      "min": 298.0886999964714,
      "max": 298.0886999964714,
      "average": 298.0886999964714
    }
  }
}