{
  "add": {
    "delta": {
      "min": 0.0007999837398529053,
      "max": -4.299799978733063,
      "average": -0.0009827872909605462
    },
    "v1.4.5": {
      "min": 0.030999988317489624,
      "max": 126.47360000014305,
      "average": 0.04653970262259245
    },
    "v1.4.4": {
      "min": 0.03020000457763672,
      "max": 130.7733999788761,
      "average": 0.047522489913553
    }
  },
  "bulkDocs": {
    "delta": {
      "min": -73.40090000629425,
      "max": 38.50579997897148,
      "average": -17.447550013661385
    },
    "v1.4.5": {
      "min": 721.3929000198841,
      "max": 7795.5167999863625,
      "average": 4258.454850003123
    },
    "v1.4.4": {
      "min": 794.7938000261784,
      "max": 7757.011000007391,
      "average": 4275.902400016785
    }
  },
  "saveChanges": {
    "delta": {
      "min": -84.39919999241829,
      "max": 39.32769998908043,
      "average": -22.53575000166893
    },
    "v1.4.5": {
      "min": 743.2389000058174,
      "max": 7884.236200004816,
      "average": 4313.737550005317
    },
    "v1.4.4": {
      "min": 827.6380999982357,
      "max": 7844.908500015736,
      "average": 4336.273300006986
    }
  },
  "optimize": {
    "delta": {
      "min": -1251.0027000010014,
      "max": -1251.0027000010014,
      "average": -1251.0027000010014
    },
    "v1.4.5": {
      "min": 23302.188400000334,
      "max": 23302.188400000334,
      "average": 23302.188400000334
    },
    "v1.4.4": {
      "min": 24553.191100001335,
      "max": 24553.191100001335,
      "average": 24553.191100001335
    }
  },
  "all": {
    "delta": {
      "min": -285.15279999375343,
      "max": -332.22999998927116,
      "average": -296.037524998188
    },
    "v1.4.5": {
      "min": 1810.2518000006676,
      "max": 2012.073500007391,
      "average": 1893.5864500030875
    },
    "v1.4.4": {
      "min": 2095.404599994421,
      "max": 2344.303499996662,
      "average": 2189.6239750012755
    }
  },
  "remove": {
    "delta": {
      "min": -6.1753000020980835,
      "max": -213.3101999759674,
      "average": -113.84752499312162
    },
    "v1.4.5": {
      "min": 150.82109999656677,
      "max": 1017.2711000144482,
      "average": 571.5551750063896
    },
    "v1.4.4": {
      "min": 156.99639999866486,
      "max": 1230.5812999904156,
      "average": 685.4026999995112
    }
  },
  "empty": {
    "delta": {
      "min": -338.4707000255585,
      "max": -498.51420000195503,
      "average": -409.9358999952674
    },
    "v1.4.5": {
      "min": 2163.019400000572,
      "max": 2827.5947999954224,
      "average": 2465.2130500003695
    },
    "v1.4.4": {
      "min": 2501.4901000261307,
      "max": 3326.1089999973774,
      "average": 2875.148949995637
    }
  }
}