{
  "add": {
    "delta": {
      "min": 0.001399993896484375,
      "max": -3.054500013589859,
      "average": 0.0007404993772506738
    },
    "v1.4.5": {
      "min": 0.03049999475479126,
      "max": 0.6141000092029572,
      "average": 0.046098999559879304
    },
    "v1.4.4": {
      "min": 0.029100000858306885,
      "max": 3.668600022792816,
      "average": 0.04535850018262863
    }
  },
  "bulkDocs": {
    "delta": {
      "min": 4.153400003910065,
      "max": 8.17969998717308,
      "average": 6.166549995541573
    },
    "v1.4.5": {
      "min": 16.72699999809265,
      "max": 124.06290000677109,
      "average": 70.39495000243187
    },
    "v1.4.4": {
      "min": 12.573599994182587,
      "max": 115.88320001959801,
      "average": 64.2284000068903
    }
  },
  "saveChanges": {
    "delta": {
      "min": 4.645500004291534,
      "max": 8.543500006198883,
      "average": 6.594500005245209
    },
    "v1.4.5": {
      "min": 18.058699995279312,
      "max": 125.94130000472069,
      "average": 72
    },
    "v1.4.4": {
      "min": 13.413199990987778,
      "max": 117.3977999985218,
      "average": 65.40549999475479
    }
  },
  "optimize": {
    "delta": {
      "min": 29.01680001616478,
      "max": 29.01680001616478,
      "average": 29.01680001616478
    },
    "v1.4.5": {
      "min": 574.681500017643,
      "max": 574.681500017643,
      "average": 574.681500017643
    },
    "v1.4.4": {
      "min": 545.6647000014782,
      "max": 545.6647000014782,
      "average": 545.6647000014782
    }
  }
}