{
  "add": {
    "delta": {
      "min": 0.10040000081062317,
      "max": 0.10040000081062317,
      "average": 0.10040000081062317
    },
    "v1.4.5": {
      "min": 0.37040001153945923,
      "max": 0.37040001153945923,
      "average": 0.37040001153945923
    },
    "v1.4.4": {
      "min": 0.27000001072883606,
      "max": 0.27000001072883606,
      "average": 0.27000001072883606
    }
  },
  "bulkDocs": {
    "delta": {
      "min": 1.6792000234127045,
      "max": 1.6792000234127045,
      "average": 1.6792000234127045
    },
    "v1.4.5": {
      "min": 11.136600017547607,
      "max": 11.136600017547607,
      "average": 11.136600017547607
    },
    "v1.4.4": {
      "min": 9.457399994134903,
      "max": 9.457399994134903,
      "average": 9.457399994134903
    }
  },
  "saveChanges": {
    "delta": {
      "min": 1.8332000374794006,
      "max": 1.8332000374794006,
      "average": 1.8332000374794006
    },
    "v1.4.5": {
      "min": 11.492800027132034,
      "max": 11.492800027132034,
      "average": 11.492800027132034
    },
    "v1.4.4": {
      "min": 9.659599989652634,
      "max": 9.659599989652634,
      "average": 9.659599989652634
    }
  }
}