{
  "add": {
    "delta": {
      "min": 0.0033999979496002197,
      "max": 0.0033999979496002197,
      "average": 0.0033999979496002197
    },
    "v1.4.5": {
      "min": 0.19020000100135803,
      "max": 0.19020000100135803,
      "average": 0.19020000100135803
    },
    "v1.4.4": {
      "min": 0.1868000030517578,
      "max": 0.1868000030517578,
      "average": 0.1868000030517578
    }
  },
  "bulkDocs": {
    "delta": {
      "min": 2.7277999818325043,
      "max": -0.8822000026702881,
      "average": 0.9227999895811081
    },
    "v1.4.5": {
      "min": 11.299299985170364,
      "max": 12.70780000090599,
      "average": 12.003549993038177
    },
    "v1.4.4": {
      "min": 8.57150000333786,
      "max": 13.590000003576279,
      "average": 11.08075000345707
    }
  },
  "saveChanges": {
    "delta": {
      "min": 2.7319999635219574,
      "max": -0.8005000054836273,
      "average": 0.965749979019165
    },
    "v1.4.5": {
      "min": 11.477099984884262,
      "max": 13.038399994373322,
      "average": 12.257749989628792
    },
    "v1.4.4": {
      "min": 8.745100021362305,
      "max": 13.838899999856949,
      "average": 11.292000010609627
    }
  },
  "remove": {
    "delta": {
      "min": -0.0028999745845794678,
      "max": -0.0028999745845794678,
      "average": -0.0028999745845794678
    },
    "v1.4.5": {
      "min": 0.2883000075817108,
      "max": 0.2883000075817108,
      "average": 0.2883000075817108
    },
    "v1.4.4": {
      "min": 0.2911999821662903,
      "max": 0.2911999821662903,
      "average": 0.2911999821662903
    }
  }
}