{
  "add": {
    "delta": {
      "min": -0.0011000335216522217,
      "max": 4.668599992990494,
      "average": -0.0013392003774642947
    },
    "v1.4.5": {
      "min": 0.02899998426437378,
      "max": 4.822499990463257,
      "average": 0.04025119936466217
    },
    "v1.4.4": {
      "min": 0.030100017786026,
      "max": 0.15389999747276306,
      "average": 0.041590399742126465
    }
  },
  "bulkDocs": {
    "delta": {
      "min": -16.804300040006638,
      "max": -16.804300040006638,
      "average": -16.804300040006638
    },
    "v1.4.5": {
      "min": 92.9651999771595,
      "max": 92.9651999771595,
      "average": 92.9651999771595
    },
    "v1.4.4": {
      "min": 109.76950001716614,
      "max": 109.76950001716614,
      "average": 109.76950001716614
    }
  },
  "saveChanges": {
    "delta": {
      "min": -20.899599999189377,
      "max": -20.899599999189377,
      "average": -20.899599999189377
    },
    "v1.4.5": {
      "min": 95.12299999594688,
      "max": 95.12299999594688,
      "average": 95.12299999594688
    },
    "v1.4.4": {
      "min": 116.02259999513626,
      "max": 116.02259999513626,
      "average": 116.02259999513626
    }
  },
  "optimize": {
    "delta": {
      "min": -159.56569999456406,
      "max": -159.56569999456406,
      "average": -159.56569999456406
    },
    "v1.4.5": {
      "min": 562.9356000125408,
      "max": 562.9356000125408,
      "average": 562.9356000125408
    },
    "v1.4.4": {
      "min": 722.5013000071049,
      "max": 722.5013000071049,
      "average": 722.5013000071049
    }
  },
  "all": {
    "delta": {
      "min": -1.5493000149726868,
      "max": -1.5493000149726868,
      "average": -1.5493000149726868
    },
    "v1.4.5": {
      "min": 79.61699998378754,
      "max": 79.61699998378754,
      "average": 79.61699998378754
    },
    "v1.4.4": {
      "min": 81.16629999876022,
      "max": 81.16629999876022,
      "average": 81.16629999876022
    }
  }
}