{
  "link": {
    "delta": {
      "min": -3.744500011205673,
      "max": -3.744500011205673,
      "average": -3.744500011205673
    },
    "v1.4.5": {
      "min": 23.36599999666214,
      "max": 23.36599999666214,
      "average": 23.36599999666214
    },
    "v1.4.4": {
      "min": 27.110500007867813,
      "max": 27.110500007867813,
      "average": 27.110500007867813
    }
  },
  "bulkDocs": {
    "delta": {
      "min": -1.6344000101089478,
      "max": -1.6344000101089478,
      "average": -1.6344000101089478
    },
    "v1.4.5": {
      "min": 16.448399990797043,
      "max": 16.448399990797043,
      "average": 16.448399990797043
    },
    "v1.4.4": {
      "min": 18.08280000090599,
      "max": 18.08280000090599,
      "average": 18.08280000090599
    }
  },
  "saveChanges": {
    "delta": {
      "min": -1.685299962759018,
      "max": -1.685299962759018,
      "average": -1.685299962759018
    },
    "v1.4.5": {
      "min": 16.779000014066696,
      "max": 16.779000014066696,
      "average": 16.779000014066696
    },
    "v1.4.4": {
      "min": 18.464299976825714,
      "max": 18.464299976825714,
      "average": 18.464299976825714
    }
  }
}