{
  "add": {
    "delta": {
      "min": -0.0017000138759613037,
      "max": -7.357499986886978,
      "average": -0.005962727455794813
    },
    "v1.4.5": {
      "min": 0.028499990701675415,
      "max": 182.6870000064373,
      "average": 0.044271114958077666
    },
    "v1.4.4": {
      "min": 0.03020000457763672,
      "max": 190.04449999332428,
      "average": 0.05023384241387248
    }
  },
  "bulkDocs": {
    "delta": {
      "min": -1151.6083999872208,
      "max": -1151.6083999872208,
      "average": -1151.6083999872208
    },
    "v1.4.5": {
      "min": 7583.142200022936,
      "max": 7583.142200022936,
      "average": 7583.142200022936
    },
    "v1.4.4": {
      "min": 8734.750600010157,
      "max": 8734.750600010157,
      "average": 8734.750600010157
    }
  },
  "saveChanges": {
    "delta": {
      "min": -1164.6822999715805,
      "max": -1164.6822999715805,
      "average": -1164.6822999715805
    },
    "v1.4.5": {
      "min": 7675.884200006723,
      "max": 7675.884200006723,
      "average": 7675.884200006723
    },
    "v1.4.4": {
      "min": 8840.566499978304,
      "max": 8840.566499978304,
      "average": 8840.566499978304
    }
  },
  "optimize": {
    "delta": {
      "min": -3424.017399996519,
      "max": -3424.017399996519,
      "average": -3424.017399996519
    },
    "v1.4.5": {
      "min": 23171.41019999981,
      "max": 23171.41019999981,
      "average": 23171.41019999981
    },
    "v1.4.4": {
      "min": 26595.42759999633,
      "max": 26595.42759999633,
      "average": 26595.42759999633
    }
  },
  "all": {
    "delta": {
      "min": 141.04730001091957,
      "max": 141.04730001091957,
      "average": 141.04730001091957
    },
    "v1.4.5": {
      "min": 2105.180200010538,
      "max": 2105.180200010538,
      "average": 2105.180200010538
    },
    "v1.4.4": {
      "min": 1964.1328999996185,
      "max": 1964.1328999996185,
      "average": 1964.1328999996185
    }
  }
}