{
  "add": {
    "delta": {
      "min": 0.001100003719329834,
      "max": -16.953500002622604,
      "average": -0.007570119863003488
    },
    "v1.4.5": {
      "min": 0.029799997806549072,
      "max": 144.60910001397133,
      "average": 0.046608097591996196
    },
    "v1.4.4": {
      "min": 0.02869999408721924,
      "max": 161.56260001659393,
      "average": 0.054178217454999684
    }
  },
  "bulkDocs": {
    "delta": {
      "min": -20.32090002298355,
      "max": -401.20460000634193,
      "average": -210.76275001466274
    },
    "v1.4.5": {
      "min": 924.8611999750137,
      "max": 7991.61700001359,
      "average": 4458.239099994302
    },
    "v1.4.4": {
      "min": 945.1820999979973,
      "max": 8392.821600019932,
      "average": 4669.0018500089645
    }
  },
  "saveChanges": {
    "delta": {
      "min": -132.5576000213623,
      "max": -404.06869998574257,
      "average": -268.31315000355244
    },
    "v1.4.5": {
      "min": 2111.6446000039577,
      "max": 8061.885900020599,
      "average": 5086.765250012279
    },
    "v1.4.4": {
      "min": 2244.20220002532,
      "max": 8465.954600006342,
      "average": 5355.078400015831
    }
  },
  "optimize": {
    "delta": {
      "min": -2524.162900030613,
      "max": -2524.162900030613,
      "average": -2524.162900030613
    },
    "v1.4.5": {
      "min": 22890.43869999051,
      "max": 22890.43869999051,
      "average": 22890.43869999051
    },
    "v1.4.4": {
      "min": 25414.601600021124,
      "max": 25414.601600021124,
      "average": 25414.601600021124
    }
  },
  "all": {
    "delta": {
      "min": -127.40510001778603,
      "max": -101.39399999380112,
      "average": -126.10450001060963
    },
    "v1.4.5": {
      "min": 1772.465499997139,
      "max": 2017.2274000048637,
      "average": 1868.9872499927878
    },
    "v1.4.4": {
      "min": 1899.870600014925,
      "max": 2118.621399998665,
      "average": 1995.0917500033975
    }
  },
  "remove": {
    "delta": {
      "min": 0.9141999781131744,
      "max": -6.497099965810776,
      "average": -2.8148499876260757
    },
    "v1.4.5": {
      "min": 37.299299985170364,
      "max": 172.19730001688004,
      "average": 105.87882500141859
    },
    "v1.4.4": {
      "min": 36.38510000705719,
      "max": 178.6943999826908,
      "average": 108.69367498904467
    }
  }
}