{
  "add": {
    "delta": {
      "min": -0.0006000101566314697,
      "max": -0.20869997143745422,
      "average": -0.0011953989863395659
    },
    "v1.4.5": {
      "min": 0.030299991369247437,
      "max": 0.19370001554489136,
      "average": 0.03635580089688301
    },
    "v1.4.4": {
      "min": 0.030900001525878906,
      "max": 0.4023999869823456,
      "average": 0.03755119988322258
    }
  },
  "bulkDocs": {
    "delta": {
      "min": -5.586900025606155,
      "max": -1.1437999904155731,
      "average": -3.3653500080108643
    },
    "v1.4.5": {
      "min": 14.227299988269806,
      "max": 97.08840000629425,
      "average": 55.65784999728203
    },
    "v1.4.4": {
      "min": 19.81420001387596,
      "max": 98.23219999670982,
      "average": 59.02320000529289
    }
  },
  "saveChanges": {
    "delta": {
      "min": -5.867900013923645,
      "max": -1.0604000389575958,
      "average": -3.4641500264406204
    },
    "v1.4.5": {
      "min": 15.030900001525879,
      "max": 99.11699998378754,
      "average": 57.07394999265671
    },
    "v1.4.4": {
      "min": 20.898800015449524,
      "max": 100.17740002274513,
      "average": 60.53810001909733
    }
  },
  "optimize": {
    "delta": {
      "min": -36.50629997253418,
      "max": -36.50629997253418,
      "average": -36.50629997253418
    },
    "v1.4.5": {
      "min": 575.1625000238419,
      "max": 575.1625000238419,
      "average": 575.1625000238419
    },
    "v1.4.4": {
      "min": 611.668799996376,
      "max": 611.668799996376,
      "average": 611.668799996376
    }
  },
  "all": {
    "delta": {
      "min": 4.136700004339218,
      "max": 4.136700004339218,
      "average": 4.136700004339218
    },
    "v1.4.5": {
      "min": 80.82350000739098,
      "max": 80.82350000739098,
      "average": 80.82350000739098
    },
    "v1.4.4": {
      "min": 76.68680000305176,
      "max": 76.68680000305176,
      "average": 76.68680000305176
    }
  },
  "remove": {
    "delta": {
      "min": 0.008399993181228638,
      "max": 0.008399993181228638,
      "average": 0.008399993181228638
    },
    "v1.4.5": {
      "min": 0.13159999251365662,
      "max": 0.13159999251365662,
      "average": 0.13159999251365662
    },
    "v1.4.4": {
      "min": 0.12319999933242798,
      "max": 0.12319999933242798,
      "average": 0.12319999933242798
    }
  }
}