{
  "add": {
    "delta": {
      "min": 0.0031000077724456787,
      "max": -0.560699999332428,
      "average": 0.004073499679565426
    },
    "v1.4.5": {
      "min": 0.05880001187324524,
      "max": 0.2897000014781952,
      "average": 0.08365920022130012
    },
    "v1.4.4": {
      "min": 0.05570000410079956,
      "max": 0.8504000008106232,
      "average": 0.0795857005417347
    }
  },
  "upsert": {
    "delta": {
      "min": 1.3631000220775604,
      "max": 12.576700001955032,
      "average": 0.8305207006037225
    },
    "v1.4.5": {
      "min": 11.558800011873245,
      "max": 38.33670002222061,
      "average": 14.711350699841976
    },
    "v1.4.4": {
      "min": 10.195699989795685,
      "max": 25.76000002026558,
      "average": 13.880829999238253
    }
  },
  "bulkDocs": {
    "delta": {
      "min": 3.9197999835014343,
      "max": 20.230199992656708,
      "average": 12.074999988079071
    },
    "v1.4.5": {
      "min": 16.329600006341934,
      "max": 117.38529998064041,
      "average": 66.85744999349117
    },
    "v1.4.4": {
      "min": 12.4098000228405,
      "max": 97.1550999879837,
      "average": 54.7824500054121
    }
  },
  "saveChanges": {
    "delta": {
      "min": 4.655499994754791,
      "max": 22.94249999523163,
      "average": 13.79899999499321
    },
    "v1.4.5": {
      "min": 17.8817999958992,
      "max": 122.43189999461174,
      "average": 70.15684999525547
    },
    "v1.4.4": {
      "min": 13.22630000114441,
      "max": 99.48939999938011,
      "average": 56.35785000026226
    }
  },
  "optimize": {
    "delta": {
      "min": 86.28600001335144,
      "max": 86.28600001335144,
      "average": 86.28600001335144
    },
    "v1.4.5": {
      "min": 773.4468000233173,
      "max": 773.4468000233173,
      "average": 773.4468000233173
    },
    "v1.4.4": {
      "min": 687.1608000099659,
      "max": 687.1608000099659,
      "average": 687.1608000099659
    }
  }
}