{
  "add": {
    "delta": {
      "min": -0.027899980545043945,
      "max": -0.027899980545043945,
      "average": -0.027899980545043945
    },
    "v1.4.5": {
      "min": 0.09130001068115234,
      "max": 0.09130001068115234,
      "average": 0.09130001068115234
    },
    "v1.4.4": {
      "min": 0.11919999122619629,
      "max": 0.11919999122619629,
      "average": 0.11919999122619629
    }
  },
  "upsert": {
    "delta": {
      "min": 1.0083999931812286,
      "max": 1.0083999931812286,
      "average": 1.0083999931812286
    },
    "v1.4.5": {
      "min": 12.639100015163422,
      "max": 12.639100015163422,
      "average": 12.639100015163422
    },
    "v1.4.4": {
      "min": 11.630700021982193,
      "max": 11.630700021982193,
      "average": 11.630700021982193
    }
  },
  "bulkDocs": {
    "delta": {
      "min": 0.9645999670028687,
      "max": 0.9645999670028687,
      "average": 0.9645999670028687
    },
    "v1.4.5": {
      "min": 13.845999985933304,
      "max": 13.845999985933304,
      "average": 13.845999985933304
    },
    "v1.4.4": {
      "min": 12.881400018930435,
      "max": 12.881400018930435,
      "average": 12.881400018930435
    }
  },
  "saveChanges": {
    "delta": {
      "min": 1.054999977350235,
      "max": 1.054999977350235,
      "average": 1.054999977350235
    },
    "v1.4.5": {
      "min": 14.132699996232986,
      "max": 14.132699996232986,
      "average": 14.132699996232986
    },
    "v1.4.4": {
      "min": 13.077700018882751,
      "max": 13.077700018882751,
      "average": 13.077700018882751
    }
  }
}