{
  "link": {
    "delta": {
      "min": -0.8849000036716461,
      "max": -0.8849000036716461,
      "average": -0.8849000036716461
    },
    "v1.4.5": {
      "min": 12.671200007200241,
      "max": 12.671200007200241,
      "average": 12.671200007200241
    },
    "v1.4.4": {
      "min": 13.556100010871887,
      "max": 13.556100010871887,
      "average": 13.556100010871887
    }
  },
  "bulkDocs": {
    "delta": {
      "min": -0.4521999955177307,
      "max": -0.4521999955177307,
      "average": -0.4521999955177307
    },
    "v1.4.5": {
      "min": 13.318599998950958,
      "max": 13.318599998950958,
      "average": 13.318599998950958
    },
    "v1.4.4": {
      "min": 13.770799994468689,
      "max": 13.770799994468689,
      "average": 13.770799994468689
    }
  },
  "saveChanges": {
    "delta": {
      "min": -0.4440000057220459,
      "max": -0.4440000057220459,
      "average": -0.4440000057220459
    },
    "v1.4.5": {
      "min": 13.62279999256134,
      "max": 13.62279999256134,
      "average": 13.62279999256134
    },
    "v1.4.4": {
      "min": 14.066799998283386,
      "max": 14.066799998283386,
      "average": 14.066799998283386
    }
  }
}