{
  "add": {
    "delta": {
      "min": -0.0003000199794769287,
      "max": -11.087000012397766,
      "average": -0.004973369958996769
    },
    "v1.4.5": {
      "min": 0.030099987983703613,
      "max": 137.9549999833107,
      "average": 0.04607476749792695
    },
    "v1.4.4": {
      "min": 0.030400007963180542,
      "max": 149.04199999570847,
      "average": 0.05104813745692372
    }
  },
  "bulkDocs": {
    "delta": {
      "min": -846.5891000330448,
      "max": -846.5891000330448,
      "average": -846.5891000330448
    },
    "v1.4.5": {
      "min": 7941.491599977016,
      "max": 7941.491599977016,
      "average": 7941.491599977016
    },
    "v1.4.4": {
      "min": 8788.080700010061,
      "max": 8788.080700010061,
      "average": 8788.080700010061
    }
  },
  "saveChanges": {
    "delta": {
      "min": -849.2394999861717,
      "max": -849.2394999861717,
      "average": -849.2394999861717
    },
    "v1.4.5": {
      "min": 8036.438300013542,
      "max": 8036.438300013542,
      "average": 8036.438300013542
    },
    "v1.4.4": {
      "min": 8885.677799999714,
      "max": 8885.677799999714,
      "average": 8885.677799999714
    }
  },
  "optimize": {
    "delta": {
      "min": -3551.9664999842644,
      "max": -3551.9664999842644,
      "average": -3551.9664999842644
    },
    "v1.4.5": {
      "min": 22871.044100016356,
      "max": 22871.044100016356,
      "average": 22871.044100016356
    },
    "v1.4.4": {
      "min": 26423.01060000062,
      "max": 26423.01060000062,
      "average": 26423.01060000062
    }
  },
  "all": {
    "delta": {
      "min": -178.14719998836517,
      "max": -178.14719998836517,
      "average": -178.14719998836517
    },
    "v1.4.5": {
      "min": 1911.3954000175,
      "max": 1911.3954000175,
      "average": 1911.3954000175
    },
    "v1.4.4": {
      "min": 2089.542600005865,
      "max": 2089.542600005865,
      "average": 2089.542600005865
    }
  },
  "get": {
    "delta": {
      "min": -122.86319997906685,
      "max": -122.86319997906685,
      "average": -122.86319997906685
    },
    "v1.4.5": {
      "min": 302.3138000071049,
      "max": 302.3138000071049,
      "average": 302.3138000071049
    },
    "v1.4.4": {
      "min": 425.1769999861717,
      "max": 425.1769999861717,
      "average": 425.1769999861717
    }
  }
}