{
  "add": {
    "delta": {
      "min": 0.0051999688148498535,
      "max": 32.0198999941349,
      "average": 0.003431419958919296
    },
    "v1.4.5": {
      "min": 0.054099977016448975,
      "max": 160.1085000038147,
      "average": 0.09531031741425396
    },
    "v1.4.4": {
      "min": 0.04890000820159912,
      "max": 128.0886000096798,
      "average": 0.09187889745533466
    }
  },
  "upsert": {
    "delta": {
      "min": 1.2126000225543976,
      "max": 6.14410001039505,
      "average": 0.3857688549987959
    },
    "v1.4.5": {
      "min": 11.15530002117157,
      "max": 173.8304000198841,
      "average": 14.658254952464997
    },
    "v1.4.4": {
      "min": 9.942699998617172,
      "max": 167.68630000948906,
      "average": 14.272486097466201
    }
  },
  "bulkDocs": {
    "delta": {
      "min": 2.993000030517578,
      "max": 787.6861000061035,
      "average": 395.33955001831055
    },
    "v1.4.5": {
      "min": 19.505300015211105,
      "max": 9060.838699996471,
      "average": 4540.172000005841
    },
    "v1.4.4": {
      "min": 16.512299984693527,
      "max": 8273.152599990368,
      "average": 4144.832449987531
    }
  },
  "saveChanges": {
    "delta": {
      "min": 0.3637000024318695,
      "max": 816.4469999969006,
      "average": 408.4053499996662
    },
    "v1.4.5": {
      "min": 44.47139999270439,
      "max": 9205.93900001049,
      "average": 4625.205200001597
    },
    "v1.4.4": {
      "min": 44.10769999027252,
      "max": 8389.49200001359,
      "average": 4216.799850001931
    }
  },
  "optimize": {
    "delta": {
      "min": 2415.78590002656,
      "max": 2415.78590002656,
      "average": 2415.78590002656
    },
    "v1.4.5": {
      "min": 26336.408800005913,
      "max": 26336.408800005913,
      "average": 26336.408800005913
    },
    "v1.4.4": {
      "min": 23920.622899979353,
      "max": 23920.622899979353,
      "average": 23920.622899979353
    }
  }
}