{
  "add": {
    "delta": {
      "min": 0.0015999972820281982,
      "max": -0.045700013637542725,
      "average": 0.0016526899129152353
    },
    "v1.4.5": {
      "min": 0.02619999647140503,
      "max": 7.750699996948242,
      "average": 0.04138650243356824
    },
    "v1.4.4": {
      "min": 0.02459999918937683,
      "max": 7.796400010585785,
      "average": 0.03973381252065301
    }
  },
  "bulkDocs": {
    "delta": {
      "min": 0.17969998717308044,
      "max": 944.6676999926567,
      "average": 472.4236999899149
    },
    "v1.4.5": {
      "min": 19.67179998755455,
      "max": 8979.234299987555,
      "average": 4499.453049987555
    },
    "v1.4.4": {
      "min": 19.49210000038147,
      "max": 8034.566599994898,
      "average": 4027.0293499976397
    }
  },
  "saveChanges": {
    "delta": {
      "min": -0.6547999680042267,
      "max": 967.3562000095844,
      "average": 483.3507000207901
    },
    "v1.4.5": {
      "min": 46.98680001497269,
      "max": 9097.953700006008,
      "average": 4572.47025001049
    },
    "v1.4.4": {
      "min": 47.64159998297691,
      "max": 8130.597499996424,
      "average": 4089.1195499897003
    }
  },
  "optimize": {
    "delta": {
      "min": 3329.97389999032,
      "max": 3329.97389999032,
      "average": 3329.97389999032
    },
    "v1.4.5": {
      "min": 26327.841899991035,
      "max": 26327.841899991035,
      "average": 26327.841899991035
    },
    "v1.4.4": {
      "min": 22997.868000000715,
      "max": 22997.868000000715,
      "average": 22997.868000000715
    }
  }
}