{
  "add": {
    "delta": {
      "min": -0.08239999413490295,
      "max": -0.08239999413490295,
      "average": -0.08239999413490295
    },
    "v1.4.5": {
      "min": 0.1341000199317932,
      "max": 0.1341000199317932,
      "average": 0.1341000199317932
    },
    "v1.4.4": {
      "min": 0.21650001406669617,
      "max": 0.21650001406669617,
      "average": 0.21650001406669617
    }
  },
  "bulkDocs": {
    "delta": {
      "min": 1.8535999953746796,
      "max": 1.1818000376224518,
      "average": 1.5177000164985657
    },
    "v1.4.5": {
      "min": 12.143500000238419,
      "max": 16.173600018024445,
      "average": 14.158550009131432
    },
    "v1.4.4": {
      "min": 10.289900004863739,
      "max": 14.991799980401993,
      "average": 12.640849992632866
    }
  },
  "saveChanges": {
    "delta": {
      "min": 5.850000023841858,
      "max": -4.292200028896332,
      "average": 0.7788999974727631
    },
    "v1.4.5": {
      "min": 17.318900018930435,
      "max": 26.496499985456467,
      "average": 21.90770000219345
    },
    "v1.4.4": {
      "min": 11.468899995088577,
      "max": 30.7887000143528,
      "average": 21.128800004720688
    }
  },
  "remove": {
    "delta": {
      "min": 0.002400010824203491,
      "max": 0.002400010824203491,
      "average": 0.002400010824203491
    },
    "v1.4.5": {
      "min": 0.21529999375343323,
      "max": 0.21529999375343323,
      "average": 0.21529999375343323
    },
    "v1.4.4": {
      "min": 0.21289998292922974,
      "max": 0.21289998292922974,
      "average": 0.21289998292922974
    }
  }
}