{
  "add": {
    "delta": {
      "min": 0.0003000199794769287,
      "max": 2.598000019788742,
      "average": -0.005156398743391036
    },
    "v1.4.5": {
      "min": 0.03229999542236328,
      "max": 3.146899998188019,
      "average": 0.04996320047974587
    },
    "v1.4.4": {
      "min": 0.03199997544288635,
      "max": 0.5488999783992767,
      "average": 0.0551195992231369
    }
  },
  "bulkDocs": {
    "delta": {
      "min": 14.568599998950958,
      "max": 14.568599998950958,
      "average": 14.568599998950958
    },
    "v1.4.5": {
      "min": 163.77099999785423,
      "max": 163.77099999785423,
      "average": 163.77099999785423
    },
    "v1.4.4": {
      "min": 149.20239999890327,
      "max": 149.20239999890327,
      "average": 149.20239999890327
    }
  },
  "saveChanges": {
    "delta": {
      "min": 14.510499984025955,
      "max": 14.510499984025955,
      "average": 14.510499984025955
    },
    "v1.4.5": {
      "min": 166.30809998512268,
      "max": 166.30809998512268,
      "average": 166.30809998512268
    },
    "v1.4.4": {
      "min": 151.79760000109673,
      "max": 151.79760000109673,
      "average": 151.79760000109673
    }
  },
  "optimize": {
    "delta": {
      "min": -78.42760002613068,
      "max": -78.42760002613068,
      "average": -78.42760002613068
    },
    "v1.4.5": {
      "min": 591.1272999942303,
      "max": 591.1272999942303,
      "average": 591.1272999942303
    },
    "v1.4.4": {
      "min": 669.554900020361,
      "max": 669.554900020361,
      "average": 669.554900020361
    }
  },
  "all": {
    "delta": {
      "min": -8.219199985265732,
      "max": -8.219199985265732,
      "average": -8.219199985265732
    },
    "v1.4.5": {
      "min": 77.21690002083778,
      "max": 77.21690002083778,
      "average": 77.21690002083778
    },
    "v1.4.4": {
      "min": 85.43610000610352,
      "max": 85.43610000610352,
      "average": 85.43610000610352
    }
  },
  "get": {
    "delta": {
      "min": -5.127000004053116,
      "max": -5.127000004053116,
      "average": -5.127000004053116
    },
    "v1.4.5": {
      "min": 22.739799976348877,
      "max": 22.739799976348877,
      "average": 22.739799976348877
    },
    "v1.4.4": {
      "min": 27.866799980401993,
      "max": 27.866799980401993,
      "average": 27.866799980401993
    }
  }
}