{
  "add": {
    "delta": {
      "min": -0.00020000338554382324,
      "max": -0.022600024938583374,
      "average": -0.0006488997936248755
    },
    "v1.4.5": {
      "min": 0.029100000858306885,
      "max": 0.12059998512268066,
      "average": 0.035014700025320054
    },
    "v1.4.4": {
      "min": 0.029300004243850708,
      "max": 0.14320001006126404,
      "average": 0.03566359981894493
    }
  },
  "bulkDocs": {
    "delta": {
      "min": 0.2953999936580658,
      "max": -4.822499990463257,
      "average": -2.2635499984025955
    },
    "v1.4.5": {
      "min": 15.02649998664856,
      "max": 97.33630001544952,
      "average": 56.18140000104904
    },
    "v1.4.4": {
      "min": 14.731099992990494,
      "max": 102.15880000591278,
      "average": 58.44494999945164
    }
  },
  "saveChanges": {
    "delta": {
      "min": 0.34200000762939453,
      "max": -4.702000021934509,
      "average": -2.1800000071525574
    },
    "v1.4.5": {
      "min": 15.610500007867813,
      "max": 98.93230000138283,
      "average": 57.27140000462532
    },
    "v1.4.4": {
      "min": 15.268500000238419,
      "max": 103.63430002331734,
      "average": 59.45140001177788
    }
  },
  "optimize": {
    "delta": {
      "min": -18.15489998459816,
      "max": -18.15489998459816,
      "average": -18.15489998459816
    },
    "v1.4.5": {
      "min": 594.3079999983311,
      "max": 594.3079999983311,
      "average": 594.3079999983311
    },
    "v1.4.4": {
      "min": 612.4628999829292,
      "max": 612.4628999829292,
      "average": 612.4628999829292
    }
  },
  "all": {
    "delta": {
      "min": 5.5871999859809875,
      "max": 5.5871999859809875,
      "average": 5.5871999859809875
    },
    "v1.4.5": {
      "min": 83.36429998278618,
      "max": 83.36429998278618,
      "average": 83.36429998278618
    },
    "v1.4.4": {
      "min": 77.77709999680519,
      "max": 77.77709999680519,
      "average": 77.77709999680519
    }
  }
}