{
  "add": {
    "min": 0.10469996929168701,
    "max": 0.10469996929168701,
    "average": 0.10469996929168701
  },
  "bulkDocs": {
    "min": 10.004299998283386,
    "max": 12.948899984359741,
    "average": 11.476599991321564,
    "times": [
      10.004299998283386,
      12.948899984359741
    ]
  },
  "saveChanges": {
    "min": 12.556500017642975,
    "max": 27.11489999294281,
    "average": 19.835700005292892,
    "times": [
      12.556500017642975,
      27.11489999294281
    ]
  },
  "remove": {
    "min": 0.2419000267982483,
    "max": 0.2419000267982483,
    "average": 0.2419000267982483
  }
}