{
  "add": {
    "min": 0.029799997806549072,
    "max": 10.576299965381622,
    "average": 1.611981115026772
  },
  "bulkDocs": {
    "min": 14.879799962043762,
    "max": 7457.866600036621,
    "average": 3736.3731999993324,
    "times": [
      7457.866600036621,
      14.879799962043762
    ]
  },
  "saveChanges": {
    "min": 43.50419998168945,
    "max": 7554.239099979401,
    "average": 3798.871649980545,
    "times": [
      7554.239099979401,
      43.50419998168945
    ]
  },
  "optimize": {
    "min": 22032.757000029087,
    "max": 22032.757000029087,
    "average": 22032.757000029087,
    "times": [
      22032.757000029087
    ]
  }
}