{
  "add": {
    "min": 0.15839999914169312,
    "max": 0.15839999914169312,
    "average": 0.15839999914169312
  },
  "bulkDocs": {
    "min": 9.75900000333786,
    "max": 13.487500011920929,
    "average": 11.623250007629395,
    "times": [
      9.75900000333786,
      13.487500011920929
    ]
  },
  "saveChanges": {
    "min": 11.903400003910065,
    "max": 13.714899957180023,
    "average": 12.809149980545044,
    "times": [
      11.903400003910065,
      13.714899957180023
    ]
  },
  "remove": {
    "min": 0.28939998149871826,
    "max": 0.28939998149871826,
    "average": 0.28939998149871826
  }
}