{
  "add": {
    "min": 0.03380000591278076,
    "max": 3.5185999870300293,
    "average": 0.06854109990596771
  },
  "bulkDocs": {
    "min": 94.90469998121262,
    "max": 94.90469998121262,
    "average": 94.90469998121262,
    "times": [
      94.90469998121262
    ]
  },
  "saveChanges": {
    "min": 96.22510004043579,
    "max": 96.22510004043579,
    "average": 96.22510004043579,
    "times": [
      96.22510004043579
    ]
  },
  "optimize": {
    "min": 563.4656999707222,
    "max": 563.4656999707222,
    "average": 563.4656999707222,
    "times": [
      563.4656999707222
    ]
  },
  "all": {
    "min": 78.0048999786377,
    "max": 78.0048999786377,
    "average": 78.0048999786377,
    "times": [
      78.0048999786377
    ]
  }
}