{
  "add": {
    "min": 0.03329998254776001,
    "max": 0.2671999931335449,
    "average": 0.06960970032215118
  },
  "bulkDocs": {
    "min": 14.091699957847595,
    "max": 99.94179999828339,
    "average": 57.01674997806549,
    "times": [
      99.94179999828339,
      14.091699957847595
    ]
  },
  "saveChanges": {
    "min": 14.641400039196014,
    "max": 102.0421000123024,
    "average": 58.34175002574921,
    "times": [
      102.0421000123024,
      14.641400039196014
    ]
  },
  "optimize": {
    "min": 585.1414999961853,
    "max": 585.1414999961853,
    "average": 585.1414999961853,
    "times": [
      585.1414999961853
    ]
  },
  "all": {
    "min": 78.11379998922348,
    "max": 78.11379998922348,
    "average": 78.11379998922348,
    "times": [
      78.11379998922348
    ]
  }
}