{
  "add": {
    "min": 0.03429996967315674,
    "max": 0.19530004262924194,
    "average": 0.06750329971313476
  },
  "bulkDocs": {
    "min": 108.52390003204346,
    "max": 108.52390003204346,
    "average": 108.52390003204346,
    "times": [
      108.52390003204346
    ]
  },
  "saveChanges": {
    "min": 110.08619999885559,
    "max": 110.08619999885559,
    "average": 110.08619999885559,
    "times": [
      110.08619999885559
    ]
  },
  "optimize": {
    "min": 699.3828000426292,
    "max": 699.3828000426292,
    "average": 699.3828000426292,
    "times": [
      699.3828000426292
    ]
  },
  "all": {
    "min": 73.11980003118515,
    "max": 73.11980003118515,
    "average": 73.11980003118515,
    "times": [
      73.11980003118515
    ]
  }
}