{
  "add": {
    "min": 0.03519999980926514,
    "max": 2.851799964904785,
    "average": 0.0699397008419037
  },
  "bulkDocs": {
    "min": 13.620800018310547,
    "max": 96.9122000336647,
    "average": 55.266500025987625,
    "times": [
      96.9122000336647,
      13.620800018310547
    ]
  },
  "saveChanges": {
    "min": 14.436800003051758,
    "max": 98.47339999675751,
    "average": 56.45509999990463,
    "times": [
      98.47339999675751,
      14.436800003051758
    ]
  },
  "optimize": {
    "min": 573.7786000370979,
    "max": 573.7786000370979,
    "average": 573.7786000370979,
    "times": [
      573.7786000370979
    ]
  },
  "all": {
    "min": 76.4718000292778,
    "max": 76.4718000292778,
    "average": 76.4718000292778,
    "times": [
      76.4718000292778
    ]
  },
  "remove": {
    "min": 0.116100013256073,
    "max": 0.116100013256073,
    "average": 0.116100013256073
  }
}