{
  "add": {
    "min": 0.03240001201629639,
    "max": 160.4235000014305,
    "average": 1.4892258525669575
  },
  "bulkDocs": {
    "min": 8644.411400020123,
    "max": 8644.411400020123,
    "average": 8644.411400020123,
    "times": [
      8644.411400020123
    ]
  },
  "saveChanges": {
    "min": 8740.590199947357,
    "max": 8740.590199947357,
    "average": 8740.590199947357,
    "times": [
      8740.590199947357
    ]
  },
  "optimize": {
    "min": 24198.06209999323,
    "max": 24198.06209999323,
    "average": 24198.06209999323,
    "times": [
      24198.06209999323
    ]
  },
  "all": {
    "min": 2035.1597999930382,
    "max": 2035.1597999930382,
    "average": 2035.1597999930382,
    "times": [
      2035.1597999930382
    ]
  }
}