{
  "add": {
    "min": 0.18240004777908325,
    "max": 0.18240004777908325,
    "average": 0.18240004777908325
  },
  "bulkDocs": {
    "min": 9.838500022888184,
    "max": 13.141799986362457,
    "average": 11.49015000462532,
    "times": [
      9.838500022888184,
      13.141799986362457
    ]
  },
  "saveChanges": {
    "min": 10.033900022506714,
    "max": 13.422100007534027,
    "average": 11.72800001502037,
    "times": [
      10.033900022506714,
      13.422100007534027
    ]
  },
  "first": {
    "min": 15.916700005531311,
    "max": 15.916700005531311,
    "average": 15.916700005531311,
    "times": [
      15.916700005531311
    ]
  }
}