{
  "add": {
    "min": 0.03359997272491455,
    "max": 145.36349999904633,
    "average": 1.2732509950622917
  },
  "bulkDocs": {
    "min": 756.4032999873161,
    "max": 7570.057399988174,
    "average": 4163.230349987745,
    "times": [
      7570.057399988174,
      756.4032999873161
    ]
  },
  "saveChanges": {
    "min": 814.3467000126839,
    "max": 7647.600600004196,
    "average": 4230.97365000844,
    "times": [
      7647.600600004196,
      814.3467000126839
    ]
  },
  "optimize": {
    "min": 22464.03219997883,
    "max": 22464.03219997883,
    "average": 22464.03219997883,
    "times": [
      22464.03219997883
    ]
  },
  "all": {
    "min": 1748.92199999094,
    "max": 1927.2019999623299,
    "average": 1835.7794749885798,
    "times": [
      1907.3949999809265,
      1748.92199999094,
      1927.2019999623299,
      1759.5989000201225
    ]
  }
}