{
  "add": {
    "min": 0.035899996757507324,
    "max": 159.00229996442795,
    "average": 1.4969687873765827
  },
  "bulkDocs": {
    "min": 8466.49840003252,
    "max": 8466.49840003252,
    "average": 8466.49840003252,
    "times": [
      8466.49840003252
    ]
  },
  "saveChanges": {
    "min": 8544.836299955845,
    "max": 8544.836299955845,
    "average": 8544.836299955845,
    "times": [
      8544.836299955845
    ]
  },
  "optimize": {
    "min": 24456.79589998722,
    "max": 24456.79589998722,
    "average": 24456.79589998722,
    "times": [
      24456.79589998722
    ]
  },
  "all": {
    "min": 1825.6607000231743,
    "max": 1825.6607000231743,
    "average": 1825.6607000231743,
    "times": [
      1825.6607000231743
    ]
  },
  "get": {
    "min": 304.91979998350143,
    "max": 304.91979998350143,
    "average": 304.91979998350143,
    "times": [
      304.91979998350143
    ]
  }
}