{
  "add": {
    "min": 0.034600019454956055,
    "max": 152.25089997053146,
    "average": 1.4044125127673148
  },
  "bulkDocs": {
    "min": 712.8043000102043,
    "max": 7863.017399966717,
    "average": 4287.9108499884605,
    "times": [
      7863.017399966717,
      712.8043000102043
    ]
  },
  "saveChanges": {
    "min": 1872.5753999948502,
    "max": 7945.532800018787,
    "average": 4909.054100006819,
    "times": [
      7945.532800018787,
      1872.5753999948502
    ]
  },
  "optimize": {
    "min": 22030.146799981594,
    "max": 22030.146799981594,
    "average": 22030.146799981594,
    "times": [
      22030.146799981594
    ]
  },
  "all": {
    "min": 1770.7095999717712,
    "max": 1895.7064999938011,
    "average": 1847.517399996519,
    "times": [
      1770.7095999717712,
      1894.2055000066757,
      1829.4480000138283,
      1895.7064999938011
    ]
  },
  "remove": {
    "min": 35.47130000591278,
    "max": 189.8404000401497,
    "average": 109.60287502408028
  }
}