{
  "bulkDocs": {
    "min": 8.389999985694885,
    "max": 8.389999985694885,
    "average": 8.389999985694885,
    "times": [
      8.389999985694885
    ]
  },
  "saveChanges": {
    "min": 15.498600006103516,
    "max": 15.498600006103516,
    "average": 15.498600006103516,
    "times": [
      15.498600006103516
    ]
  }
}