{
  "add": {
    "min": 0.0340999960899353,
    "max": 128.62049996852875,
    "average": 1.241298459854722
  },
  "bulkDocs": {
    "min": 723.8946999907494,
    "max": 7515.662999987602,
    "average": 4119.778849989176,
    "times": [
      7515.662999987602,
      723.8946999907494
    ]
  },
  "saveChanges": {
    "min": 747.4696000218391,
    "max": 7593.584500014782,
    "average": 4170.527050018311,
    "times": [
      7593.584500014782,
      747.4696000218391
    ]
  },
  "optimize": {
    "min": 21791.27699995041,
    "max": 21791.27699995041,
    "average": 21791.27699995041,
    "times": [
      21791.27699995041
    ]
  },
  "all": {
    "min": 1749.7883999943733,
    "max": 1878.0611000061035,
    "average": 1806.4726749956608,
    "times": [
      1749.7883999943733,
      1844.9632999897003,
      1753.077899992466,
      1878.0611000061035
    ]
  },
  "remove": {
    "min": 133.8189999461174,
    "max": 911.4764999747276,
    "average": 526.971499979496
  },
  "empty": {
    "min": 1883.7418999671936,
    "max": 2789.5993000268936,
    "average": 2333.5148999989033,
    "times": [
      1883.7418999671936,
      2230.9585000276566,
      2429.7598999738693,
      2789.5993000268936
    ]
  }
}