{
  "add": {
    "min": 0.03579998016357422,
    "max": 2.747600018978119,
    "average": 0.07200439983606338
  },
  "bulkDocs": {
    "min": 108.09790003299713,
    "max": 108.09790003299713,
    "average": 108.09790003299713,
    "times": [
      108.09790003299713
    ]
  },
  "saveChanges": {
    "min": 120.59719997644424,
    "max": 120.59719997644424,
    "average": 120.59719997644424,
    "times": [
      120.59719997644424
    ]
  },
  "optimize": {
    "min": 634.8537999987602,
    "max": 634.8537999987602,
    "average": 634.8537999987602,
    "times": [
      634.8537999987602
    ]
  },
  "all": {
    "min": 77.27369999885559,
    "max": 77.27369999885559,
    "average": 77.27369999885559,
    "times": [
      77.27369999885559
    ]
  },
  "get": {
    "min": 26.026600003242493,
    "max": 26.026600003242493,
    "average": 26.026600003242493,
    "times": [
      26.026600003242493
    ]
  }
}