{
  "add": {
    "min": 0.23420000076293945,
    "max": 0.23420000076293945,
    "average": 0.23420000076293945
  },
  "bulkDocs": {
    "min": 12.643400013446808,
    "max": 12.643400013446808,
    "average": 12.643400013446808,
    "times": [
      12.643400013446808
    ]
  },
  "saveChanges": {
    "min": 12.858399987220764,
    "max": 12.858399987220764,
    "average": 12.858399987220764,
    "times": [
      12.858399987220764
    ]
  }
}