{
  "add": {
    "min": 0.039200007915496826,
    "max": 3.055999994277954,
    "average": 0.07594830131530762
  },
  "bulkDocs": {
    "min": 14.320299983024597,
    "max": 97.65170001983643,
    "average": 55.98600000143051,
    "times": [
      97.65170001983643,
      14.320299983024597
    ]
  },
  "saveChanges": {
    "min": 14.936699986457825,
    "max": 100.64270001649857,
    "average": 57.789700001478195,
    "times": [
      100.64270001649857,
      14.936699986457825
    ]
  },
  "optimize": {
    "min": 535.0327000021935,
    "max": 535.0327000021935,
    "average": 535.0327000021935,
    "times": [
      535.0327000021935
    ]
  }
}