{
  "add": {
    "min": 0.03549998998641968,
    "max": 0.5406000018119812,
    "average": 0.06671890038251876
  },
  "bulkDocs": {
    "min": 13.591499984264374,
    "max": 91.68919998407364,
    "average": 52.640349984169006,
    "times": [
      91.68919998407364,
      13.591499984264374
    ]
  },
  "saveChanges": {
    "min": 29.750200033187866,
    "max": 93.23989999294281,
    "average": 61.49505001306534,
    "times": [
      93.23989999294281,
      29.750200033187866
    ]
  },
  "optimize": {
    "min": 585.8424000144005,
    "max": 585.8424000144005,
    "average": 585.8424000144005,
    "times": [
      585.8424000144005
    ]
  },
  "all": {
    "min": 75.45579999685287,
    "max": 75.45579999685287,
    "average": 75.45579999685287,
    "times": [
      75.45579999685287
    ]
  },
  "remove": {
    "min": 0.24819999933242798,
    "max": 0.24819999933242798,
    "average": 0.24819999933242798
  }
}