{
  "add": {
    "min": 0.029399991035461426,
    "max": 4.566000014543533,
    "average": 0.06615590059757233
  },
  "bulkDocs": {
    "min": 31.884399980306625,
    "max": 107.7771999835968,
    "average": 69.83079998195171
  },
  "saveChanges": {
    "min": 55.703599989414215,
    "max": 108.83930000662804,
    "average": 82.27144999802113
  },
  "createDocumentTypeIndex": {
    "min": 910.9602999985218,
    "max": 910.9602999985218,
    "average": 910.9602999985218
  },
  "all": {
    "min": 121.39509999752045,
    "max": 121.39509999752045,
    "average": 121.39509999752045
  },
  "remove": {
    "min": 0.5676999986171722,
    "max": 0.5676999986171722,
    "average": 0.5676999986171722
  }
}