{
  "add": {
    "min": 0.5965999960899353,
    "max": 0.5965999960899353,
    "average": 0.5965999960899353
  },
  "bulkDocs": {
    "min": 24.002499997615814,
    "max": 26.54100000858307,
    "average": 25.27175000309944
  },
  "saveChanges": {
    "min": 24.252599984407425,
    "max": 30.19200000166893,
    "average": 27.222299993038177
  },
  "first": {
    "min": 25.703099995851517,
    "max": 25.703099995851517,
    "average": 25.703099995851517
  }
}