{
  "add": {
    "min": 0.26649999618530273,
    "max": 0.26649999618530273,
    "average": 0.26649999618530273
  },
  "bulkDocs": {
    "min": 15.060400009155273,
    "max": 15.060400009155273,
    "average": 15.060400009155273
  },
  "saveChanges": {
    "min": 15.34469997882843,
    "max": 15.34469997882843,
    "average": 15.34469997882843
  }
}