{
  "add": {
    "min": 0.147599995136261,
    "max": 0.147599995136261,
    "average": 0.147599995136261
  },
  "bulkDocs": {
    "min": 17.99430000782013,
    "max": 21.454199999570847,
    "average": 19.724250003695488
  },
  "saveChanges": {
    "min": 18.226699978113174,
    "max": 21.824099987745285,
    "average": 20.02539998292923
  },
  "remove": {
    "min": 0.6787000000476837,
    "max": 0.6787000000476837,
    "average": 0.6787000000476837
  }
}