{
  "add": {
    "min": 0.03360000252723694,
    "max": 191.41439998149872,
    "average": 1.1306170324020088
  },
  "bulkDocs": {
    "min": 9638.70419999957,
    "max": 9638.70419999957,
    "average": 9638.70419999957
  },
  "saveChanges": {
    "min": 9714.561899989843,
    "max": 9714.561899989843,
    "average": 9714.561899989843
  },
  "createDocumentTypeIndex": {
    "min": 28201.835099995136,
    "max": 28201.835099995136,
    "average": 28201.835099995136
  },
  "all": {
    "min": 2262.9325000047684,
    "max": 2262.9325000047684,
    "average": 2262.9325000047684
  }
}