{
  "add": {
    "min": 0.029799997806549072,
    "max": 196.57240000367165,
    "average": 1.2528781323842704
  },
  "bulkDocs": {
    "min": 1125.524699985981,
    "max": 9192.507799983025,
    "average": 5159.016249984503
  },
  "saveChanges": {
    "min": 1151.9987999796867,
    "max": 9277.44089999795,
    "average": 5214.719849988818
  },
  "createDocumentTypeIndex": {
    "min": 29106.078299999237,
    "max": 29106.078299999237,
    "average": 29106.078299999237
  },
  "all": {
    "min": 2142.581600010395,
    "max": 2344.854400008917,
    "average": 2271.9423500075936
  }
}