{
  "add": {
    "min": 0.03749999403953552,
    "max": 4.29339998960495,
    "average": 0.06245059990882874
  },
  "bulkDocs": {
    "min": 121.26129999756813,
    "max": 121.26129999756813,
    "average": 121.26129999756813
  },
  "saveChanges": {
    "min": 122.75499999523163,
    "max": 122.75499999523163,
    "average": 122.75499999523163
  },
  "createDocumentTypeIndex": {
    "min": 780.810900002718,
    "max": 780.810900002718,
    "average": 780.810900002718
  },
  "all": {
    "min": 119.19690001010895,
    "max": 119.19690001010895,
    "average": 119.19690001010895
  }
}