{
  "add": {
    "min": 0.0307999849319458,
    "max": 0.35439997911453247,
    "average": 0.05889100006222725
  },
  "bulkDocs": {
    "min": 122.34039998054504,
    "max": 122.34039998054504,
    "average": 122.34039998054504
  },
  "saveChanges": {
    "min": 134.43930000066757,
    "max": 134.43930000066757,
    "average": 134.43930000066757
  },
  "createDocumentTypeIndex": {
    "min": 939.3919000029564,
    "max": 939.3919000029564,
    "average": 939.3919000029564
  },
  "all": {
    "min": 135.5861999988556,
    "max": 135.5861999988556,
    "average": 135.5861999988556
  },
  "get": {
    "min": 34.2703999876976,
    "max": 34.2703999876976,
    "average": 34.2703999876976
  }
}