{
  "add": {
    "min": 0.031199991703033447,
    "max": 5.75450000166893,
    "average": 0.06784490036964416
  },
  "bulkDocs": {
    "min": 123.99619999527931,
    "max": 123.99619999527931,
    "average": 123.99619999527931
  },
  "saveChanges": {
    "min": 125.1124999821186,
    "max": 125.1124999821186,
    "average": 125.1124999821186
  },
  "createDocumentTypeIndex": {
    "min": 780.6708999872208,
    "max": 780.6708999872208,
    "average": 780.6708999872208
  },
  "all": {
    "min": 110.35160002112389,
    "max": 110.35160002112389,
    "average": 110.35160002112389
  }
}