{
  "add": {
    "min": 0.031199991703033447,
    "max": 159.94400000572205,
    "average": 0.924474580077827
  },
  "bulkDocs": {
    "min": 9035.80600002408,
    "max": 9035.80600002408,
    "average": 9035.80600002408
  },
  "saveChanges": {
    "min": 9110.64249998331,
    "max": 9110.64249998331,
    "average": 9110.64249998331
  },
  "createDocumentTypeIndex": {
    "min": 27588.698699980974,
    "max": 27588.698699980974,
    "average": 27588.698699980974
  },
  "all": {
    "min": 2258.4275000095367,
    "max": 2258.4275000095367,
    "average": 2258.4275000095367
  },
  "get": {
    "min": 366.64809998869896,
    "max": 366.64809998869896,
    "average": 366.64809998869896
  }
}