{
  "add": {
    "min": 0.02959999442100525,
    "max": 11.491400003433228,
    "average": 1.2473052899830044
  },
  "bulkDocs": {
    "min": 31.0135999917984,
    "max": 8733.808899998665,
    "average": 4382.411249995232
  },
  "saveChanges": {
    "min": 50.60080000758171,
    "max": 8816.210500001907,
    "average": 4433.4056500047445
  },
  "createDocumentTypeIndex": {
    "min": 26788.40380001068,
    "max": 26788.40380001068,
    "average": 26788.40380001068
  }
}