{
  "add": {
    "min": 0.036799997091293335,
    "max": 0.5653000175952911,
    "average": 0.07204189965128899
  },
  "bulkDocs": {
    "min": 30.900700002908707,
    "max": 111.45749998092651,
    "average": 71.17909999191761
  },
  "saveChanges": {
    "min": 32.43869999051094,
    "max": 116.8551000058651,
    "average": 74.64689999818802
  },
  "createDocumentTypeIndex": {
    "min": 736.6418000161648,
    "max": 736.6418000161648,
    "average": 736.6418000161648
  }
}