{
  "add": {
    "min": 0.029499977827072144,
    "max": 137.2645999789238,
    "average": 0.9782633900932968
  },
  "bulkDocs": {
    "min": 1059.8939999938011,
    "max": 9625.726600021124,
    "average": 5342.8103000074625
  },
  "saveChanges": {
    "min": 6965.238100022078,
    "max": 9717.318699985743,
    "average": 8341.27840000391
  },
  "createDocumentTypeIndex": {
    "min": 29976.791300028563,
    "max": 29976.791300028563,
    "average": 29976.791300028563
  },
  "all": {
    "min": 2230.6978999972343,
    "max": 2431.6997000277042,
    "average": 2336.4422999992967
  },
  "remove": {
    "min": 79.75080001354218,
    "max": 570.8383000195026,
    "average": 321.2406000047922
  },
  "empty": {
    "min": 2310.707800000906,
    "max": 3002.6294000148773,
    "average": 2657.8063500076532
  }
}