{
  "attach": {
    "min": 25.24500000476837,
    "max": 25.24500000476837,
    "average": 25.24500000476837
  },
  "bulkDocs": {
    "min": 247.22159999608994,
    "max": 247.22159999608994,
    "average": 247.22159999608994
  },
  "saveChanges": {
    "min": 259.6215000152588,
    "max": 259.6215000152588,
    "average": 259.6215000152588
  }
}