{
  "add": {
    "min": 0.21070000529289246,
    "max": 0.21070000529289246,
    "average": 0.21070000529289246
  },
  "bulkDocs": {
    "min": 18.497299998998642,
    "max": 22.164700001478195,
    "average": 20.33100000023842
  },
  "saveChanges": {
    "min": 18.801499992609024,
    "max": 45.32089999318123,
    "average": 32.061199992895126
  },
  "remove": {
    "min": 0.6850999891757965,
    "max": 0.6850999891757965,
    "average": 0.6850999891757965
  }
}