{
  "add": {
    "min": 0.03240001201629639,
    "max": 0.240200012922287,
    "average": 0.05876199933886528
  },
  "bulkDocs": {
    "min": 24.84060001373291,
    "max": 115.38609999418259,
    "average": 70.11335000395775
  },
  "saveChanges": {
    "min": 25.38459998369217,
    "max": 117.27799999713898,
    "average": 71.33129999041557
  },
  "createDocumentTypeIndex": {
    "min": 811.0306999981403,
    "max": 811.0306999981403,
    "average": 811.0306999981403
  },
  "all": {
    "min": 103.29809999465942,
    "max": 103.29809999465942,
    "average": 103.29809999465942
  },
  "remove": {
    "min": 0.24300000071525574,
    "max": 0.24300000071525574,
    "average": 0.24300000071525574
  }
}