{
  "add": {
    "min": 0.03720000386238098,
    "max": 7.889299988746643,
    "average": 0.08997290024161339
  },
  "bulkDocs": {
    "min": 27.578999996185303,
    "max": 282.6714999973774,
    "average": 155.12524999678135
  },
  "saveChanges": {
    "min": 28.35539999604225,
    "max": 284.82259997725487,
    "average": 156.58899998664856
  },
  "createDocumentTypeIndex": {
    "min": 930.8811999857426,
    "max": 930.8811999857426,
    "average": 930.8811999857426
  },
  "all": {
    "min": 126.29330000281334,
    "max": 126.29330000281334,
    "average": 126.29330000281334
  }
}