{
  "add": {
    "min": 0.03200000524520874,
    "max": 172.13390001654625,
    "average": 1.1344220925047994
  },
  "bulkDocs": {
    "min": 1117.9997000098228,
    "max": 8910.395599991083,
    "average": 5014.197650000453
  },
  "saveChanges": {
    "min": 8243.788800001144,
    "max": 8978.436800003052,
    "average": 8611.112800002098
  },
  "createDocumentTypeIndex": {
    "min": 29080.50009998679,
    "max": 29080.50009998679,
    "average": 29080.50009998679
  },
  "all": {
    "min": 2094.4923999905586,
    "max": 2564.253300011158,
    "average": 2227.8612249940634
  },
  "remove": {
    "min": 22.655699998140335,
    "max": 45.44609999656677,
    "average": 34.34614998847246
  }
}