{
  "add": {
    "min": 0.05829998850822449,
    "max": 156.2389000058174,
    "average": 0.10549954008758068
  },
  "bulkDocs": {
    "min": 2.8660000264644623,
    "max": 1218.7700000107288,
    "average": 610.8184500038624
  },
  "reinitialize": {
    "min": 6.119900017976761,
    "max": 9386.447800010443,
    "average": 4696.28385001421
  },
  "saveChanges": {
    "min": 10979.411599993706,
    "max": 31639.606200009584,
    "average": 21309.508900001645
  },
  "createDocumentTypeIndex": {
    "min": 32447.231299996376,
    "max": 32447.231299996376,
    "average": 32447.231299996376
  },
  "all": {
    "min": 2404.9616999924183,
    "max": 2859.4996000230312,
    "average": 2648.9954750090837
  },
  "remove": {
    "min": 92.75600001215935,
    "max": 646.1757999956608,
    "average": 371.45545000582933
  },
  "empty": {
    "min": 2497.882299989462,
    "max": 3505.7242000102997,
    "average": 3020.5254249945283
  }
}