{
  "add": {
    "min": 0.7035000026226044,
    "max": 0.7035000026226044,
    "average": 0.7035000026226044
  },
  "bulkDocs": {
    "min": 0.6114000082015991,
    "max": 10.71849998831749,
    "average": 5.6569750010967255
  },
  "reinitialize": {
    "min": 0.18740001320838928,
    "max": 5.882400006055832,
    "average": 3.0349000096321106
  },
  "saveChanges": {
    "min": 4.2195999920368195,
    "max": 18.946100026369095,
    "average": 11.582850009202957
  },
  "remove": {
    "min": 0.22459998726844788,
    "max": 0.22459998726844788,
    "average": 0.22459998726844788
  }
}