{
  "add": {
    "min": 0.7102999985218048,
    "max": 0.7102999985218048,
    "average": 0.7102999985218048
  },
  "bulkDocs": {
    "min": 2.146899998188019,
    "max": 11.467699974775314,
    "average": 6.803324997425079
  },
  "reinitialize": {
    "min": 0.059300005435943604,
    "max": 0.11840000748634338,
    "average": 0.0888500064611435
  },
  "saveChanges": {
    "min": 2.4117999970912933,
    "max": 13.932199984788895,
    "average": 8.171999990940094
  },
  "remove": {
    "min": 0.5031000077724457,
    "max": 0.5031000077724457,
    "average": 0.5031000077724457
  }
}