{
  "add": {
    "min": 0.05949997901916504,
    "max": 11.717299997806549,
    "average": 0.12769389992952346
  },
  "bulkDocs": {
    "min": 3.17179998755455,
    "max": 8.357400000095367,
    "average": 5.763525001704693
  },
  "reinitialize": {
    "min": 0.18900001049041748,
    "max": 0.30169999599456787,
    "average": 0.24535000324249268
  },
  "saveChanges": {
    "min": 8.872000008821487,
    "max": 946.264300018549,
    "average": 477.5681500136852
  },
  "createDocumentTypeIndex": {
    "min": 880.9652000069618,
    "max": 880.9652000069618,
    "average": 880.9652000069618
  },
  "all": {
    "min": 80.91619998216629,
    "max": 80.91619998216629,
    "average": 80.91619998216629
  }
}