{
  "add": {
    "min": 0.3125,
    "max": 0.3125,
    "average": 0.3125
  },
  "bulkDocs": {
    "min": 10.358200013637543,
    "max": 10.381000012159348,
    "average": 10.369600012898445
  },
  "reinitialize": {
    "min": 0.09270000457763672,
    "max": 0.09270000457763672,
    "average": 0.09270000457763672
  },
  "saveChanges": {
    "min": 12.84630000591278,
    "max": 12.84630000591278,
    "average": 12.84630000591278
  }
}