{
  "add": {
    "min": 0.057400017976760864,
    "max": 6.167899996042252,
    "average": 0.10802000021934509
  },
  "bulkDocs": {
    "min": 2.027999997138977,
    "max": 2.7175999879837036,
    "average": 2.3721249997615814
  },
  "reinitialize": {
    "min": 0.2076999843120575,
    "max": 0.5503000020980835,
    "average": 0.3789999932050705
  },
  "saveChanges": {
    "min": 3.558100014925003,
    "max": 847.6429000198841,
    "average": 425.60050001740456
  },
  "createDocumentTypeIndex": {
    "min": 906.8300999999046,
    "max": 906.8300999999046,
    "average": 906.8300999999046
  },
  "all": {
    "min": 75.9902999997139,
    "max": 75.9902999997139,
    "average": 75.9902999997139
  },
  "remove": {
    "min": 0.13170000910758972,
    "max": 0.13170000910758972,
    "average": 0.13170000910758972
  }
}