{
  "add": {
    "min": 0.06039997935295105,
    "max": 6.618000000715256,
    "average": 0.08835269999504089
  },
  "bulkDocs": {
    "min": 3.288300007581711,
    "max": 3.2948000133037567,
    "average": 3.2915500104427338
  },
  "reinitialize": {
    "min": 0.10249999165534973,
    "max": 0.10249999165534973,
    "average": 0.10249999165534973
  },
  "saveChanges": {
    "min": 884.2383999824524,
    "max": 884.2383999824524,
    "average": 884.2383999824524
  },
  "createDocumentTypeIndex": {
    "min": 854.8738999962807,
    "max": 854.8738999962807,
    "average": 854.8738999962807
  },
  "all": {
    "min": 69.14500001072884,
    "max": 69.14500001072884,
    "average": 69.14500001072884
  }
}