{
  "add": {
    "min": 0.04719999432563782,
    "max": 6.856700003147125,
    "average": 0.09984260007739067
  },
  "bulkDocs": {
    "min": 0.44830000400543213,
    "max": 5.190400004386902,
    "average": 2.8181750029325485
  },
  "reinitialize": {
    "min": 0.13490000367164612,
    "max": 0.18559998273849487,
    "average": 0.1602499932050705
  },
  "saveChanges": {
    "min": 0.7474000155925751,
    "max": 843.9223000109196,
    "average": 422.3348500132561
  },
  "createDocumentTypeIndex": {
    "min": 797.0494000017643,
    "max": 797.0494000017643,
    "average": 797.0494000017643
  }
}