{
  "add": {
    "min": 0.05829998850822449,
    "max": 361.0401000082493,
    "average": 0.1180494500182569
  },
  "bulkDocs": {
    "min": 21.21570000052452,
    "max": 1085.7955999970436,
    "average": 553.503624998033
  },
  "reinitialize": {
    "min": 3.946600019931793,
    "max": 6.104699999094009,
    "average": 5.025650009512901
  },
  "saveChanges": {
    "min": 1995.6837000250816,
    "max": 34180.696400016546,
    "average": 18088.190050020814
  },
  "createDocumentTypeIndex": {
    "min": 32000.988100022078,
    "max": 32000.988100022078,
    "average": 32000.988100022078
  },
  "all": {
    "min": 2156.8497000038624,
    "max": 2476.9974000155926,
    "average": 2262.4025250077248
  }
}