{
  "add": {
    "min": 0.2766000032424927,
    "max": 0.2766000032424927,
    "average": 0.2766000032424927
  },
  "bulkDocs": {
    "min": 2.3908999860286713,
    "max": 14.478399991989136,
    "average": 8.436274990439415
  },
  "reinitialize": {
    "min": 0.06450000405311584,
    "max": 6.893999993801117,
    "average": 3.4792499989271164
  },
  "saveChanges": {
    "min": 2.739300012588501,
    "max": 23.301699995994568,
    "average": 13.020500004291534
  },
  "first": {
    "min": 5.954200029373169,
    "max": 5.954200029373169,
    "average": 5.954200029373169
  }
}