{
  "attach": {
    "min": 33.636500000953674,
    "max": 33.636500000953674,
    "average": 33.636500000953674
  },
  "bulkDocs": {
    "min": 313.38839998841286,
    "max": 313.4044000208378,
    "average": 313.3964000046253
  },
  "reinitialize": {
    "min": 0.5733000040054321,
    "max": 0.5733000040054321,
    "average": 0.5733000040054321
  },
  "saveChanges": {
    "min": 386.1510999798775,
    "max": 386.1510999798775,
    "average": 386.1510999798775
  }
}