{
  "add": {
    "min": 0.059899985790252686,
    "max": 167.14959999918938,
    "average": 0.10771836740374566
  },
  "bulkDocs": {
    "min": 13.029399991035461,
    "max": 13.041799992322922,
    "average": 13.035599991679192
  },
  "reinitialize": {
    "min": 4.181600004434586,
    "max": 4.181600004434586,
    "average": 4.181600004434586
  },
  "saveChanges": {
    "min": 34046.30799999833,
    "max": 34046.30799999833,
    "average": 34046.30799999833
  },
  "createDocumentTypeIndex": {
    "min": 32048.94470000267,
    "max": 32048.94470000267,
    "average": 32048.94470000267
  },
  "all": {
    "min": 2334.939600020647,
    "max": 2334.939600020647,
    "average": 2334.939600020647
  }
}