{
  "add": {
    "min": 0.023800000548362732,
    "max": 5.859499990940094,
    "average": 0.03766964366561983
  },
  "reinitialize": {
    "min": 2.6164000034332275,
    "max": 4.48089998960495,
    "average": 3.5486499965190887
  },
  "saveChanges": {
    "min": 60.3222000002861,
    "max": 2829.8680000007153,
    "average": 1445.0951000005007
  },
  "createDocumentTypeIndex": {
    "min": 11699.040299996734,
    "max": 11699.040299996734,
    "average": 11699.040299996734
  },
  "all": {
    "min": 998.8136000037193,
    "max": 1065.8302000015974,
    "average": 1032.3219000026584
  },
  "allDocs": {
    "min": 3698.5120000094175,
    "max": 3698.5120000094175,
    "average": 3698.5120000094175
  },
  "remove": {
    "min": 0.18479999899864197,
    "max": 0.32250000536441803,
    "average": 0.25365000218153
  }
}