{
  "add": {
    "min": 0.02359999716281891,
    "max": 9.327599987387657,
    "average": 0.03762452498617112
  },
  "reinitialize": {
    "min": 2.1788000017404556,
    "max": 4.301400005817413,
    "average": 3.2401000037789345
  },
  "saveChanges": {
    "min": 54.18649999797344,
    "max": 2883.541400000453,
    "average": 1468.8639499992132
  },
  "createDocumentTypeIndex": {
    "min": 11888.45000000298,
    "max": 11888.45000000298,
    "average": 11888.45000000298
  },
  "all": {
    "min": 962.922499999404,
    "max": 993.1949999928474,
    "average": 978.0587499961257
  },
  "allDocs": {
    "min": 3575.8317999988794,
    "max": 3575.8317999988794,
    "average": 3575.8317999988794
  },
  "remove": {
    "min": 0.19519999623298645,
    "max": 0.3570999950170517,
    "average": 0.2761499956250191
  }
}